,State,City,Location,2015 SO2 Minimum,2015 SO2 Maximum,2015 SO2 Annual Average,2015 NO2 Minimum,2015 NO2 Maximum,2015 NO2 Annual Average,2015 PM10 Minimum,2015 PM10 Maximum,2015 PM10 Annual Average,Is metropolitan city?,State Population 2011
0,Arunachal Pradesh,Itnagar,PPC's Office compound itanagar,2,13,4,5,17,7,30,171,91,No,1383727
1,Arunachal Pradesh,Naharlagun,"APSPCB, Office compound
Nharlagun",2,8,4,5,8,4.5,31,120,70,No,1383727
2,Andhra Pradesh,Chitoor,GNC Toll Gate Tirumala,4,6,5,9,43,14,11,79,65,No,49386799
3,Andhra Pradesh,Chitoor,"Near M/s.Nutrine
Confectionery, Palamaner Road",4,6,5,9,13,11,56,293,69,No,49386799
4,Andhra Pradesh,Guntur,"Near Hindu College, Market
Road",4,5,5,19,28,26,76,123,100,No,49386799
5,Andhra Pradesh,Kakinada,Office Building Ramanayyapeta,5,12,8,13,29,19,55,77,62,No,49386799
6,Andhra Pradesh,Anantapur,"Kamala Nagar, Anantapur",4,8,5,9,19,11,23,122,88,No,49386799
7,Andhra Pradesh,Kadapa,"Near ICL, Yerraguntla, YSR
Kadapa Dist",4,5,5,9,12,11,55,79,70,No,49386799
8,Andhra Pradesh,Rajahmundry,"Top of the Staff Clud Building,
Rajahmundry",5,11,7,11,50,18,48,77,62,No,49386799
9,Andhra Pradesh,Srikakulam,"SAMKRG Pistons Quarters
Bulding,IDA",6,25,10,12,41,22,38,180,73,No,49386799
10,Andhra Pradesh,Vizianagaram,"APIIC Building at IDA Bobbili
Growth",7,36,10,14,49,24,37,126,74,No,49386799
11,Andhra Pradesh,Kurnool,Mourya Inn,4,9,5,8,22,10,40,138,82,No,49386799
12,Andhra Pradesh,Nellore,"Venkatareddy nagar,
Vedayapalem",4,5,5,24,30,28,61,70,66,No,49386799
13,Andhra Pradesh,Eluru,At Ashram Diagnostic Centre,4,5,5,18,28,23,51,100,77,No,49386799
14,Andhra Pradesh,Tirupati,"Regional Science Centre,
Chittoor Bypass",4,5,5,9,25,11,53,76,62,No,49386799
15,Andhra Pradesh,Vijaywada,Benz Circle,4,6,5,21,58,38,81,141,106,No,49386799
16,Andhra Pradesh,Vijaywada,Autonagar,5,7,6,22,56,38,89,139,109,No,49386799
17,Andhra Pradesh,Vijaywada,Police Control Room,5,7,6,22,53,36,90,152,114,No,49386799
18,Andhra Pradesh,Vishakhapatnam,"Industrial Estate, Marripalem",4,23,8,9,39,16,17,153,59,No,49386799
19,Andhra Pradesh,Vishakhapatnam,"Panchayat Raj office, Mindi",4,28,8,9,52,16,20,192,61,No,49386799
20,Andhra Pradesh,Vishakhapatnam,Police Barracks,5,53,11,10,79,27,31,178,86,No,49386799
21,Andhra Pradesh,Vishakhapatnam,"INS-Virabahu, Naval Area",4,22,8,9,39,17,22,93,49,No,49386799
22,Andhra Pradesh,Vishakhapatnam,Seethammadhara,4,28,8,9,45,18,17,99,52,No,49386799
23,Andhra Pradesh,Vishakhapatnam,Ganapuram Area,4,54,11,10,60,25,26,144,73,No,49386799
24,Andhra Pradesh,Vishakhapatnam,"Pedagantyada, Gajuwada",5,38,8,9,35,16,18,118,52,No,49386799
25,Andhra Pradesh,Vishakhapatnam,"CWMP, RAMKY, Parawada",5,27,8,9,44,16,23,142,55,No,49386799
26,Andhra Pradesh,Prakasam,"Near Court Center, Ongole",4,5,5,24,32,29,46,70,67,No,49386799
27,Assam,Bongaigaon,"Oil India Ltd. PS-6, Chirang",5,12,7,11,19,13,18,85,47,No,31205576
28,Assam,Bongaigaon,Barpara Office Building,5,11,7,11,19,14,18,80,44,No,31205576
29,Assam,Daranga,"BATAD, Baska",2,9,6,6,19,12,19,203,69,No,31205576
30,Assam,Dibrugarh,Dibrugarh Office Building,5,13,7,11,29,15,22,218,109,No,31205576
31,Assam,Golaghat,Golaghat Office Building,5,12,7,11,18,14,60,208,124,No,31205576
32,Assam,Guwahati,"Head Office, Bamunimaidam",5,13,7,9,24,14,60,282,98,No,31205576
33,Assam,Guwahati,"Boragaon, IASST, Kamrup",5,12,8,10,23,14,54,231,91,No,31205576
34,Assam,Guwahati,"Guwahati University, Kamrup",3,11,7,9,28,15,46,240,94,No,31205576
35,Assam,Guwahati,"ITI Building, Gopinath Nagar",4,13,7,9,28,14,47,238,96,No,31205576
36,Assam,Guwahati,"Khanapara, Central Dairy,
Kamrup",3,13,7,9,27,15,54,358,112,No,31205576
37,Assam,Guwahati,"Near Pragjyotish College,
Santipur",3,14,7,9,25,14,54,241,93,No,31205576
38,Assam,Margherita,Coal India Office,4,14,7,11,25,15,54,201,115,No,31205576
39,Assam,Lakhimpur,"Bazar Patti, North Lakhimpur
Town",4,11,6,10,31,14,44,197,78,No,31205576
40,Assam,Nagaon,"Water Resources Div., Christian
Patty",6,13,8,12,23,15,56,240,137,No,31205576
41,Assam,Nalbari,PWD Rural Div Office Complex,2,11,6,11,23,15,58,237,120,No,31205576
42,Assam,Sibsagar,Sibasagar Office Building,4,14,6,10,20,13,33,127,60,No,31205576
43,Assam,Sibsagar,"Usha Lodge, near ONGCL Colony",4,9,6,9,20,13,44,154,81,No,31205576
44,Assam,Silchar,"Janiganj Govt. Boys HS School
campus",4,8,6,9,24,13,30,104,73,No,31205576
45,Assam,Silchar,"RLO, Ithkola Market, Ghaniwala
Road",3,10,6,8,22,13,47,104,71,No,31205576
46,Assam,Tezpur,Tezpur Office Building,5,12,7,11,20,14,21,203,90,No,31205576
47,Assam,Tinsukia,"Digboi Carbon factory Campus,
Borguri",3,11,7,10,21,14,52,209,114,No,31205576
48,Assam,Tinsukia,"Shreepuria, Borguri",4,11,7,11,24,15,51,222,124,No,31205576
49,Bihar,Patna,"Beltron Bhawan, Shastri Nagar",2,12,4,12,67,37,33,478,139,Yes,104099452
50,Bihar,Patna,"Gandhi Maidan, Auto Exhaust
Test Centre",2,13,4,11,67,44,49,681,268,Yes,104099452
51,Chandigarh,Chandigarh,"Modern Foods, Industrial Area",2,2,2,14,82,31,15,282,96,No,1055450
52,Chandigarh,Chandigarh,Sector-17 C,2,2,2,9,78,25,14,173,82,No,1055450
53,Chandigarh,Chandigarh,"Punjab Engineering College,
Sector- 12",2,2,2,11,72,24,31,232,77,No,1055450
54,Chandigarh,Chandigarh,"Sector-39, IMTECH",2,2,2,9,77,25,30,215,88,No,1055450
55,Chandigarh,Chandigarh,Kaimbwala Village,2,2,2,9,99,23,11,257,85,No,1055450
56,Chattisgarh,Bhillai,"Visak Hostel, Sector-4",9,12,10,19,30,22,80,163,93,No,25545198
57,Chattisgarh,Bhillai,"R.O., 5/32 Banglow Office
Building",4,7,5,13,18,15,57,81,71,No,25545198
58,Chattisgarh,Bhillai,M.P. Laghu Udyog Nigam,10,13,11,27,34,31,144,191,163,No,25545198
59,Chattisgarh,Bilaspur,"Regional Office, CECB Vyapar
Vihar",4,9,6,18,26,22,82,110,99,No,25545198
60,Chattisgarh,Korba,"HIG 21,22.Near Ghantaghar, MP
Extension",9,14,12,15,22,19,38,99,66,No,25545198
61,Chattisgarh,Korba,"Pragati Nagar NTPC Colony,
Jamnipali",9,15,11,11,21,17,85,196,150,No,25545198
62,Chattisgarh,Raipur,"New HIG-9, Hirapur",10,14,12,28,39,34,194,303,227,No,25545198
63,Chattisgarh,Raipur,"M/S Wool Worth India, Sarora",13,16,14,34,42,38,75,104,89,No,25545198
64,Dadra & Nagar Haveli,Silvassa,"Khadoli Industrial Area, Khadoli",11,22,16,21,34,27,65,94,83,No,343709
65,Daman & Diu,Daman,"Kadaiya Industrial Area, Kadaiya",9,22,14,19,34,25,18,386,149,No,243247
66,Delhi,Delhi,"N.Y. School, Sarojini Nagar, Delhi",2,46,7,18,208,89,59,638,199,No,16787941
67,Delhi,Delhi,Janakpuri,4,19,4,35,67,50,51,892,265,No,16787941
68,Delhi,Delhi,"Mayapuri Industrial Area, Delhi",2,46,9,23,224,99,121,428,225,No,16787941
69,Delhi,Delhi,Nizamuddin,4,13,4,37,71,44,98,590,241,No,16787941
70,Delhi,Delhi,Pritampura,4,21,5,28,77,37,66,581,252,No,16787941
71,Delhi,Delhi,Shahadra,4,14,4,39,87,54,104,450,261,No,16787941
72,Delhi,Delhi,Shahzada Bagh,4,5,4,37,85,56,50,595,189,No,16787941
73,Delhi,Delhi,Siri Fort,4,8,4,29,75,49,33,499,200,No,16787941
74,Delhi,Delhi,"Town Hall, Ayurvedic
Dispensary,",2,39,7,29,207,106,11,230,53,No,16787941
75,Goa,Panaji,"Old GSPCB premises, Patto",2,28,5,5,51,15,7,391,85,No,1458545
76,Goa,Marmagao,"Fire Brigade Station, Port Trust",2,29,6,5,49,9,10,242,51,No,1458545
77,Goa,Vasco,"Fuse Call Office, Mormugao",2,18,6,5,65,15,26,88,52,No,1458545
78,Goa,Curchorem,"Curchorem, Sanvordem,
Quepem",2,5,4,6,12,9,30,88,49,No,1458545
79,Goa,Codli,"Codli Tisk, Ponda",2,5,4,5,10,8,30,92,49,No,1458545
80,Goa,Honda,"Honda Junction, Sattari",2,6,4,5,10,9,30,89,54,No,1458545
81,Goa,Bicholim,Bicholim Taluk,2,5,4,5,12,9,30,96,62,No,1458545
82,Goa,Amona,"Amona, Bicholim",2,5,4,4.5,10,9,30,87,52,No,1458545
83,Goa,Assanora,"Assanora Junction, Bardez
Taluka",2,6,4,4.5,12,9,30,87,52,No,1458545
84,Goa,Usgao,"Usgao Plae, Junction, Ponda",2,5,4,5,11,9,30,94,59,No,1458545
85,Goa,Margao,Margao Town,2,5,4,5,12,9,30,87,54,No,1458545
86,Goa,Tilamol,"Quepem, Tilamol",2,15,4,5,12,9,11,142,60,No,1458545
87,Goa,Mapusa,Mapusa town,2,15,7,5,43,10,30,87,47,No,1458545
88,Goa,Sanguem,"Near Railway Station at Kalem,
Sanguem",2,5,4,5,11,9,30,98,55,No,1458545
89,Goa,cuncolim,cuncolim,2,5,4,5,11,9,30,87,51,No,1458545
90,Goa,Ponda,Ponda Town,2,5,4,5,10,9,30,95,60,No,1458545
91,Goa,Kundaim,Kundaim Industrial Estate,2,5,4,5,11,9,67,136,91,No,1458545
92,Gujarat,Ahmedabad,"Naroda, G.I.D.C., Ahmadabad",7,16,13,19,29,22,78,179,101,Yes,60439692
93,Gujarat,Ahmedabad,Cadilla Bridge Narol,7,15,13,18,37,22,70,112,93,Yes,60439692
94,Gujarat,Ahmedabad,"Bhagavathi Estate, Keval Kanta
Road, Rakhiyal",8,16,13,20,30,22,74,109,92,Yes,60439692
95,Gujarat,Ahmedabad,"Reliable Products, 61/62 Ilaben
Estate,",12,15,14,19,23,21,53,95,77,Yes,60439692
96,Gujarat,Ahmedabad,L.D. Engg. College,6,18,13,12,22,20,65,97,84,Yes,60439692
97,Gujarat,Ahmedabad,"Shardaben Hospital, Saraspur",11,15,13,18,22,20,63,180,86,Yes,60439692
98,Gujarat,Ahmedabad,"R.C. Technical High School,
Mirzapur",6,14,12,15,22,19,66,133,89,Yes,60439692
99,Gujarat,Ahmedabad,"Naroda, G.I.D.C.,Behrampur",12,21,14,19,29,22,79,95,87,Yes,60439692
100,Gujarat,Anklesvar,Rallis India Ltd.,13,16,15,19,23,21,78,99,89,No,60439692
101,Gujarat,Anklesvar,"Durga Traders, Bhavanafarm
Society",13,17,15,19,23,21,75,100,84,No,60439692
102,Gujarat,Jamnagar,Fisheries Office,11,15,13,18,22,20,74,106,87,No,60439692
103,Gujarat,Rajkot,"Nr. Sardhara Industrial
Corporation",11,15,13,17,22,20,58,92,80,No,60439692
104,Gujarat,Rajkot,GPCB Regional Offce,11,15,13,16,22,19,73,96,83,No,60439692
105,Gujarat,Surat,S.V.R. Engg. College,11,15,13,17,22,20,82,105,94,Yes,60439692
106,Gujarat,Surat,"B.R.C. High School, Udhna",13,16,14,17,22,21,76,101,88,Yes,60439692
107,Gujarat,Surat,Near Air India Office,12,15,14,17,22,20,65,95,77,Yes,60439692
108,Gujarat,Vadodara,"GPCB Office, Geri Vasahat",10,18,12,17,23,19,73,105,89,No,60439692
109,Gujarat,Vadodara,"Sterling Gelatin Guest House,
Vill-Karakhadi Padia",12,18,14,18,23,21,76,100,88,No,60439692
110,Gujarat,Vadodara,Dandia Bazaar,11,31,13,16,27,20,80,104,92,No,60439692
111,Gujarat,Vadodara,CETP Nandesari,12,22,15,18,23,21,75,105,90,No,60439692
112,Gujarat,Vapi,"GEB, IIIrd Phase, GIDC",12,15,14,18,23,21,74,98,85,No,60439692
113,Gujarat,Vapi,"Vapi Nagar Palika, Vapi",11,15,13,18,22,20,39,180,105,No,60439692
114,Haryana,Faridabad,"M/s Escorts Research
centre,Mathura Road",6,33,17,31,188,83,80,312,123,No,25351462
115,Haryana,Faridabad,Haryana RO SPCB Sector-16A,4,34,14,25,177,65,55,192,99,No,25351462
116,Himachal Pradesh,Baddi,"Industry Department Office
Building",2,2,2,17,29,24,13,361,83,No,6864602
117,Himachal Pradesh,Baddi,AHC barotiwala,2,2,2,13,22,18,16,258,75,No,6864602
118,Himachal Pradesh,Baddi,Housing Board,2,5,2,11,30,19,34,397,136,No,6864602
119,Himachal Pradesh,Damtal,Regional Office,2,2,2,5,36,12,104,237,161,No,6864602
120,Himachal Pradesh,Damtal,Old Road,2,2,2,5,61,17,33,123,76,No,6864602
121,Himachal Pradesh,Kala Amb,Kala Amb Industrial Area,2,4,3,12,17,14,33,229,89,No,6864602
122,Himachal Pradesh,Kala Amb,Kala Amb Town/Trilokpur,2,4,2,12,18,13,4,136,32,No,6864602
123,Himachal Pradesh,Nalagarh,Municipal Council,2,2,2,16,41,22,5,239,42,No,6864602
124,Himachal Pradesh,Dharamshala,Kotwali Bazar Dharamshala,2,2,2,5,29,10,18,209,57,No,6864602
125,Himachal Pradesh,Dharamshala,"Daari, Dharamshala",2,2,2,4.5,28,9,37,128,64,No,6864602
126,Himachal Pradesh,Parwanoo,"Regional Office, Sector- 4",2,2,2,6,39,12,41,227,89,No,6864602
127,Himachal Pradesh,Parwanoo,"Asst. Commissioner Building
Sector I",2,2,2,6,26,12,62,309,144,No,6864602
128,Himachal Pradesh,Paonta Sahib,Paonta Sahib,2,4,2,12,17,13,11,83,41,No,6864602
129,Himachal Pradesh,Paonta Sahib,Gondhpur Industrial Area,2,5,3,12,20,14,24,108,69,No,6864602
130,Himachal Pradesh,Shimla,Tekka Bench Ridge,2,10,3,5,18,10,61,101,78,No,6864602
131,Himachal Pradesh,Shimla,"Bus Stand, Winterfield",2,9,5,10,21,16,64,95,83,No,6864602
132,Himachal Pradesh,Una,"Regional Office, Una",2,2,2,5,9,6,8,231,75,No,6864602
133,Himachal Pradesh,Una,"DIC Building, Mehatpur, Una",2,3,2,5,9,6,29,213,91,No,6864602
134,Himachal Pradesh,Sunder Nagar,"HPSPCB, BBMB Colony, Mandi",2,4,2,5,24,9,17,114,56,No,6864602
135,Himachal Pradesh,Sunder Nagar,"Muncipal Council, NH-21, Mandi",2,5,2,5,33,14,7,118,37,No,6864602
136,Himachal Pradesh,Manali,"Nehru Park, Manali, District
Kullu",2,4,2,5,23,14,68,170,125,No,6864602
137,Himachal Pradesh,Manali,"HPSPCB, Hadimba Road, Manali,
Kullu",2,4,2,5,27,6,62,167,125,No,6864602
138,Jammu & Kashmir,Jammu,"Regional Office, Jammu",2,13,3,9,24,16,83,172,126,No,12541302
139,Jammu & Kashmir,Jammu,"M.A. Stadium, Jewel Chowk",2,8,3,7,23,16,56,85,74,No,12541302
140,Jammu & Kashmir,Jammu,Bari Brahamana Industrial Area,2,8,4,6,25,18,80,267,214,No,12541302
141,Jharkhand,Dhanbad,R.O. Dhanbad,10,17,12,34,41,37,87,243,216,No,32988134
142,Jharkhand,Dhanbad,"EMTI, Bastacola",11,16,13,34,41,37,86,171,135,No,32988134
143,Jharkhand,Dhanbad,"CGM Office, Kusunda",9,18,12,33,43,38,84,171,133,No,32988134
144,Jharkhand,Jamshedpur,Bistupur Vehical Testing Centre,28,39,34,36,57,44,192,244,231,No,32988134
145,Jharkhand,Jamshedpur,Golmuri Vehicle Testing Centre,30,41,36,40,51,45,182,273,220,No,32988134
146,Jharkhand,Jharia,M.A.D.A.,11,18,13,34,43,38,88,178,142,No,32988134
147,Jharkhand,Ranchi,"Albert Ekka Chowk, Main Road",17,22,19,32,39,36,59,86,75,No,32988134
148,Jharkhand,Saraikela Kharsawan,"RO Building, Adityapur",30,42,36,39,51,45,75,145,111,No,32988134
149,Jharkhand,Sindri,BIT / PDIL,10,15,12,34,42,37,27,461,180,No,32988134
150,Jharkhand,West Singhbhum,Barajamda U.M. Office,14,23,18,20,31,23,38,320,135,No,32988134
151,Karnataka,Bangalore,"Graphite India, White Field Road",2,7,5,10,61,23,29,293,124,No,61095297
152,Karnataka,Bangalore,"AMCO Batteries, Mysore Road",2,13,5,10,36,20,45,219,132,No,61095297
153,Karnataka,Bangalore,"KHB Industrial Area, Yelahanka",2,8,5,10,35,17,37,456,124,No,61095297
154,Karnataka,Bangalore,Peenya Industrial Area,2,13,5,11,36,20,24,327,128,No,61095297
155,Karnataka,Bangalore,Victoria hospital,2,7,5,4.5,63,23,40,102,68,No,61095297
156,Karnataka,Bangalore,Yeshwanthpura police station,2,7,5,8,48,22,51,71,58,No,61095297
157,Karnataka,Bangalore,"Jnanabharathi, Bangalore
University",6,21,11,12,34,21,29,144,64,No,61095297
158,Karnataka,Bangalore,"TERI office, Vital Medi
healthcare Pvt Ltd",4,7,6,10,14,12,17,326,95,No,61095297
159,Karnataka,Belgaum,Karnataka SPCB Office Building,2,3,2,8,50,15,22,34,25,No,61095297
160,Karnataka,Gulburga,Government Hospital,2,10,3,11,32,22,36,97,69,No,61095297
161,Karnataka,Hassan,KSRTC bus stand building,5,7,6,18,24,19,43,110,81,No,61095297
162,Karnataka,Hubli-Dharwad,"Lakkamanahalli Industrial Area,
Dharwad",4,7,6,14,42,22,26,93,42,No,61095297
163,Karnataka,Hubli-Dharwad,"Rani Chennamma Circle, Hubli",4,8,6,12,40,22,13,53,36,No,61095297
164,Karnataka,Mandya,"KSPCB Building, Bandigowda
Badarahe",5,13,10,16,25,22,26,158,57,No,61095297
165,Karnataka,Mangalore,Baikampady Industrial Area,3,13,7,4.5,11,7,25,69,39,No,61095297
166,Karnataka,Mysore,"K.R.Circle, Visvesvaraya Bldg",6,18,11,15,30,23,65,414,225,No,61095297
167,Karnataka,Mysore,KSPCB Bldg. Hebbal Ind. Area,5,14,10,16,59,22,10,86,47,No,61095297
168,Karnataka,Devanagere,"Mothi Theatre, Gandhi Circle,
P.B. Road",4,13,6,7,17,11,14,112,54,No,61095297
169,Karnataka,Devanagere,"HPF Intakewell, Kumarapattnam",2,6,4,5,25,7,38,137,92,No,61095297
170,Karnataka,Devanagere,"Regional Office building, KSPCB",2,6,3,5,10,5,41,316,99,No,61095297
171,Karnataka,Raichur,"KSPCB Office Premises, Raichur",3,9,6,7,17,10,12,93,47,No,61095297
172,Karnataka,Bijapur,"KSPCB Office Premises, Bijapur",2,5,2,5,43,16,7,161,36,No,61095297
173,Karnataka,Chitradurga,"KSPCB Office Premises,
Chitradurga",2,8,3,5,11,5,42,171,75,No,61095297
174,Karnataka,Shimaga,"The VISL, Oxygen Plant, Shimoga",2,6,3,4.5,10,6,52,67,59,No,61095297
175,Karnataka,Kolar,"KSPCB Office Premises, Kolar",5,8,6,12,19,15,19,284,134,No,61095297
176,Karnataka,Bidar,"KSPCB Office Premises, Bidar",6,7,6,11,15,13,14,69,43,No,61095297
177,Karnataka,Timukuru,KSPCB Office Premises,2,7,5,10,61,22,26,81,47,No,61095297
178,Kerala,Alappuzha,"District Office, Alissery Road",2,2,2,5,5,5,13,69,35,No,33406061
179,Kerala,Alappuzha,"DC Mills, Pathirappally",2,2,2,5,5,5,18,95,41,No,33406061
180,Kerala,Kochi,"Eloor I, FACT, Ambalamughal",2,2,2,5,71,21,7,97,25,Yes,33406061
181,Kerala,Kochi,Eloor II,2,2,2,5,67,21,10,273,53,Yes,33406061
182,Kerala,Kochi,Irumpanam,2,24,3,4.5,21,6,6,113,41,Yes,33406061
183,Kerala,Kochi,Ernakulum South,2,15,3,4.5,30,9,10,166,49,Yes,33406061
184,Kerala,Kochi,VYTTILA,2,43,3,4.5,29,9,9,153,44,Yes,33406061
185,Kerala,Kochi,MG Road Bank Ernakulum,2,48,3,4.5,28,6,17,79,47,Yes,33406061
186,Kerala,Kochi,KALAMASSERY / CSIR Complex,2,27,3,4.5,26,8,29,73,46,Yes,33406061
187,Kerala,Kollam,"KSPCB, District Office,
Kadappakada",3,6,4,5,14,10,27,140,60,No,33406061
188,Kerala,Kollam,KMML Chavara,3,8,6,6,14,10,25,120,60,No,33406061
189,Kerala,Kottayam,Kottayam,4,13,5,18,27,21,22,96,56,No,33406061
190,Kerala,Kottayam,Vadavathoor,5,7,5,18,25,21,14,119,41,No,33406061
191,Kerala,Kozhikode,Kozhikode City,2,2,2,12,39,24,17,113,44,Yes,33406061
192,Kerala,Kozhikode,Nallalam,2,2,2,10,29,18,23,80,47,Yes,33406061
193,Kerala,Malapuram,"Kakkanchery, Sijmak oils",2,2,2,8,22,14,22,27,25,No,33406061
194,Kerala,Palakkad,SEPR Refractories India Ltd.,2,2,2,5,22,8,14,92,48,No,33406061
195,Kerala,Pathanamthitta,"KSPCB, Makkamkunnu",2,2,2,12,15,14,20,62,37,No,33406061
196,Kerala,Thissur,"KSPCB, District Office,
Poonkunnam",2,2,2,4.5,17,8,48,61,55,No,33406061
197,Kerala,Wayanad,Sulthan Bathery,2,2,2,5,5,5,49,61,56,No,33406061
198,Kerala,Thiruvananthapuram,PRS Hospital/COSMO,7,9,8,22,30,26,48,66,55,No,33406061
199,Kerala,Thiruvananthapuram,SMV School,7,9,8,22,29,26,44,61,53,No,33406061
200,Kerala,Thiruvananthapuram,VELI / HiTech Chackai,16,22,17,18,29,25,66,459,177,No,33406061
201,Kerala,Thiruvananthapuram,PETTAH / Sasthamangalam,7,10,8,22,75,25,65,475,165,No,33406061
202,Madhya Pradesh,Bhopal,"Hamidia Road, MP Hastshilp
Vikas Nigam",2,4,2,5,30,13,23,347,89,No,72626809
203,Madhya Pradesh,Bhopal,C E T P Govindpura,2,8,2,5,39,14,61,344,148,No,72626809
204,Madhya Pradesh,Bhopal,"Nutan Subhash School, T.T.
Nagar",2,3,2,5,23,11,103,471,210,No,72626809
205,Madhya Pradesh,Bhopal,"Kolar Thana, Kolar Road, Bhopal",2,2,2,13,52,24,81,96,90,No,72626809
206,Madhya Pradesh,Bhopal,"AKVN Office, Industrial Area
Mandideep, Raisen.",5,13,8,26,72,50,83,98,92,No,72626809
207,Madhya Pradesh,Dewas,EID Perry (I) Limited,12,18,15,17,26,21,77,97,88,No,72626809
208,Madhya Pradesh,Dewas,Dewas Metal Section,5,18,15,18,27,21,93,200,120,No,72626809
209,Madhya Pradesh,Dewas,Vikas Nagar,12,17,15,17,52,21,101,219,130,No,72626809
210,Madhya Pradesh,Gwalior,Dindayal Nagar,8,15,10,10,31,13,50,187,100,No,72626809
211,Madhya Pradesh,Gwalior,Maharaj Bada,7,16,11,10,29,14,45,173,93,No,72626809
212,Madhya Pradesh,Indore,"M.P. Laghu Udyog, Pologround",9,12,11,17,22,20,56,202,98,Yes,72626809
213,Madhya Pradesh,Indore,"Kothari Market, M.G. Road",7,12,11,18,22,20,62,75,69,Yes,72626809
214,Madhya Pradesh,Indore,"Telephone Nagar, 26 A, Kanadia
Road",10,12,11,18,21,20,99,121,112,Yes,72626809
215,Madhya Pradesh,Jabalpur,Vijay Nagar,2,2,2,20,25,22,37,62,52,No,72626809
216,Madhya Pradesh,Jabalpur,Udaipur Beverage Racchai,14,18,16,32,37,35,39,102,54,No,72626809
217,Madhya Pradesh,Nagda,Chem. D. Labour Club,20,40,30,14,25,18,46,79,62,No,72626809
218,Madhya Pradesh,Nagda,B C I Labour Club,12,27,18,20,38,28,31,175,103,No,72626809
219,Madhya Pradesh,Nagda,Grasim Kalyan Kendra,7,20,14,14,33,22,72,400,163,No,72626809
220,Madhya Pradesh,Sagar,Pt.Deendayal Nagar,2,4,2,8,28,14,41,133,87,No,72626809
221,Madhya Pradesh,Singrauli,Jayant Township,11,17,13,5,8,7,95,98,96,No,72626809
222,Madhya Pradesh,Singrauli,"N.T.P.C., Vidyanagar",11,18,13,5,8,6,75,95,90,No,72626809
223,Madhya Pradesh,Singrauli,Waidhan,12,15,13,16,22,17,75,88,83,No,72626809
224,Madhya Pradesh,Ujjain,District Office,12,21,16,15,43,19,79,171,127,No,72626809
225,Madhya Pradesh,Ujjain,Regional Office,6,13,8,15,30,18,33,105,63,No,72626809
226,Madhya Pradesh,Ujjain,Mahakal Temple,8,17,13,14,23,17,43,125,84,No,72626809
227,Madhya Pradesh,Ujjain,Chamunda Mata Chouraha,12,19,15,8,13,10,44,143,99,No,72626809
228,Madhya Pradesh,Chhindwara,"HIG -33, Front of Geetanali",5,9,7,9,19,14,61,96,84,No,72626809
229,Madhya Pradesh,Chhindwara,"Hindustan Unileaver,
Narsinghpur Road,",7,10,8,13,23,16,69,103,86,No,72626809
230,Madhya Pradesh,Amlai,HJI,6,18,12,26,35,30,40,65,53,No,72626809
231,Madhya Pradesh,Amlai,OPM,12,20,18,29,37,32,50,92,75,No,72626809
232,Madhya Pradesh,Prithampur,"Vikas Bhavan, Sector-2",5,10,8,11,43,19,51,154,115,No,72626809
233,Madhya Pradesh,Prithampur,"RCC Over Head Tank No. 1,
Sector-3",6,10,8,17,30,28,68,156,124,No,72626809
234,Maharashtra,Dombivali/Ambernath,Dombivali MIDC Phase-II,10,44,21,14,21,18,62,189,106,No,112374333
235,Maharashtra,Dombivali/Ambernath,"Ambernath Municipal Council
Office",10,50,20,15,22,18,68,190,101,No,112374333
236,Maharashtra,Amravati,"Apurva Oil Industries, A-23,
MIDC",8,15,12,29,106,54,74,137,109,No,112374333
237,Maharashtra,Amravati,"Elect. Dept., Govt College
Engineering",7,14,11,30,106,52,51,97,75,No,112374333
238,Maharashtra,Amravati,"Rajkamal Square, Vaneeta Samaj",10,16,13,9,16,13,102,187,140,No,112374333
239,Maharashtra,Aurangabad,S.B.E.S. College,9,27,15,9,15,13,28,197,102,No,112374333
240,Maharashtra,Aurangabad,Collector Ofiice,7,17,11,11,18,14,26,153,73,No,112374333
241,Maharashtra,Aurangabad,"C.A.D.A. Ofiice, Garkheda",9,25,14,35,59,44,21,161,74,No,112374333
242,Maharashtra,Badlapur,BIWA Office,10,97,21,18,53,35,60,283,105,No,112374333
243,Maharashtra,Chandrapur,Grampanchat Ghughus,2,100,8,34,57,42,45,359,174,No,112374333
244,Maharashtra,Chandrapur,M.I.D.C. Chandrapur,2,40,7,28,163,55,6,198,70,No,112374333
245,Maharashtra,Chandrapur,Nagar Parishad,2,23,5,4.5,44,15,21,182,72,No,112374333
246,Maharashtra,Chandrapur,"Gadchandur Gram Panchayat,
Rajura",2,7,4,9,95,26,25,395,118,No,112374333
247,Maharashtra,Chandrapur,"MIDC, Tadali",2,14,4,4.5,71,20,15,253,55,No,112374333
248,Maharashtra,Chandrapur,"Muncipal Council, Ballarshah",2,13,4,4.5,31,14,36,274,124,No,112374333
249,Maharashtra,Jalgaon,B. J. Market,11,22,16,4.5,54,17,70,173,107,No,112374333
250,Maharashtra,Jalgaon,Girna water tank,9,19,14,8,88,26,63,151,103,No,112374333
251,Maharashtra,Jalgaon,MIDC Jalgaon,11,24,17,29,49,39,82,131,114,No,112374333
252,Maharashtra,Kolhapur,"University Campus, Shivaji
University",7,18,14,21,43,34,35,81,63,No,112374333
253,Maharashtra,Kolhapur,"Ruikar Trust, S.T. Stand",13,41,27,31,53,43,79,179,122,No,112374333
254,Maharashtra,Kolhapur,"Mahadwar Road, Near
Mahalaxmi Temple",10,36,22,11,38,23,61,158,108,No,112374333
255,Maharashtra,Latur,MIDC Water Works,4,13,5,25,74,51,17,170,78,No,112374333
256,Maharashtra,Latur,Kshewraj Vidyalaya Shyam nagar,4,14,5,16,67,40,17,246,84,No,112374333
257,Maharashtra,Latur,"Sidhheshwar Sahakari Bank
Ganjgolai",4,12,5,9,53,15,22,293,74,No,112374333
258,Maharashtra,Lote,MIDC Chalkewadi,11,13,11,10,36,14,116,220,164,No,112374333
259,Maharashtra,Lote,"Pump House, CETP",11,12,11,9,46,16,119,217,163,No,112374333
260,Maharashtra,Mumbai,"Parel TT, Ambedkar Road",2,12,4,11,12,11,20,660,113,Yes,112374333
261,Maharashtra,Mumbai,Worli,2,26,4,11,12,11,31,234,99,Yes,112374333
262,Maharashtra,Nagpur,Institution of Engineers,6,16,10,5,60,25,58,305,103,Yes,112374333
263,Maharashtra,Nagpur,"Govt. Polytechnic College, Sadar",7,17,11,5,68,25,51,188,98,Yes,112374333
264,Maharashtra,Nagpur,MIDC Office Hingana Road,7,16,10,18,60,33,51,246,120,Yes,112374333
265,Maharashtra,Nagpur,"MIDC Industrial Area, MIDC
Office, Hingna",2,155,15,18,67,35,3,486,90,Yes,112374333
266,Maharashtra,Nagpur,"Nagpur Coop Building,
Maskasath, Itwari",2,139,13,17,63,33,3,408,87,Yes,112374333
267,Maharashtra,Nagpur,"NEERI Lab, Nehru Marg,
Highway No. 7",2,8,3,5,82,16,27,247,79,Yes,112374333
268,Maharashtra,Nagpur,"MPCB Office Premises, Civil
Lines",6,15,9,5,69,16,36,144,55,Yes,112374333
269,Maharashtra,Nashik,R.T.O. Colony Tank,3,30,15,5,42,14,18,142,69,No,112374333
270,Maharashtra,Nashik,"VIP Industrial Area, MIDC
Satpura",3,29,15,16,63,29,24,276,77,No,112374333
271,Maharashtra,Nashik,"Nashik Municipal Council
Building",3,29,16,7,46,22,22,359,89,No,112374333
272,Maharashtra,Nashik,"MPCB Sub R.O. Udyog Bhawan,
Nashik",2,30,15,7,31,22,15,280,77,No,112374333
273,Maharashtra,Navi Mumbai,"T.B.I.A, Rabale Airoli, TTC",10,26,19,9,48,24,53,202,126,No,112374333
274,Maharashtra,Navi Mumbai,"Dr. D.Y. Patil College, Nerul, TTC",8,36,17,6,46,22,17,272,128,No,112374333
275,Maharashtra,Navi Mumbai,"MPCB Lab, Mhape, TTC",8,34,18,23,58,44,12,227,102,No,112374333
276,Maharashtra,Navi Mumbai,CIDCO Nodal Office Kharghar,7,27,17,15,80,40,16,189,108,No,112374333
277,Maharashtra,Navi Mumbai,"Water Pump House, Panvel,
Taloja",8,43,18,16,81,42,63,230,137,No,112374333
278,Maharashtra,Navi Mumbai,"MIDC Collom Facility Building,
Taloja",10,42,20,10,56,41,44,251,149,No,112374333
279,Maharashtra,Pune,"Maratha Chamber of commerce,
Bhosari",9,97,27,15,90,42,26,242,103,Yes,112374333
280,Maharashtra,Pune,"State Electricity Board BLDG
Nalstop",8,74,21,24,72,45,25,257,90,Yes,112374333
281,Maharashtra,Pune,Swargate Police Chawki,6,55,22,19,165,54,20,286,104,Yes,112374333
282,Maharashtra,Pimpri-Chinchwad,"Bank of Baroda Builing, Near",9,84,23,26,130,62,20,249,102,No,112374333
283,Maharashtra,Sangli,"Udyog bhavan / SRO, MPCB
Sangli",4,26,10,13,167,68,20,179,67,No,112374333
284,Maharashtra,Sangli,"Sangli- Miraj Primary school
Building",6,32,11,12,155,52,16,216,77,No,112374333
285,Maharashtra,Sangli,Krishna Valley School,7,26,12,12,76,38,21,200,87,No,112374333
286,Maharashtra,Solapur,WIT Campus,12,15,13,12,106,47,59,88,74,No,112374333
287,Maharashtra,Solapur,Voronoko School / Chitale Clinic,12,15,13,14,75,39,62,89,75,No,112374333
288,Maharashtra,Thane,"Maternity Hospital, Dhobighat,
Thane East",19,36,28,33,39,35,40,321,124,No,112374333
289,Maharashtra,Thane,"Shahu Market,Naupada, Thane
West",18,37,29,33,39,35,47,196,100,No,112374333
290,Maharashtra,Thane,"Kolshet and Balkum, Thane West",18,33,26,29,74,58,41,326,126,No,112374333
291,Maharashtra,Ulhasnagar,Smt. C. H. M. College Campus,10,54,20,40,74,60,59,190,99,No,112374333
292,Maharashtra,Ulhasnagar,"Octroi Naka, Pawai-Chowk,
Vithalwadi",11,47,23,40,68,56,67,190,115,No,112374333
293,Maharashtra,Jalna,"Bachat Bhawan, Near S P Office",5,26,12,27,106,52,48,406,118,No,112374333
294,Maharashtra,Jalna,"Krishidhan Seeds Ltd, MIDC Area",8,19,12,32,105,61,33,293,117,No,112374333
295,Maharashtra,Akola,"LRT Commerce College, Civil
Lines, Akola",5,7,6,19,40,30,102,120,112,No,112374333
296,Maharashtra,Akola,"MIDC Water Work, Phash-II,
MIDC Akola",6,13,8,22,40,31,118,147,128,No,112374333
297,Maharashtra,Akola,"College Of Engineering & Tech,
Akola",6,11,7,5,8,7,131,169,143,No,112374333
298,Maharashtra,Nanded,Ganesh Nagar,22,30,27,8,14,10,110,133,117,No,112374333
299,Maharashtra,Nanded,"Mutha Chowk, Vazirabad",36,43,38,6,12,8,157,187,168,No,112374333
300,Maharashtra,Nanded,"Industrial Area, MIDC, CIDCO",37,92,84,26,30,28,200,236,218,No,112374333
301,Meghalaya,Byrnihat,"EPIP, Ri-Bhoi district",14,60,25,28,36,32,19,170,122,No,2966889
302,Meghalaya,Dawki,"Terrace building,Jaintia Hills
District",2,4,2,31,91,86,14,44,36,No,2966889
303,Meghalaya,Umiam,Umiam Industrial Complex,2,2,2,8,20,13,12,124,84,No,2966889
304,Meghalaya,Tura,"PHED, Araimille, West Garo Hills
District",2,2,2,8,15,11,10,40,30,No,2966889
305,Meghalaya,Nongstoin,"Office Premises of E.E, PHED,
Nongstoin Division",2,2,2,7,18,13,13,46,26,No,2966889
306,Meghalaya,Shillong,"Boards Office Permises,
Lumpyngngad",2,2,2,5,5,5,3,42,32,No,2966889
307,Meghalaya,Shillong,State Tuberculosis Hospital,2,2,2,5,14,10,7,106,87,No,2966889
308,Meghalaya,khliehriat,"O/o BDO, C & R.D. Block-
Khliehriat",2,2,2,5,5,5,2.5,63,36,No,2966889
309,Mizoram,Aizawl,"Khatla, M.G-Road, Mizoram
SPCB",2,3,2,5,27,21,14,289,68,No,1097206
310,Mizoram,Aizawl,Laipuitlang,2,2,2,5,5,5,7,82,27,No,1097206
311,Mizoram,Aizawl,Bawngkawn,2,2,2,5,22,8,16,91,32,No,1097206
312,Mizoram,Aizawl,"Dawrpui Y.M.A, Building,
Dawrpui",2,2,2,5,5,5,9,263,58,No,1097206
313,Mizoram,Aizawl,"Lengpui Airport, Model Veng,
Lengpui",2,2,2,5,16,8,7,85,36,No,1097206
314,Mizoram,Lunglei,"Thangkhuma Building, Salem
Veng",2,4,2,5,38,16,5,259,36,No,1097206
315,Mizoram,Lunglei,"K.Lalliantluanga, Chanmari I,
Lunglei",2,7,2,5,10,5,13,90,49,No,1097206
316,Mizoram,Kolasib,"H. Lalthuama Building, Project
Veng",2,3,2,5,8,5,11,53,24,No,1097206
317,Mizoram,Kolasib,"Synod Bookroom, Building
Diakkawn",2,3,2,5,9,5,21,63,43,No,1097206
318,Mizoram,Champhai,"D.T.O Office Building, Kahrawt
veng",2,3,2,5,6,5,17,41,22,No,1097206
319,Mizoram,Champhai,"Lalzidinga building, Vengthlang",2,3,2,5,8,5,7,82,46,No,1097206
320,Nagaland,Dimapur,Bank Colony,2,2,2,5,5,5,18,307,105,No,1978502
321,Nagaland,Dimapur,Dhobinala,2,2,2,5,6,5,47,333,139,No,1978502
322,Nagaland,Kohima,Opposite NST Office,2,2,2,5,32,8,21,152,70,No,1978502
323,Nagaland,Kohima,Opposite War Cemetery,2,2,2,5,41,9,25,205,117,No,1978502
324,Orissa,Angul,Industrial Estate,7,18,11,5,5,5,52,187,101,No,41974218
325,Orissa,Angul,NALCO Township,8,14,10,5,5,5,50,159,104,No,41974218
326,Orissa,Balasore,Sahadevkhunta,2,4,2,19,30,25,62,119,81,No,41974218
327,Orissa,Balasore,DIC office,2,2,2,17,29,23,61,94,76,No,41974218
328,Orissa,Balasore,Rasalpur near Balgopalpur I/A,6,11,8,10,15,12,74,109,89,No,41974218
329,Orissa,Berhampur,Regional Office Orissa SPCB,2,2,2,10,13,11,18,116,54,No,41974218
330,Orissa,Puri,Sadar police station,2,11,2,11,15,13,36,223,93,No,41974218
331,Orissa,Puri,"TOWN POLICE STATION, PURI",2,10,2,13,23,18,34,219,94,No,41974218
332,Orissa,Bhubneshwar,Capital Police Station,2,19,2,11,32,18,32,328,83,No,41974218
333,Orissa,Bhubneshwar,IRC Village,2,18,2,11,25,17,24,590,68,No,41974218
334,Orissa,Bhubneshwar,Office Premises Bhubaneswar,2,18,2,13,34,19,27,511,92,No,41974218
335,Orissa,Bhubneshwar,"Patrapara, Khandagiri",2,8,2,12,38,17,35,329,80,No,41974218
336,Orissa,Bhubneshwar,Chandrashekharpur,2,2,2,12,26,18,23,156,82,No,41974218
337,Orissa,Cuttack,"Roof of Traffic Tower,
Badambadi",2,11,4,8,24,17,42,335,99,No,41974218
338,Orissa,Cuttack,P.H.D Office Barabati,2,4,2,10,22,15,55,99,74,No,41974218
339,Orissa,Cuttack,"R.O. Cuttack Office, Surya Vihar",2,6,3,28,44,33,44,236,69,No,41974218
340,Orissa,Rayagada,Regional Office Orissa SPCB,2,17,4,25,33,28,15,172,46,No,41974218
341,Orissa,Rayagada,"LPS High School, Jaykaypur",2,7,4,24,34,28,17,79,53,No,41974218
342,Orissa,Paradeep,On roof of PPT Staff Quarter,10,30,15,14,29,21,47,386,110,No,41974218
343,Orissa,Paradeep,On roof of PPL Gueest,9,37,15,13,26,22,53,306,98,No,41974218
344,Orissa,Paradeep,On roof of STP building IFFCO,10,26,15,12,28,14,60,289,115,No,41974218
345,Orissa,Rourkela,"Regional Office, ORPB",2,17,7,11,24,13,36,443,111,No,41974218
346,Orissa,Rourkela,"DISIR, Rajgangpur",6,19,13,11,24,12,25,220,117,No,41974218
347,Orissa,Rourkela,"IDL Police Out-post, Sonaparbat",5,16,6,5,24,13,60,94,72,No,41974218
348,Orissa,Sambalpur,"Filter Plant, PHD Office,
Modipara",4,5,4,9,26,14,67,91,77,No,41974218
349,Orissa,Talcher,Coal Field Area,7,12,10,8,20,11,57,193,138,No,41974218
350,Orissa,Talcher,T.T.P.S.Colony,8,13,10,14,20,17,36,208,133,No,41974218
351,Orissa,Konark,Konark Police Station,2,5,2,20,29,24,28,248,88,No,41974218
352,Orissa,Kalinga Nagar,"Over the Guest House of M/s
NINL",2,2,2,22,27,25,81,141,105,No,41974218
353,Orissa,Kalinga Nagar,Roof of RO OFFICE BUILDING,2,2,2,10,20,13,74,116,90,No,41974218
354,Orissa,Kalinga Nagar,"Roof of maintenance Office of
M/s NINL, Duburi",2,3,2,10,11,10,72,262,105,No,41974218
355,Punjab,Amritsar,R.O. Focal Point,11,16,13,10,11,10,61,390,185,No,27743338
356,Punjab,Amritsar,"A-1,Platers",12,16,13,9,14,10,69,289,185,No,27743338
357,Punjab,Amritsar,Rasulpur,6,8,7,34,43,38,14,156,73,No,27743338
358,Punjab,Bhatinda,"Bathinda Milk Producers,
Dabwali Road",4,9,9,35,42,38,70,158,158,No,27743338
359,Punjab,Dera Bassi,"Punjab Chem and Crop
Protection, Bhanakarpur Rd",4,8,5,9,18,13,49,145,99,No,27743338
360,Punjab,Dera Bassi,"Winsome Yarns Ltd., Barwala
Road",4,8,5,11,23,23,50,132,92,No,27743338
361,Punjab,Faridkot,Basti Himmatpura,4,5,5,10,31,16,46,146,90,No,27743338
362,Punjab,Pathankot/Dera Baba,C-PYTE Building,6,9,7,10,27,15,21,175,77,No,27743338
363,Punjab,Gobindgarh,"Modi Oil and General Mills,
Mandi",6,20,7,10,17,13,87,183,136,No,27743338
364,Punjab,Gobindgarh,"Raj Steel Rolling Mills, Mandi",5,7,6,9,17,13,73,205,118,No,27743338
365,Punjab,Gobindgarh,"United Rolling Mills, Mandi
Gobindgarh",5,9,7,28,47,36,81,188,134,No,27743338
366,Punjab,Jalandhar,"Municipal Council Tubewell No.
27",12,15,13,26,45,35,125,158,137,No,27743338
367,Punjab,Jalandhar,Regional Office,11,15,13,27,45,36,78,164,141,No,27743338
368,Punjab,Jalandhar,"Punjab Maltex , Kapurthala Road",12,22,14,24,27,25,122,343,162,No,27743338
369,Punjab,Jalandhar,Focal Point,11,22,14,23,29,25,108,337,165,No,27743338
370,Punjab,Khanna,"Markfed Vanaspati, Khanna",5,28,10,25,35,28,25,244,122,No,27743338
371,Punjab,Khanna,"AS School, Khanna",4,15,10,25,32,28,25,210,122,No,27743338
372,Punjab,Ludhiana,Bharat Nagar Chowk,7,16,10,15,32,22,28,222,100,No,27743338
373,Punjab,Ludhiana,"Nahar Spining Mlls, Dholewal
Chawk",7,25,14,10,31,21,38,351,170,No,27743338
374,Punjab,Ludhiana,"Ludhiana Coop. Milk Producer,
Ferozpur Rd",6,14,10,14,34,25,22,281,113,No,27743338
375,Punjab,Ludhiana,"PPCB Office Building,
Vishavkarma Chowk",5,15,10,15,37,29,50,341,172,No,27743338
376,Punjab,Naya Nangal,Punjab Alkalis & Chemicals Ltd,4,6,5,14,37,26,39,136,82,No,27743338
377,Punjab,Naya Nangal,"M/s NFL Guest House,Naya
Nangal",4,7,5,14,37,28,41,136,85,No,27743338
378,Punjab,Patiala,"Ceylon Industries, Factory Area,
Patiala",4,7,5,8,18,12,82,149,109,No,27743338
379,Punjab,Patiala,"Fire Brigade Station, Bahera
Road, Patiala",4,7,5,10,18,13,77,170,111,No,27743338
380,Punjab,Sangrur,Gurdwara Gangsar Sahib,4,5,5,12,20,14,63,165,100,No,27743338
381,Punjab,Hoshiarpur,Hoshiarpur,5,7,6,12,25,15,53,113,72,No,27743338
382,Puducherry,Karaikal,B.Ed College,4,16,9,10,16,13,15,65,29,No,1247953
383,Puducherry,Karaikal,Tourist home,8,27,15,12,15,13,17,100,38,No,1247953
384,Puducherry,Karaikal,PPCL,7,25,15,5,11,6,15,72,38,No,1247953
385,Puducherry,Puducherry,"DSTC Office Upstairs, AnnaNagar",4,11,6,5,20,11,18,61,38,No,1247953
386,Puducherry,Puducherry,"PIPDIC Ind. Estate
Mettupalayam",4,8,6,6,18,11,16,88,37,No,1247953
387,Puducherry,Puducherry,Chamber Of Commerce,4,6,5,8,16,12,13,44,29,No,1247953
388,Rajasthan,Alwar,"Rajasthan State Pollution
Control Board",6,14,9,11,17,13,45,322,170,No,68548437
389,Rajasthan,Alwar,Gaurav Solvex Ltd. MIA,5,15,10,9,28,11,97,328,201,No,68548437
390,Rajasthan,Alwar,"RIICO Pump House, MIA",6,20,10,16,47,25,46,320,168,No,68548437
391,Rajasthan,Jaipur,Ajmeri Gate,5,15,7,19,36,26,39,325,148,Yes,68548437
392,Rajasthan,Jaipur,"RJPB Office,Jhalana Doongari",5,9,7,19,35,26,24,233,111,Yes,68548437
393,Rajasthan,Jaipur,"District Education Officer,
Chandpole",5,12,7,22,57,36,44,411,178,Yes,68548437
394,Rajasthan,Jaipur,"RIICO Office, M.I.A.",4,10,7,19,49,34,26,330,115,Yes,68548437
395,Rajasthan,Jaipur,"RSPCB, Vidyadhar Nagar",5,16,8,20,64,37,43,428,225,Yes,68548437
396,Rajasthan,Jaipur,VKIA,5,13,7,14,54,32,39,624,251,Yes,68548437
397,Rajasthan,Jodhpur,"DIC Office, Industrial Estate",4,18,6,19,66,39,38,411,134,No,68548437
398,Rajasthan,Jodhpur,Sojati Gate,4,19,6,19,74,38,35,460,192,No,68548437
399,Rajasthan,Jodhpur,"Basni Industrial Area, RIICO
Office",4,26,7,12,53,24,40,324,131,No,68548437
400,Rajasthan,Jodhpur,Maha Mandir Police Thane,4,14,5,12,59,25,29,627,140,No,68548437
401,Rajasthan,Jodhpur,"Office of Housing Board,
Chopasani Road",4,15,6,11,43,23,43,504,161,No,68548437
402,Rajasthan,Jodhpur,Shastri Nagar Police Thana,4,14,6,10,55,23,30,531,151,No,68548437
403,Rajasthan,Kota,"Regional Office, RJPB, Anantpura",6,10,7,10,47,22,44,408,154,No,68548437
404,Rajasthan,Kota,Municipal Corporation Building,5,9,6,12,63,23,19,339,121,No,68548437
405,Rajasthan,Kota,Samcore Glass Ltd.,6,8,6,28,79,37,23,288,125,No,68548437
406,Rajasthan,Udaipur,Ambamata,5,9,6,26,52,32,12,258,113,No,68548437
407,Rajasthan,Udaipur,Town Hall,5,11,6,24,66,34,21,404,130,No,68548437
408,Rajasthan,Udaipur,"Regional Office,MIA",5,11,6,22,48,28,80,434,224,No,68548437
409,Tamilnadu,Chennai,"Kathivakkam, Municipal Kalyana
Mandapam",10,18,13,28,44,34,27,82,45,Yes,72147030
410,Tamilnadu,Chennai,"Govt. High School, Manali",9,19,13,33,41,36,25,66,42,Yes,72147030
411,Tamilnadu,Chennai,Thiruvottiyur,10,17,12,12,24,16,25,76,46,Yes,72147030
412,Tamilnadu,Chennai,Madras Medical College,2,25,4,11,23,17,6,90,28,Yes,72147030
413,Tamilnadu,Chennai,"NEERI, CSIR CampusTaramani",2,12,3,12,25,15,16,93,48,Yes,72147030
414,Tamilnadu,Chennai,Thiruvottiyur Municipal Office,2,40,7,5,59,19,12,99,29,Yes,72147030
415,Tamilnadu,Chennai,Adiyar,9,18,14,5,73,22,17,80,45,Yes,72147030
416,Tamilnadu,Chennai,Kilpauk,9,24,16,5,67,24,28,147,79,Yes,72147030
417,Tamilnadu,Chennai,Thiyagaraya Nagar,11,23,17,11,25,18,38,244,96,Yes,72147030
418,Tamilnadu,Chennai,Vallar Nagar,10,20,14,14,32,22,42,263,106,Yes,72147030
419,Tamilnadu,Chennai,Anna Nagar,10,20,15,17,37,25,31,246,84,Yes,72147030
420,Tamilnadu,Coimbatore,"Poniarajapuram, On the top of
DEL",2,5,3,13,33,20,18,123,47,Yes,72147030
421,Tamilnadu,Coimbatore,G.D.Matric Hr.Sec.School,2,9,4,13,37,21,18,88,42,Yes,72147030
422,Tamilnadu,Coimbatore,"SIDCO Office, Coimbatore/
Kurichi",2,8,5,16,32,23,24,87,52,Yes,72147030
423,Tamilnadu,Madurai,Highway (Project -I) Building,8,15,10,20,38,25,23,94,55,No,72147030
424,Tamilnadu,Madurai,Fenner (I) Ltd. Kochadai,9,21,14,20,52,27,30,128,60,No,72147030
425,Tamilnadu,Madurai,"Kunnathur Chatram Avvai Girls
HS School",9,23,15,13,36,22,36,169,78,No,72147030
426,Tamilnadu,Salem,Sowdeswari College Building,6,15,9,15,48,25,41,122,54,No,72147030
427,Tamilnadu,Tuticorin,"Fisheries College, Tuticorin
Sipcot",10,17,15,18,48,27,32,201,100,No,72147030
428,Tamilnadu,Tuticorin,Raja Agencies,13,18,16,15,36,28,30,289,108,No,72147030
429,Tamilnadu,Tuticorin,AVM Jewellery Building,7,12,9,12,25,20,25,140,66,No,72147030
430,Tamilnadu,Trichy,Gandhi Market,12,18,14,14,26,21,53,148,112,No,72147030
431,Tamilnadu,Trichy,Main Guard Gate,10,20,14,9,17,13,43,145,113,No,72147030
432,Tamilnadu,Trichy,Bishop Heber College,7,13,10,14,25,20,22,54,41,No,72147030
433,Tamilnadu,Trichy,Golden Rock,6,17,10,15,25,20,26,112,41,No,72147030
434,Tamilnadu,Trichy,Central Bus Stand,8,22,15,11,19,15,80,147,118,No,72147030
435,Tamilnadu,Mettur,Raman Nagar,5,11,7,9,20,15,17,88,45,No,72147030
436,Tamilnadu,Mettur,SIDCO,6,16,9,14,25,21,19,94,53,No,72147030
437,Tamilnadu,cuddalore,Eachangadu Village,5,14,11,16,45,22,33,114,68,No,72147030
438,Tamilnadu,cuddalore,SIPCOT (Project Office),6,13,9,19,49,27,25,68,40,No,72147030
439,Tamilnadu,cuddalore,"DEE Office, Cuddalore",5,16,10,12,25,21,29,90,63,No,72147030
440,Telangana,Hydrabad,"Tarnaka, NEERI Lab. IICT Campus",2,17,3,8,23,19,15,197,68,No,35193978
441,Telangana,Hydrabad,"Nacharam, Industrial Estate",2,19,3,6,27,21,12,197,63,No,35193978
442,Telangana,Hydrabad,ABIDS Circle General Post Office,2,7,3,5,32,13,26,202,79,No,35193978
443,Telangana,Hydrabad,Balanagar,2,6,5,5,36,14,39,316,111,No,35193978
444,Telangana,Hydrabad,"Uppal, Modern Foods &
Industries IDA",2,6,5,5,32,17,28,177,91,No,35193978
445,Telangana,Hydrabad,Jublee Hills,2,6,4,14,63,32,29,209,86,No,35193978
446,Telangana,Hydrabad,Paradise,2,7,5,12,51,27,59,223,114,No,35193978
447,Telangana,Hydrabad,Charminar,2,6,5,10,49,24,52,295,118,No,35193978
448,Telangana,Hydrabad,Zoo Park,4,6,5,11,61,27,37,137,81,No,35193978
449,Telangana,Hydrabad,"Jeedimetla Industrial Estate,
Rangareddy Distt.",2,6,5,15,68,30,38,256,123,No,35193978
450,Telangana,Karimnagar,"On the terrace of the DIC
building, Karimnagar",4,15,7,9,38,20,15,357,64,No,35193978
451,Telangana,Khammam,Jalasoudha building,4,7,5,13,55,29,35,183,58,No,35193978
452,Telangana,Khammam,"Station Name: CER Club
Khamam",4,7,5,8,31,15,37,95,62,No,35193978
453,Telangana,Nalgonda,"M/s. Srini Pharmaceuticals pvt.
Ltd.Choutuppal",5,14,7,9,27,12,58,108,82,No,35193978
454,Telangana,Nalgonda,AP PCB Nalgonda,4,9,6,9,29,12,49,111,70,No,35193978
455,Telangana,SANGAREDDY,"Administrative Building of M/s.
Mylan Industries.",5,8,6,15,61,26,42,115,74,No,35193978
456,Telangana,SANGAREDDY,"Regional office Building of
SANGAREDDY",4,10,5,17,35,24,41,120,66,No,35193978
457,Telangana,Kothur,Mehaboobnagar,4,19,9,14,29,23,25,255,106,No,35193978
458,Telangana,"RC Puram /
Patencheru","Police Station, Medak,
Ramachadrapuram",4,10,6,14,33,20,49,144,85,No,35193978
459,Telangana,Ramagundam,"Godavarikhani, Ramagundam,
Karimnagar",3,11,7,7,33,17,20,276,67,No,35193978
460,Telangana,Warangal,"KUDA Office, Hanumakonda",4,7,5,19,34,25,24,91,56,No,35193978
461,Telangana,Warangal,"Mee-Seva Building ,Municipal",2,7,5,6,34,15,20,93,60,No,35193978
462,Uttar Pradesh,Agra,"Regional Office, Bodla",5,12,7,7,19,12,41,381,167,No,199812341
463,Uttar Pradesh,Agra,Nunhai,7,13,10,4.5,19,12,51,558,225,No,199812341
464,Uttar Pradesh,Agra,Taj Mahal,2,8,2,9,18,12,18,501,165,No,199812341
465,Uttar Pradesh,Agra,DIC Nunhai,2,14,3,13,21,18,31,592,209,No,199812341
466,Uttar Pradesh,Agra,Etmad-uddaulah,2,9,2,5,65,15,36,446,180,No,199812341
467,Uttar Pradesh,Agra,Rambagh,2,12,3,5,85,34,35,395,168,No,199812341
468,Uttar Pradesh,Allahabad,"Square crossing circle of Laxmi
Talkies",2,14,4,5,81,25,104,348,270,No,199812341
469,Uttar Pradesh,Allahabad,Bharat Yantra Nigam Ltd,2,11,4,5,91,26,117,327,231,No,199812341
470,Uttar Pradesh,Allahabad,"Alopibagh/Sewage Pumping
Stations",2,4,2,6,68,29,210,326,258,No,199812341
471,Uttar Pradesh,Allahabad,Jhonstonganj/co-operative Bank,2,4,2,5,44,22,200,321,253,No,199812341
472,Uttar Pradesh,Allahabad,Rambagh/Parag Dairy,2,4,2,33,60,38,214,314,246,No,199812341
473,Uttar Pradesh,Anpara,"Anpara Colony, Sonabhadra",16,19,18,33,76,39,91,153,133,No,199812341
474,Uttar Pradesh,Anpara,"Renusagar Colony, Sonabhadra",14,19,18,32,72,38,80,538,140,No,199812341
475,Uttar Pradesh,Bareily,IVRI Izatnaga,7,15,11,22,32,27,169,279,209,No,199812341
476,Uttar Pradesh,Bareily,"Indian oetrol pump, Civil Line",9,16,13,20,31,27,216,348,272,No,199812341
477,Uttar Pradesh,Firozabad,"Center for Development of Glass
Industry",7,11,9,18,26,21,99,305,192,No,199812341
478,Uttar Pradesh,Firozabad,Tilak Nagar,7,12,9,19,31,24,95,324,197,No,199812341
479,Uttar Pradesh,Firozabad,Raza ka Tal,6,12,9,23,40,29,96,298,195,No,199812341
480,Uttar Pradesh,Gajraula,"Raunaq Auto Ltd, J.P. Nagar",5,29,14,24,42,30,43,246,169,No,199812341
481,Uttar Pradesh,Gajraula,"Indira Chowk, J.P. Nagar",5,41,18,21,39,29,47,261,185,No,199812341
482,Uttar Pradesh,Ghaziabad,"Atlas Cycles Industries,
Sahibabad Ind. area",11,30,24,11,44,27,57,414,270,Yes,199812341
483,Uttar Pradesh,Ghaziabad,"Bulandshaar Road Industrial
Area",11,26,22,12,56,34,51,380,249,Yes,199812341
484,Uttar Pradesh,Jhansi,Manik Chawk / Jal chauraha,7,29,8,17,47,38,96,333,130,No,199812341
485,Uttar Pradesh,Jhansi,Veeranga Nagar,5,27,7,20,43,36,75,291,108,No,199812341
486,Uttar Pradesh,Kanpur,"Forest & Training Centre, Kidwai
Nagar",5,8,7,17,43,23,138,251,201,Yes,199812341
487,Uttar Pradesh,Kanpur,"Chamber Of Commerce
Darshanpurwa/",5,8,7,15,35,21,134,263,204,Yes,199812341
488,Uttar Pradesh,Kanpur,"Associated Chem Pvt Ltd,
Fazalganj,",6,9,8,33,56,48,185,250,217,Yes,199812341
489,Uttar Pradesh,Kanpur,Dabauli / Shastri NGR,5,8,7,20,52,39,114,260,203,Yes,199812341
490,Uttar Pradesh,Kanpur,Jajmau / Awas Vikas,5,8,7,29,50,41,143,270,202,Yes,199812341
491,Uttar Pradesh,Kanpur,"I.I.T. Campus, Kanpur",2,3,2,20,54,36,11,433,118,Yes,199812341
492,Uttar Pradesh,Kanpur,"Dada Nagar, Kanpur",2,25,8,22,51,38,50,465,192,Yes,199812341
493,Uttar Pradesh,Kanpur,"Ramadevi, Kanpur",2,13,4,5,28,17,51,521,234,Yes,199812341
494,Uttar Pradesh,Khurja,"Central Glass & Ceramic
Research Institute",21,30,23,13,64,34,169,197,182,No,199812341
495,Uttar Pradesh,Khurja,Ahirpara,20,29,23,11,61,33,139,171,152,No,199812341
496,Uttar Pradesh,Lucknow,Mahanagar,7,14,8,21,31,23,129,248,159,Yes,199812341
497,Uttar Pradesh,Lucknow,"Chandganj Garden, Aliganj",7,12,8,20,28,23,139,217,166,Yes,199812341
498,Uttar Pradesh,Lucknow,"Kapoor Hotel, Hazratganj",7,15,8,24,40,27,141,255,168,Yes,199812341
499,Uttar Pradesh,Lucknow,Talkatora,7,14,8,23,38,27,150,268,179,Yes,199812341
500,Uttar Pradesh,Lucknow,Aminabad / S.M.K Chowk,7,13,8,24,42,28,140,222,171,Yes,199812341
501,Uttar Pradesh,Moradabad,"Hindu College, Station Road",5,29,16,25,46,29,60,319,195,No,199812341
502,Uttar Pradesh,Moradabad,"Central Police Hospital, Civil
Lines",5,19,10,25,44,28,51,217,142,No,199812341
503,Uttar Pradesh,Noida,"UP PPCB, E-12/1, Sector - 1",6,12,8,12,56,31,88,290,147,No,199812341
504,Uttar Pradesh,Noida,"Gee-Pee Electroplating and Eng.
Work",7,12,9,11,39,22,130,299,160,No,199812341
505,Uttar Pradesh,Varanasi,"Regional Office, Jawahar Nagar",18,20,19,20,37,28,117,165,144,No,199812341
506,Uttar Pradesh,Varanasi,Sigra,18,21,19,20,38,29,133,157,146,No,199812341
507,Uttar Pradesh,Unnao,"H. No. 5, Krishna Nagar, Unnao",8,10,9,31,35,33,87,101,93,No,199812341
508,Uttar Pradesh,Unnao,"IIA Building, Industrial Area, Site
10, Unnao",29,33,31,28,35,33,133,156,146,No,199812341
509,Uttar Pradesh,Raebareli,"Town Hall Colony, Ahmad Nagar,
Gulab Road",7,10,9,25,30,27,136,150,144,No,199812341
510,Uttar Pradesh,Raebareli,"Khoya mandi Tiraha Lucknow
Road Raebareli",12,16,14,29,33,31,155,174,164,No,199812341
511,Uttar Pradesh,Raebareli,"Amawan Road Ind. Area
Raebareli",9,12,11,13,16,14,145,170,163,No,199812341
512,Uttar Pradesh,Gorakpur,"M. M.M. Engineering College,
Gorakhpur",5,14,9,16,20,19,46,117,91,No,199812341
513,Uttar Pradesh,Gorakpur,"India Glycol Ltd. Gida,
Gorakhpur",19,35,25,15,20,17,109,238,171,No,199812341
514,Uttar Pradesh,Gorakpur,"Jalkal, Muncipal Corporation,
Golghar",12,27,20,13,30,19,87,205,156,No,199812341
515,Uttarakhand,Dehradun,"Raipur Road, Near parag Diary",24,28,26,30,57,43,111,213,158,No,10086292
516,Uttarakhand,Dehradun,"Clock Tower, PWD Guest House",25,29,27,18,48,35,98,244,165,No,10086292
517,Uttarakhand,Dehradun,Himalaya Drug Co. Near ISBT,26,30,27,27,32,30,155,392,242,No,10086292
518,Uttarakhand,Haridwar,"SIDCUL, Haridwar",21,27,24,28,33,30,105,227,138,No,10086292
519,Uttarakhand,Rishikesh,Nagar Palika Parishad,24,26,25,28,32,30,84,149,123,No,10086292
520,West Bengal,Asansol,Asansol Municipal Corporation,4,12,8,24,30,27,36,234,107,No,91276115
521,West Bengal,Asansol,"Kangsabati Spinning Mill, Barjora",4,12,8,26,31,29,84,194,121,No,91276115
522,West Bengal,Barrackpore,Barrackpore Municiaplity,4,14,8,39,76,55,52,184,125,No,91276115
523,West Bengal,Durgapur,"Bidhannagar, PCBL Club,
Muchipara",4,13,8,43,77,55,25,203,94,No,91276115
524,West Bengal,Haldia,"WBIIDC Ruchi Soya Ind.
Durgachak",2,15,3,43,80,58,47,253,100,No,91276115
525,West Bengal,Howrah,"CDS & Health Centre, Bator",2,84,15,39,72,55,52,269,113,No,91276115
526,West Bengal,Kolkata,"Salt Lake, Rooftop of CK Market",2,13,3,11,32,17,40,245,101,Yes,91276115
527,West Bengal,Kolkata,"Moulali, Rooftop of KMC office
Building",2,21,5,16,125,43,46,151,87,Yes,91276115
528,West Bengal,Kolkata,"Minto Park, Inside Park AJC Bose
Road",2,15,3,14,82,39,34,389,123,Yes,91276115
529,West Bengal,Kolkata,"Dunlop Bridge, National Sample
Survey",2,19,5,21,118,49,26,230,90,Yes,91276115
530,West Bengal,Kolkata,"Behala Chowrasta, Traffic Guard
Building",2,17,4,19,89,42,36,378,125,Yes,91276115
531,West Bengal,Kolkata,"Baishnabghata, Upanagari
Sporting Club",2,15,3,22,109,49,30,273,102,Yes,91276115
532,West Bengal,Kolkata,"Cossipore Police Station, B.T.
Road",2,153,24,18,113,46,45,326,128,Yes,91276115
533,West Bengal,Kolkata,"Dalhousie Square, Lal Bazzar
Police Headqtr.",2,98,10,16,85,39,34,411,124,Yes,91276115
534,West Bengal,Raniganj,Jamuria Municipality,4,13,8,5,344,108,31,270,97,No,91276115
535,West Bengal,South Suburban,"Bauipur Police Station, Baruipur",2,15,3,5,304,75,3,321,102,No,91276115