,State,City,Location,2016 SO2 Minimum,2016 SO2 Maximum,2016 SO2 Annual Average,2016 NO2 Minimum,2016 NO2 Maximum,2016 NO2 Annual Average,2016 PM10 Minimum,2016 PM10 Maximum,2016 PM10 Annual Average,2016 PM2.5 Minimum,2016 PM2.5 Maximum,2016 PM2.5 Annual Average,Is metropolitan city?,State Population 2011
1,Andhra Pradesh,Anantapur,Kamala Nagar,4,6,5,10,17,13,33,187,85,,,,No,49386799
2,Andhra Pradesh,Chitoor,GNC Toll Gate Tirumala,4,11,6,12,144,40,19,130,60,35,183,114,No,49386799
3,Andhra Pradesh,Chitoor,"Near M/s.Nutrine Confectionery,
Palamaner Road",5,8,6,10,17,13,53,72,63,47,190,112,No,49386799
4,Andhra Pradesh,Eluru,At Ashram Diagnostic Centre,5,6,5,25,34,30,57,103,70,55,183,119,No,49386799
5,Andhra Pradesh,Guntur,"Near Hindu College, Market
Road",5,6,5,26,33,29,73,101,88,64,210,149,No,49386799
6,Andhra Pradesh,Kadapa,"Near ICL, Yerraguntla, YSR",5,8,7,10,19,15,55,103,68,15,311,123,No,49386799
7,Andhra Pradesh,Kakinada,Office Building Ramanayyapeta,6,11,8,13,25,18,39,75,64,24,68,37,No,49386799
8,Andhra Pradesh,Kurnool,"Mourya Inn, Krishna Nagar",4,5,5,9,15,11,22,129,69,20,68,34,No,49386799
9,Andhra Pradesh,Nellore,"Venkatareddy nagar,
Vedayapalem",4,6,5,9,33,28,62,76,66,10,328,118,No,49386799
10,Andhra Pradesh,Prakasam,"Near Court Center, Ongole",4,6,5,9,36,29,60,70,65,25,344,117,No,49386799
11,Andhra Pradesh,Rajahmundry,Staff Clud Building,5,10,8,13,27,18,47,93,64,28,361,108,No,49386799
12,Andhra Pradesh,Srikakulam,"SAMKRG Pistons Quarters
Bulding,Near
IDA,Pydibhimavaram",6,13,9,12,28,20,38,115,71,10,429,145,No,49386799
13,Andhra Pradesh,Tirupati,"Regional Science Centre,
Chittoor Bypass",4,7,6,10,15,12,44,70,59,20,386,119,No,49386799
14,Andhra Pradesh,Vijaywada,Benz Circle,5,6,5,30,57,44,59,125,95,16,592,120,No,49386799
15,Andhra Pradesh,Vijaywada,Autonagar,5,7,6,33,61,45,59,145,104,13,286,102,No,49386799
16,Andhra Pradesh,Vijaywada,Police Control Room,5,7,6,32,58,44,61,145,107,7,46,25,No,49386799
17,Andhra Pradesh,"Vishakhapatna
m","Industrial Estate, Marripalem",5,15,8,9,28,16,29,120,75,6,53,21,No,49386799
18,Andhra Pradesh,"Vishakhapatna
m","Panchayat Raj office, Mindi",5,13,7,9,32,17,50,139,76,6,63,25,No,49386799
19,Andhra Pradesh,"Vishakhapatna
m",Police Barracks,6,18,9,11,51,22,64,129,87,6,60,24,No,49386799
20,Andhra Pradesh,"Vishakhapatna
m","INS-Virabahu, Naval Area",5,12,7,9,32,15,37,95,67,10,137,35,No,49386799
21,Andhra Pradesh,"Vishakhapatna
m",Seethammadhara,5,10,7,9,26,16,47,131,75,12,33,21,No,49386799
22,Andhra Pradesh,"Vishakhapatna
m",Ganapuram Area,6,17,10,12,43,23,63,142,87,5,80,22,No,49386799
23,Andhra Pradesh,"Vishakhapatna
m","Pedagantyada, Gajuwada",5,14,7,9,41,16,56,111,77,7,37,21,No,49386799
24,Andhra Pradesh,"Vishakhapatna
m","CWMP, RAMKY, Parawada",6,12,8,10,37,18,46,97,74,10,124,33,No,49386799
25,Andhra Pradesh,Vizianagaram,"APIIC Building at IDA Bobbili
Growth Center,Vizianagaram",7,12,9,11,41,21,44,193,85,6,46,24,No,49386799
26,Assam,Bongaigaon,"Oil India Ltd. PS-6, Chirang",3,12,6,10,21,14,35,85,58,12,123,44,No,31205576
27,Assam,Bongaigaon,Barpara Office Building,3,10,5,9,19,12,35,72,53,35,123,70,No,31205576
28,Assam,Daranga,"BATAD, Baska",4,11,7,7,21,14,37,202,71,8,41,22,No,31205576
29,Assam,Dibrugarh,Dibrugarh Office Building,5,14,8,12,26,17,31,233,81,11,31,20,No,31205576
30,Assam,Golaghat,Golaghat Office Building,5,10,7,10,21,14,43,156,83,11,33,21,No,31205576
31,Assam,Guwahati,"Head Office, Bamunimaidam",4,14,8,9,26,17,42,328,98,6,39,19,No,31205576
32,Assam,Guwahati,"Boragaon, IASST, Kamrup",4,16,8,12,24,17,39,267,96,10,42,21,No,31205576
33,Assam,Guwahati,"Guwahati University, Kamrup",3,31,8,11,29,19,32,279,105,23,167,67,No,31205576
34,Assam,Guwahati,"ITI Building, Gopinath Nagar",4,15,8,11,28,18,51,392,122,24,131,35,No,31205576
35,Assam,Guwahati,"Khanapara, Central Dairy,
Kamrup",4,20,8,9,35,18,37,311,109,24,47,34,No,31205576
36,Assam,Guwahati,"Near Pragjyotish College,
Santipur",4,14,8,10,23,16,42,250,102,25,47,33,No,31205576
37,Assam,Lakhimpur,"Bazar Patti, North Lakhimpur
Town",5,13,8,10,25,16,40,152,84,25,47,33,No,31205576
38,Assam,Margherita,Coal India Office,4,15,8,10,25,17,36,166,76,24,65,34,No,31205576
39,Assam,Nagaon,"Water Resources Div., Christian
Patty",4,9,7,11,20,15,57,262,111,21,55,34,No,31205576
40,Assam,Nalbari,PWD Rural Div Office Complex,3,17,7,11,26,17,55,264,108,22,49,33,No,31205576
41,Assam,Sibsagar,Sibasagar Office Building,4,10,7,7,19,11,11,122,54,21,59,34,No,31205576
42,Assam,Sibsagar,"Usha Lodge, near ONGCL
Colony",4,13,9,9,20,14,28,180,96,21,47,33,No,31205576
43,Assam,Silchar,"Janiganj Govt. Boys HS School
campus",5,10,6,9,19,13,29,108,58,24,45,32,No,31205576
44,Assam,Silchar,"RLO, Ithkola Market, Ghaniwala
Road",4,10,6,8,20,12,29,97,58,16,55,29,No,31205576
45,Assam,Tezpur,Tezpur Office Building,5,11,8,13,21,17,11,193,68,18,55,33,No,31205576
46,Assam,Tinsukia,"Digboi Carbon factory Campus,
Borguri",4,13,7,11,28,16,41,149,83,17,57,31,No,31205576
47,Assam,Tinsukia,"Shreepuria, Borguri",5,13,8,13,26,18,39,168,90,16,51,29,No,31205576
48,Assam,Tinsukia,Shivdham,6,13,8,11,21,16,33,110,67,21,54,33,No,31205576
49,Bihar,Patna,"Beltron Bhawan, Shastri Nagar",2,8,4,10,63,27,23,611,164,20,64,32,Yes,104099452
50,Bihar,Patna,"Gandhi Maidan, Auto Exhaust
Test Centre",2,10,5,12,84,37,52,576,259,12,50,29,Yes,104099452
51,Chandigarh,Chandigarh,"Modern Foods, Industrial Area",2,2,2,5,74,25,33,344,131,13,46,29,No,1054686
52,Chandigarh,Chandigarh,Sector-17 C,2,2,2,5,68,21,15,223,94,18,62,32,No,1054686
53,Chandigarh,Chandigarh,"Punjab Engineering College,
Sector- 12",2,25,2,5,68,18,26,247,86,23,46,33,No,1054686
54,Chandigarh,Chandigarh,"Sector-39, IMTECH",2,2,2,6,69,20,21,258,112,24,45,32,No,1054686
55,Chandigarh,Chandigarh,Kaimbwala Village,2,2,2,5,97,19,28,280,100,3,62,24,No,1054686
56,Chattisgarh,Bhillai,"Visak Hostel, Sector-4",5,12,9,14,23,21,9,169,87,16,119,60,No,25545198
57,Chattisgarh,Bhillai,"R.O., 5/32 Banglow Office
Building",4,12,6,13,32,16,57,100,73,20,98,52,No,25545198
58,Chattisgarh,Bhillai,M.P. Laghu Udyog Nigam,10,13,11,27,39,31,147,184,163,,,,No,25545198
59,Chattisgarh,Bilaspur,"Regional Office, CECB Vyapar
Vihar",4,9,5,27,39,17,77,116,97,20,94,55,No,25545198
60,Chattisgarh,Korba,"HIG 21,22.Near Ghantaghar,
MP Extension",10,14,12,27,39,17,37,88,58,17,80,43,No,25545198
61,Chattisgarh,Korba,"Pragati Nagar NTPC Colony,
Jamnipali",10,13,11,27,39,15,54,198,128,22,96,46,No,25545198
62,Chattisgarh,Raipur,"New HIG-9, Hirapur",7,16,11,27,39,19,119,212,168,6,98,38,No,25545198
63,Chattisgarh,Raipur,"M/S Wool Worth India Pvt. Ltd.
Sarora",9,17,12,27,39,24,14,90,73,11,86,40,No,25545198
64,Dadra & Nagar Haveli,Silvassa,"Khadoli Industrial Area, Khadoli",14,26,21,27,39,26,13,85,68,13,63,35,No,343709
65,Daman & Diu,Daman,"Kadaiya Industrial Area, Kadaiya",12,25,19,27,39,22,24,694,177,14,66,36,No,243247
66,Delhi,Delhi,"N.Y. School, Sarojini Nagar,
Delhi",2,25,8,27,39,20,71,657,295,16,58,33,No,16787941
67,Delhi,Delhi,Janakpuri,4,34,6,27,39,24,46,666,318,17,35,24,No,16787941
68,Delhi,Delhi,"Mayapuri Industrial Area, Delhi",2,24,8,27,39,21,66,565,253,16,43,29,No,16787941
69,Delhi,Delhi,Nizamuddin,4,16,5,27,39,23,66,612,262,12,38,23,No,16787941
70,Delhi,Delhi,Pritampura,4,31,6,27,39,15,100,772,327,12,121,32,No,16787941
71,Delhi,Delhi,Shahadra,4,42,7,27,39,26,114,928,348,9,61,27,No,16787941
72,Delhi,Delhi,Shahzada Bagh,4,25,6,27,39,35,152,772,319,8,83,33,No,16787941
73,Delhi,Delhi,Siri Fort,4,39,5,27,39,28,46,621,200,13,41,28,No,16787941
74,Delhi,Delhi,"Town Hall, Ayurvedic
Dispensary, Chandni Chowk,
Delhi",2,39,11,27,39,36,24,125,72,12,25,18,No,16787941
75,Goa,Amona,"Amona, Bicholim",2,10,5,27,39,6,15,125,62,12,41,25,No,1458545
76,Goa,Assanora,"Assanora Junction, Bardez",2,10,5,27,39,5,22,162,70,37,62,47,No,1458545
77,Goa,Bicholim,Bicholim,2,14,5,27,39,5,14,140,64,42,83,57,No,1458545
78,Goa,Codli,"Codli Tisk, Ponda, Sanguem",2,10,5,27,39,5,35,129,67,45,75,55,No,1458545
79,Goa,Cuncolim,Cuncolim,4,20,10,27,39,9,22,83,49,47,51,49,No,1458545
80,Goa,Curchorem,"Curchorem, Sanvordem,
Quepem",4,10,6,27,39,8,14,180,65,21,122,55,No,1458545
81,Goa,Honda,"Honda Junction, Sattari",2,10,5,27,39,5,20,118,62,21,122,55,No,1458545
82,Goa,Kundaim,Kundaim Industrial Estate,2,10,5,27,39,5,13,424,117,22,114,50,No,1458545
83,Goa,Mapusa,Mapusa town,2,23,3,27,39,5,18,144,69,13,68,28,No,1458545
84,Goa,Margao,Margao Town,2,15,5,27,39,5,28,306,115,21,90,35,No,1458545
85,Goa,Mormugao,"Fire Brigade Station, Port Trust",2,33,5,27,39,5,14,267,68,15,62,43,No,1458545
86,Goa,Panaji,"Old GSPCB premises, Patto",2,13,4,27,39,5,21,139,68,26,67,44,No,1458545
87,Goa,Ponda,Ponda Town,2,14,5,27,39,5,16,72,44,21,53,33,No,1458545
88,Goa,Sanguem,"Near Railway Station at Kalem,
Sanguem",4,10,6,27,39,9,15,81,46,21,46,32,No,1458545
89,Goa,Tilamol,"Quepem, Tilamol",4,13,6,27,39,8,15,154,61,25,39,33,No,1458545
90,Goa,Tuem,Tuem,2,9,4,27,39,5,28,131,64,21,54,37,No,1458545
91,Goa,Usgao,"Usgao Plae, Junction, Ponda",2,10,5,27,39,5,26,325,90,28,63,47,No,1458545
92,Goa,Vasco,"Fuse Call Office, Mormugao",2,24,5,27,39,5,81,149,110,13,58,31,No,1458545
93,Gujarat,Ahmedabad,"Naroda, G.I.D.C., Ahmadabad",9,22,13,27,39,12,87,148,108,9,42,28,Yes,60439692
94,Gujarat,Ahmedabad,Cadilla Bridge Narol,9,30,14,27,39,12,84,147,105,15,60,36,Yes,60439692
95,Gujarat,Ahmedabad,"Bhagavathi Estate, Keval Kanta
Road, Rakhiyal",9,28,16,27,39,14,84,147,105,10,48,27,Yes,60439692
96,Gujarat,Ahmedabad,"Dyno Wash,27 Ilaben Estate",9,28,16,27,39,14,81,210,110,25,56,43,Yes,60439692
97,Gujarat,Ahmedabad,L.D. Engg. College,7,25,13,27,39,9,85,175,110,25,88,41,Yes,60439692
98,Gujarat,Ahmedabad,"Shardaben Hospital, Saraspur",8,26,13,27,39,11,76,152,108,21,94,43,Yes,60439692
99,Gujarat,Ahmedabad,"R.C. Technical High School,
Mirzapur",7,27,13,27,39,10,83,192,108,25,79,52,Yes,60439692
100,Gujarat,Ahmedabad,"AZL Behrampura, Ahmadabad",8,31,15,27,39,12,81,139,104,17,54,34,Yes,60439692
101,Gujarat,Anklesvar,Rallis India Ltd.,7,20,12,27,39,10,74,142,104,25,58,41,No,60439692
102,Gujarat,Anklesvar,"Durga Traders, Bhavanafarm
Society",7,29,12,27,39,10,63,174,92,29,60,47,No,60439692
103,Gujarat,Jamnagar,Fisheries Office,7,27,13,27,39,9,64,171,96,25,80,46,No,60439692
104,Gujarat,Rajkot,"Nr. Sardhara Industrial
Corporation",6,23,13,27,39,10,56,160,89,20,68,42,No,60439692
105,Gujarat,Rajkot,GPCB Regional Offce,7,25,14,27,39,8,62,162,86,26,88,53,No,60439692
106,Gujarat,Surat,S.V.R. Engg. College,7,22,13,27,39,9,66,141,96,18,62,36,Yes,60439692
107,Gujarat,Surat,"B.R.C. High School, Udhna",6,26,14,27,39,9,61,158,94,15,103,32,Yes,60439692
108,Gujarat,Surat,Near Air India Office,7,22,13,27,39,9,51,151,89,13,189,35,Yes,60439692
109,Gujarat,Vadodara,"GPCB Office, Geri Vasahat",7,23,13,27,39,10,57,204,90,15,107,40,No,60439692
110,Gujarat,Vadodara,Dandia Bazaar,6,25,14,27,39,10,70,208,99,11,142,47,No,60439692
111,Gujarat,Vadodara,CETP Nandesari,7,27,15,27,39,9,80,144,105,,,,No,60439692
112,Gujarat,Vapi,"GEB, IIIrd Phase, GIDC",8,24,13,27,39,12,80,143,104,12,151,28,No,60439692
113,Gujarat,Vapi,"Vapi Nagar Palika, Vapi",8,22,13,27,39,9,39,163,75,15,85,35,No,60439692
114,Himachal Pradesh,Baddi,"Industry Department Office
Building",2,2,2,27,39,19,54,116,83,25,167,44,No,6864602
115,Himachal Pradesh,Baddi,AHC barotiwala,2,2,2,27,39,15,42,236,112,22,113,40,No,6864602
116,Himachal Pradesh,Baddi,Housing Board,2,2,2,27,39,15,14,248,98,21,140,42,No,6864602
117,Himachal Pradesh,Damtal,Regional Office,2,2,2,27,39,5,18,159,71,24,73,48,No,6864602
118,Himachal Pradesh,Damtal,Old Road,2,2,2,5,40,11,12,97,41,32,100,47,No,6864602
119,Himachal Pradesh,Dharamshala,Kotwali Bazar Dharamshala,2,2,2,5,22,9,12,120,42,13,87,43,No,6864602
120,Himachal Pradesh,Dharamshala,"Daari, Dharamshala",2,2,2,5,14,7,80,250,166,35,116,49,No,6864602
121,Himachal Pradesh,Kala Amb,Kala Amb Industrial Area,2,4,3,12,34,15,45,161,91,14,121,41,No,6864602
122,Himachal Pradesh,Kala Amb,Kala Amb Town/Trilokpur,2,3,2,12,17,13,18,181,59,18,120,46,No,6864602
123,Himachal Pradesh,Manali,"Nehru Park, Manali, Kullu",2,5,2,5,19,11,12,114,45,17,81,35,No,6864602
124,Himachal Pradesh,Manali,"HPSPCB, Hadimba Road,
Manali, Kullu",2,2,2,5,13,5,33,261,108,19,86,41,No,6864602
125,Himachal Pradesh,Nalagarh,Municipal Council,2,2,2,16,32,22,10,222,73,6,110,28,No,6864602
126,Himachal Pradesh,Paonta Sahib,Paonta Sahib,2,5,2,5,18,11,16,304,130,9,83,32,No,6864602
127,Himachal Pradesh,Paonta Sahib,Gondhpur Industrial Area,2,9,3,5,17,13,24,380,64,14,48,32,No,6864602
128,Himachal Pradesh,Parwanoo,"Regional Office, Sector- 4",2,2,2,6,43,10,44,144,75,16,58,35,No,6864602
129,Himachal Pradesh,Parwanoo,"Asst. Commissioner Building
Sector I",2,2,2,6,16,10,18,83,43,40,64,51,No,6864602
130,Himachal Pradesh,Shimla,Tekka Bench Ridge,2,11,4,8,27,15,28,110,64,35,94,55,No,6864602
131,Himachal Pradesh,Shimla,"Bus Stand, Winterfield",2,8,5,13,35,20,15,238,81,15,117,46,No,6864602
132,Himachal Pradesh,Sunder Nagar,"HPSPCB, BBMB Colony, Mandi",2,2,2,5,25,9,23,262,102,15,69,36,No,6864602
133,Himachal Pradesh,Sunder Nagar,"Muncipal Council, NH-21, Mandi",2,2,2,5,27,14,45,84,65,6,28,15,No,6864602
134,Himachal Pradesh,Una,"Regional Office, Una",2,3,2,5,7,5,59,93,74,9,62,25,No,6864602
135,Himachal Pradesh,Una,"DIC Building, Mehatpur, Una",2,2,2,5,8,5,87,181,131,10,60,33,No,6864602
136,Jammu & Kashmir,Jammu,"Regional Office, Jammu",2,6,3,11,25,17,92,177,132,7,54,28,No,12541302
137,Jammu & Kashmir,Jammu,"M.A. Stadium, Jewel Chowk",2,11,3,10,23,17,83,179,130,14,71,44,No,12541302
138,Jammu & Kashmir,Jammu,Bari Brahamana Industrial Area,2,7,4,12,25,17,68,247,164,22,50,35,No,12541302
139,Jharkhand,Dhanbad,R.O. Dhanbad,11,22,15,30,48,38,161,354,249,18,53,38,No,32988134
140,Jharkhand,Dhanbad,"EMTI, Bastacola",11,21,15,29,48,37,77,360,266,13,58,33,No,32988134
141,Jharkhand,Dhanbad,"CGM Office, Kusunda",11,18,14,29,45,36,74,171,135,11,26,20,No,32988134
142,Jharkhand,Jamshedpur,Bistupur Vehical Testing Centre,28,42,36,36,52,45,79,173,137,18,49,27,No,32988134
143,Jharkhand,Jamshedpur,Golmuri Vehicle Testing Centre,27,42,36,35,50,44,119,402,280,20,65,42,No,32988134
144,Jharkhand,Jharia,M.A.D.A.,9,22,16,30,48,38,162,254,196,35,77,47,No,32988134
145,Jharkhand,Ranchi,"Albert Ekka Chowk, Main Road",17,70,20,32,108,37,81,196,143,24,57,32,No,32988134
146,Jharkhand,"Saraikela
Kharsawan","RO Building, Adityapur",31,46,37,39,54,47,64,212,143,17,110,50,No,32988134
147,Jharkhand,Sindri,BIT / PDIL,11,16,13,27,41,34,50,139,93,27,78,55,No,32988134
148,Jharkhand,"West
Singhbhum",Barajamda U.M. Office,12,19,16,17,26,22,41,82,59,19,85,42,No,32988134
149,Karnataka,Bagalkote,"Bagalkote KSPCB Office
Premises",2,2,2,5,19,11,44,331,155,3,85,38,No,61095297
150,Karnataka,Bangalore,"Graphite India, White Field Road",2,2,2,17,50,33,45,221,114,18,115,51,No,61095297
151,Karnataka,Bangalore,"AMCO Batteries, Mysore Road",2,12,2,18,53,35,32,262,107,21,124,48,No,61095297
152,Karnataka,Bangalore,"KHB Industrial Area, Yelahanka",2,2,2,11,48,28,34,225,102,7,203,60,No,61095297
153,Karnataka,Bangalore,Peenya Industrial Area,2,14,2,15,57,37,39,209,98,17,96,50,No,61095297
154,Karnataka,Bangalore,Victoria hospital,2,6,2,12,60,34,47,175,94,22,47,35,No,61095297
155,Karnataka,Bangalore,Yeshwanthpura police station,2,6,2,14,53,39,9,103,43,21,54,31,No,61095297
156,Karnataka,Bangalore,"Jnanabharathi, Bangalore
University",3,30,11,8,29,16,53,191,111,20,66,38,No,61095297
157,Karnataka,Bangalore,"TERI office, Vital Medi
healthcare Pvt Ltd",2,8,2,17,40,28,46,146,112,10,66,28,No,61095297
158,Karnataka,Belgaum,Karnataka SPCB Office Building,2,2,2,5,40,16,29,252,93,13,69,34,No,61095297
159,Karnataka,Bijapur,KSPCB Office Premises,2,2,2,5,24,12,28,81,41,47,125,88,No,61095297
160,Karnataka,Chitradurga,KSPCB Office Premises,2,6,3,16,23,20,14,132,62,18,98,59,No,61095297
161,Karnataka,Devanagere,"Regional Office building, KSPCB",2,5,3,5,9,6,54,336,175,25,142,74,No,61095297
162,Karnataka,Devanagere,"Mothi Theatre, Gandhi Circle,
P.B. Road",3,6,5,6,11,10,19,95,46,20,107,42,No,61095297
163,Karnataka,Devanagere,"HPF Intakewell,
Kumarapattnam",2,4,3,5,23,7,23,147,60,16,178,69,No,61095297
164,Karnataka,Hassan,KSRTC bus stand building,5,7,6,18,21,19,24,33,26,16,173,65,No,61095297
165,Karnataka,Hubli-Dharwad,"Lakkamanahalli Industrial Area,
Dharwad",4,7,5,11,26,20,61,90,77,20,229,74,No,61095297
166,Karnataka,Hubli-Dharwad,"Rani Chennamma Circle, Hubli",4,7,5,14,27,20,67,104,90,,,,No,61095297
167,Karnataka,Kolar,"KSPCB Office Premises, Kolar",2,2,2,12,39,26,36,100,62,18,197,66,No,61095297
168,Karnataka,Mandya,"KSPCB Building, Bandigowda
Badarahe",2,6,3,16,23,20,16,23,20,16,194,71,No,61095297
169,Karnataka,Mangalore,Baikampady Industrial Area,2,14,7,5,14,9,17,62,40,,,,No,61095297
170,Karnataka,Mysore,"K.R.Circle, Visvesvaraya Bldg",2,6,3,15,26,21,27,80,49,,,,No,61095297
171,Karnataka,Mysore,KSPCB Bldg. Hebbal Ind. Area,2,7,3,17,25,20,25,72,45,,,,No,61095297
172,Karnataka,Raichur,"KSPCB Office Premises,
Raichur",2,12,5,5,25,14,16,223,83,,,,No,61095297
173,Karnataka,Shimaga,"The VISL, Oxygen Plant,
Shimoga",2,4,3,5,7,6,10,82,42,,,,No,61095297
174,Karnataka,Timukuru,KSPCB Office Premises,2,2,2,14,68,35,37,215,136,,,,No,61095297
175,Kerala,Alappuzha,"District Office, Alissery Road",2,2,2,5,5,5,23,71,42,,,,No,33406061
176,Kerala,Alappuzha,"DC Mills, Pathirappally",2,2,2,5,5,5,21,81,43,,,,No,33406061
177,Kerala,Kochi,"Eloor I, FACT, Ambalamughal",2,2,2,10,91,37,18,137,49,,,,Yes,33406061
178,Kerala,Kochi,Eloor II,2,2,2,11,76,38,23,156,53,,,,Yes,33406061
179,Kerala,Kochi,Irumpanam,2,6,2,5,26,11,7,90,33,,,,Yes,33406061
180,Kerala,Kochi,Ernakulum South,2,4,2,5,31,13,17,232,56,,,,Yes,33406061
181,Kerala,Kochi,VYTTILA,2,5,2,5,43,19,18,140,51,,,,Yes,33406061
182,Kerala,Kochi,MG Road Bank Ernakulum,2,4,2,5,32,11,12,130,36,,,,Yes,33406061
183,Kerala,Kochi,"KALAMASSERY / CSIR
Complex",2,5,2,5,27,11,14,126,56,,,,Yes,33406061
184,Kerala,Kollam,"KSPCB, District Office,
Kadappakada",3,6,4,6,10,7,32,71,45,,,,No,33406061
185,Kerala,Kollam,KMML Chavara,3,6,4,5,10,8,29,69,46,,,,No,33406061
186,Kerala,Kottayam,Kottayam,3,5,4,13,19,16,15,128,50,,,,No,33406061
187,Kerala,Kottayam,Vadavathoor,4,5,5,14,20,18,16,162,58,,,,No,33406061
188,Kerala,Kozhikode,Kozhikode City,2,2,2,8,35,18,11,102,51,,,,Yes,33406061
189,Kerala,Kozhikode,Nallalam,2,2,2,8,32,18,11,109,51,,,,Yes,33406061
190,Kerala,Malapuram,"Kakkanchery, Sijmak oils",2,2,2,5,38,17,16,104,37,,,,No,33406061
191,Kerala,Palakkad,SEPR Refractories India Ltd.,2,2,2,6,10,9,23,77,41,,,,No,33406061
192,Kerala,"Pathanamthitt
a","KSPCB, Makkamkunnu",2,2,2,15,15,15,26,27,26,,,,No,33406061
193,Kerala,"Thiruvanantha
puram",PRS Hospital/COSMO,6,9,8,23,28,26,46,60,53,,,,No,33406061
194,Kerala,"Thiruvanantha
puram",SMV School,6,9,8,22,29,26,47,61,53,,,,No,33406061
195,Kerala,"Thiruvanantha
puram",VELI / HiTech Chackai,16,19,18,22,28,25,48,59,54,,,,No,33406061
196,Kerala,"Thiruvanantha
puram",PETTAH / Sasthamangalam,7,9,8,22,30,25,44,58,51,,,,No,33406061
197,Kerala,Thissur,"KSPCB, District Office,
Poonkunnam",2,3,2,5,13,5,13,78,54,,,,No,33406061
198,Kerala,Wayanad,Sulthan Bathery,2,2,2,5,10,5,15,75,39,,,,No,33406061
199,Madhya Pradesh,Amlai,HJI,11,25,14,12,36,19,7,59,30,,,,No,72626809
200,Madhya Pradesh,Amlai,OPM,10,31,20,14,42,26,36,215,62,,,,No,72626809
201,Madhya Pradesh,Bhopal,"Hamidia Road, MP Hastshilp
Vikas Nigam",2,2,2,5,27,10,47,105,84,,,,No,72626809
202,Madhya Pradesh,Bhopal,CETP Govindpura,2,2,2,5,20,9,47,238,110,,,,No,72626809
203,Madhya Pradesh,Bhopal,"Nutan Subhash School, T.T.
Nagar",2,2,2,5,12,6,48,248,103,,,,No,72626809
204,Madhya Pradesh,Bhopal,"Kolar Thana, Kolar Road,
Bhopal",2,3,2,5,35,17,24,67,48,,,,No,72626809
205,Madhya Pradesh,Bhopal,"AKVN Office, Industrial Area
Mandideep, Raisen",2,12,5,5,66,30,51,156,88,,,,No,72626809
206,Madhya Pradesh,Bhopal,"Barkatuallah University,
Hoshgabad Road, Bhopal",2,4,2,5,28,13,53,195,116,,,,No,72626809
207,Madhya Pradesh,Bhopal,"Main Road, Hemu Colony,
Bairagarh, Bhopal",2,4,3,5,47,18,62,113,72,,,,No,72626809
208,Madhya Pradesh,Chhindwara,"HIG -33, Front of Geetanali Park
Housing Board Colony,
Chadagaon",7,10,8,28,32,30,49,157,84,,,,No,72626809
209,Madhya Pradesh,Chhindwara,"Hindustan Unileaver,
Narsinghpur Road,",7,11,9,31,33,32,61,86,77,,,,No,72626809
210,Madhya Pradesh,Dewas,EID Perry (I) Limited,7,20,17,12,27,22,76,92,83,,,,No,72626809
211,Madhya Pradesh,Dewas,Dewas Metal Section,13,20,16,18,25,22,80,123,92,,,,No,72626809
212,Madhya Pradesh,Dewas,Vikas Nagar,6,19,16,8,24,21,72,104,90,,,,No,72626809
213,Madhya Pradesh,Gwalior,Dindayal Nagar,8,14,10,12,19,14,51,105,86,,,,No,72626809
214,Madhya Pradesh,Gwalior,Maharaj Bada,8,18,10,10,26,14,59,115,88,,,,No,72626809
215,Madhya Pradesh,Indore,"M.P. Laghu Udyog, Pologround",9,12,11,18,22,20,62,148,104,,,,Yes,72626809
216,Madhya Pradesh,Indore,"Kothari Market, M.G. Road",9,12,11,18,22,20,40,164,96,,,,Yes,72626809
217,Madhya Pradesh,Indore,"Telephone Nagar, 26 A, Kanadia
Road",10,12,11,18,24,20,40,164,96,,,,Yes,72626809
218,Madhya Pradesh,Jabalpur,Vijay Nagar,2,2,2,14,30,20,43,154,94,,,,No,72626809
219,Madhya Pradesh,Jabalpur,Udaipur Beverage Racchai,8,26,19,21,31,26,45,83,60,,,,No,72626809
220,Madhya Pradesh,Nagda,Chem. D. Labour Club,12,38,27,9,31,18,72,94,82,,,,No,72626809
221,Madhya Pradesh,Nagda,B C I Labour Club,9,23,16,14,35,26,25,152,71,,,,No,72626809
222,Madhya Pradesh,Nagda,Grasim Kalyan Kendra,8,24,14,13,36,24,3,94,66,,,,No,72626809
223,Madhya Pradesh,Prithampur,"Vikas Bhavan, Sector-2",7,13,9,16,22,19,49,86,60,,,,No,72626809
224,Madhya Pradesh,Prithampur,"RCC Over Head Tank No. 1,
Sector-3",7,13,9,16,22,19,39,91,60,,,,No,72626809
225,Madhya Pradesh,Sagar,Pt.Deendayal Nagar,2,4,2,5,22,12,47,105,71,,,,No,72626809
226,Madhya Pradesh,Satna,"Sub-divisional Office E/M Light
Machniery",2,6,3,5,9,7,62,137,89,,,,No,72626809
227,Madhya Pradesh,Satna,"MPPCB,Dharwari
GaliNo.5,House No.318",2,4,3,5,8,6,54,142,96,,,,No,72626809
228,Madhya Pradesh,Singrauli,Jayant Township,7,36,18,12,43,25,35,156,79,,,,No,72626809
229,Madhya Pradesh,Singrauli,"N.T.P.C., Vidyanagar",10,31,18,14,39,24,57,106,78,,,,No,72626809
230,Madhya Pradesh,Singrauli,Waidhan,7,28,18,8,37,23,42,84,64,,,,No,72626809
231,Madhya Pradesh,Ujjain,District Office,12,22,17,14,25,19,51,108,84,,,,No,72626809
232,Madhya Pradesh,Ujjain,Regional Office,6,16,9,8,19,11,48,105,81,,,,No,72626809
233,Madhya Pradesh,Ujjain,Mahakal Temple,8,19,13,10,21,15,47,102,83,,,,No,72626809
234,Madhya Pradesh,Ujjain,Chamunda Mata Chouraha,7,19,15,9,21,17,56,173,118,,,,No,72626809
235,Maharashtra,Akola,"LRT Commerce College, Civil
Lines, Akola",4,11,8,5,11,8,47,102,71,,,,No,112374333
236,Maharashtra,Akola,"MIDC Water Work, Phash-II,
MIDC Akola",3,12,9,5,13,10,42,138,86,,,,No,112374333
237,Maharashtra,Akola,"College Of Engineering & Tech,
Akola",4,12,8,5,13,9,61,137,86,,,,No,112374333
238,Maharashtra,Amravati,"Apurva Oil Industries, A-23,
MIDC",9,16,12,8,18,13,25,129,107,,,,No,112374333
239,Maharashtra,Amravati,"Elect. Dept., Govt College
Engineering",7,14,11,7,15,12,58,152,127,,,,No,112374333
240,Maharashtra,Amravati,"Rajkamal Square, Vaneeta
Samaj",10,17,13,11,18,14,81,176,144,,,,No,112374333
241,Maharashtra,Aurangabad,S.B.E.S. College,7,40,16,25,81,43,10,122,99,,,,No,112374333
242,Maharashtra,Aurangabad,Collector Ofiice,5,29,11,20,68,34,23,94,69,,,,No,112374333
243,Maharashtra,Aurangabad,"C.A.D.A. Ofiice, Garkheda",6,35,15,22,76,41,14,203,132,,,,No,112374333
244,Maharashtra,Badlapur,BIWA Office,10,50,25,39,116,72,25,238,115,,,,No,112374333
245,Maharashtra,Bhiwandi,"Prematai Hall, Near Dhamankar
Naka",30,39,35,40,48,45,25,174,82,,,,No,112374333
246,Maharashtra,Bhiwandi,"Fire Brigade Office, I.G.M.
Hospital",26,36,31,34,53,48,17,219,80,,,,No,112374333
247,Maharashtra,Bhiwandi,"Regional Office, M.P.C. Board,
Kalyan",22,58,33,34,60,42,78,205,125,,,,No,112374333
248,Maharashtra,Chandrapur,Grampanchat Ghughus,2,19,4,9,56,23,63,68,65,,,,No,112374333
249,Maharashtra,Chandrapur,M.I.D.C. Chandrapur,2,33,7,15,97,29,61,83,70,,,,No,112374333
250,Maharashtra,Chandrapur,Nagar Parishad,2,22,4,7,59,24,63,67,64,,,,No,112374333
251,Maharashtra,Chandrapur,"Gadchandur Gram Panchayat,
Rajura",2,7,4,5,43,23,57,390,213,,,,No,112374333
252,Maharashtra,Chandrapur,"MIDC, Tadali",3,18,4,6,38,22,4,192,79,,,,No,112374333
253,Maharashtra,Chandrapur,"Muncipal Council, Ballarshah",3,14,4,16,162,35,10,187,82,,,,No,112374333
254,Maharashtra,"Dombivali/Am
bernath",Dombivali MIDC Phase-II,9,56,27,37,148,77,27,287,119,,,,No,112374333
255,Maharashtra,"Dombivali/Am
bernath","Ambernath Municipal Council
Office",9,44,25,37,125,74,5,179,70,,,,No,112374333
256,Maharashtra,Jalgaon,B. J. Market,4,18,13,9,46,36,10,239,103,,,,No,112374333
257,Maharashtra,Jalgaon,Girna water tank,4,17,12,9,42,33,54,261,128,,,,No,112374333
258,Maharashtra,Jalgaon,MIDC Jalgaon,4,19,14,9,47,37,74,204,127,,,,No,112374333
259,Maharashtra,Jalna,"Bachat Bhawan, Near S P Office",3,17,11,16,43,30,65,144,104,,,,No,112374333
260,Maharashtra,Jalna,"Krishidhan Seeds Ltd, MIDC
Area",5,16,12,22,45,31,64,134,98,,,,No,112374333
261,Maharashtra,Kolhapur,"University Campus, Shivaji
University",7,17,12,13,37,22,72,137,107,,,,No,112374333
262,Maharashtra,Kolhapur,"Ruikar Trust, S.T. Stand",19,41,28,35,85,54,48,362,123,,,,No,112374333
263,Maharashtra,Kolhapur,"Mahadwar Road, Near
Mahalaxmi Temple",12,33,23,21,72,41,65,175,96,,,,No,112374333
264,Maharashtra,Latur,MIDC Water Works,4,8,5,11,27,17,43,83,64,,,,No,112374333
265,Maharashtra,Latur,"Kshewraj Vidyalaya Shyam
nagar",4,7,5,12,24,17,88,163,122,,,,No,112374333
266,Maharashtra,Latur,"Sidhheshwar Sahakari Bank
Ganjgolai",4,7,5,12,30,18,71,135,103,,,,No,112374333
267,Maharashtra,Mumbai,"Parel TT, Ambedkar Road",2,39,6,7,87,32,23,187,80,,,,Yes,112374333
268,Maharashtra,Mumbai,Worli,2,23,5,5,63,29,22,157,83,,,,Yes,112374333
269,Maharashtra,Nagpur,Institution of Engineers,7,16,10,16,60,31,14,240,79,,,,Yes,112374333
270,Maharashtra,Nagpur,"Govt. Polytechnic College,
Sadar",7,15,10,17,61,31,36,339,124,,,,Yes,112374333
271,Maharashtra,Nagpur,MIDC Office Hingana Road,7,15,10,18,66,33,22,344,113,,,,Yes,112374333
272,Maharashtra,Nagpur,"MIDC Industrial Area, MIDC
Office, Hingna",8,67,31,5,46,17,54,165,95,,,,Yes,112374333
273,Maharashtra,Nagpur,"Nagpur Coop Building,
Maskasath, Itwari",2,62,26,6,56,18,55,157,92,,,,Yes,112374333
274,Maharashtra,Nagpur,"MPCB Office Premises, Civil
Lines",7,15,9,15,56,28,68,179,102,,,,Yes,112374333
275,Maharashtra,Nanded,Ganesh Nagar,24,31,27,25,29,28,3,609,177,,,,No,112374333
276,Maharashtra,Nanded,"Mutha Chowk, Vazirabad",12,40,37,16,38,32,3,590,160,,,,No,112374333
277,Maharashtra,Nanded,"Industrial Area, MIDC, CIDCO",37,95,83,31,91,85,3,594,144,,,,No,112374333
278,Maharashtra,Nashik,R.T.O. Colony Tank,4,31,14,8,47,27,34,161,55,,,,No,112374333
279,Maharashtra,Nashik,"VIP Industrial Area, MIDC
Satpura",3,30,13,7,43,26,38,125,115,,,,No,112374333
280,Maharashtra,Nashik,"Nashik Municipal Council
Building",5,30,14,9,78,27,47,176,160,,,,No,112374333
281,Maharashtra,Nashik,"MPCB Sub R.O. Udyog
Bhawan, Nashik",2,29,13,5,84,28,77,238,208,,,,No,112374333
282,Maharashtra,Navi Mumbai,"T.B.I.A, Rabale Airoli, TTC",8,33,20,19,64,45,21,147,80,,,,No,112374333
283,Maharashtra,Navi Mumbai,"Dr. D.Y. Patil College, Nerul,
TTC",12,37,18,15,73,42,19,181,90,,,,No,112374333
284,Maharashtra,Navi Mumbai,"MPCB Lab, Mhape, TTC",12,28,20,21,66,48,22,247,95,,,,No,112374333
285,Maharashtra,Navi Mumbai,CIDCO Nodal Office Kharghar,9,28,18,24,62,45,15,161,75,,,,No,112374333
286,Maharashtra,Navi Mumbai,"Water Pump House, Panvel,
Taloja",12,31,19,19,66,49,36,242,124,,,,No,112374333
287,Maharashtra,Navi Mumbai,"MIDC Collom Facility Building,
Taloja",11,37,22,22,73,49,38,225,125,,,,No,112374333
288,Maharashtra,"Pimpri-
Chinchwad","Bank of Baroda Builing, Near
M.C Builiding",10,102,32,20,331,71,27,249,105,,,,No,112374333
289,Maharashtra,Pune,"Maratha Chamber of commerce,
Bhosari",11,97,36,24,220,69,36,267,112,,,,Yes,112374333
290,Maharashtra,Pune,"State Electricity Board BLDG
Nalstop",10,46,24,16,270,79,41,237,120,,,,Yes,112374333
291,Maharashtra,Pune,Swargate Police Chawki,10,52,25,24,323,87,31,320,124,,,,Yes,112374333
292,Maharashtra,Sangli,"Udyog bhavan / SRO, MPCB
Sangli",4,15,9,8,84,39,14,506,105,,,,No,112374333
293,Maharashtra,Sangli,"Sangli- Miraj Primary school
Building",6,17,10,11,98,44,10,318,115,,,,No,112374333
294,Maharashtra,Sangli,Krishna Valley School,5,25,10,11,73,35,28,279,103,,,,No,112374333
295,Maharashtra,Solapur,WIT Campus,12,14,13,31,38,35,17,302,103,,,,No,112374333
296,Maharashtra,Solapur,Voronoko School / Chitale Clinic,11,14,13,32,40,35,11,228,85,,,,No,112374333
297,Maharashtra,Thane,"Maternity Hospital, Dhobighat,
Thane East",12,35,19,43,82,62,14,257,80,,,,No,112374333
298,Maharashtra,Thane,"Shahu Market,Naupada, Thane
West",12,28,20,43,84,63,16,205,85,,,,No,112374333
299,Maharashtra,Thane,"Kolshet and Balkum, Thane
West",10,24,16,36,75,55,59,89,74,,,,No,112374333
300,Maharashtra,Ulhasnagar,Smt. C. H. M. College Campus,11,43,24,37,117,69,59,101,74,,,,No,112374333
301,Maharashtra,Ulhasnagar,"Octroi Naka, Pawai-Chowk,
Vithalwadi",9,71,27,25,128,73,44,270,129,,,,No,112374333
302,Meghalaya,Byrnihat,"EPIP, Ri-Bhoi district",16,92,42,8,75,17,49,208,107,,,,No,2966889
303,Meghalaya,Dawki,"Terrace building, Jaintia Hills
District",2,8,2,5,21,11,47,253,131,,,,No,2966889
304,Meghalaya,Khliehriat,"O/o BDO, C & R.D. Block-
Khliehriat",2,2,2,5,19,10,75,209,119,,,,No,2966889
305,Meghalaya,Nongstoin,"Office Premises of E.E, PHED",2,2,2,5,15,11,47,227,117,,,,No,2966889
306,Meghalaya,Shillong,"Boards Office Permises,
Lumpyngngad",2,4,2,5,5,5,8,95,29,,,,No,2966889
307,Meghalaya,Shillong,State Tuberculosis Hospital,2,2,2,12,30,23,37,271,175,,,,No,2966889
308,Meghalaya,Tura,"PHED, Araimille, West Garo
Hills District",2,2,2,5,14,9,9,43,35,,,,No,2966889
309,Meghalaya,Umiam,Umiam Industrial Complex,2,2,2,8,41,14,14,119,47,,,,No,2966889
310,Mizoram,Aizawl,"Khatla, M.G-Road, Mizoram
SPCB",2,2,2,5,18,8,16,47,33,,,,No,1097206
311,Mizoram,Aizawl,Laipuitlang,2,2,2,5,11,5,18,42,33,,,,No,1097206
312,Mizoram,Aizawl,Bawngkawn,2,2,2,5,15,9,21,101,78,,,,No,1097206
313,Mizoram,Aizawl,"Dawrpui Y.M.A, Building,
Dawrpui",2,2,2,5,31,12,21,45,31,,,,No,1097206
314,Mizoram,Aizawl,"Lengpui Airport, Model Veng,
Lengpui",2,2,2,5,5,4,59,173,108,,,,No,1097206
315,Mizoram,Champhai,"D.T.O Office Building, Kahrawt
veng",2,2,2,5,5,4,6,343,82,,,,No,1097206
316,Mizoram,Champhai,"Lalzidinga building, Vengthlang",2,2,2,5,5,4,8,77,35,,,,No,1097206
317,Mizoram,Kolasib,"H. Lalthuama Building, Project
Veng",2,2,2,5,5,4,22,146,65,,,,No,1097206
318,Mizoram,Kolasib,"Synod Bookroom, Building
Diakkawn",2,3,2,5,21,5,28,153,79,,,,No,1097206
319,Mizoram,Lunglei,"Thangkhuma Building, Salem
Veng",2,2,2,5,5,4,8,95,38,,,,No,1097206
320,Mizoram,Lunglei,"K.Lalliantluanga, Chanmari I,
Lunglei",2,3,2,5,6,4,8,28,18,,,,No,1097206
321,Nagaland,Dimapur,Bank Colony,2,2,2,5,25,10,10,82,41,,,,No,1978502
322,Nagaland,Dimapur,Dhobinala,2,2,2,5,30,12,11,46,22,,,,No,1978502
323,Nagaland,Kohima,Opposite NST Office,2,2,2,5,5,5,19,48,38,,,,No,1978502
324,Nagaland,Kohima,Opposite War Cemetery,2,2,2,5,5,5,4,80,28,,,,No,1978502
325,Odisha,Angul,Industrial Estate,3,13,8,15,31,24,7,99,38,,,,No,41974218
326,Odisha,Angul,NALCO Township,6,14,9,17,28,22,19,248,104,,,,No,41974218
327,Odisha,Balasore,Sahadevkhunta,2,3,2,10,15,12,44,297,139,,,,No,41974218
328,Odisha,Balasore,DIC office,2,3,2,10,28,11,15,142,60,,,,No,41974218
329,Odisha,Balasore,Rasalpur near Balgopalpur I/A,6,12,8,11,30,14,48,189,119,,,,No,41974218
330,Odisha,Berhampur,Regional Office Orissa SPCB,2,2,2,14,28,19,38,172,94,,,,No,41974218
331,Odisha,Bhubneshwar,Capital Police Station,2,18,2,11,38,18,47,198,100,,,,No,41974218
332,Odisha,Bhubneshwar,IRC Village,2,25,2,17,61,25,62,121,84,,,,No,41974218
333,Odisha,Bhubneshwar,Office Premises Bhubaneswar,2,15,2,19,35,28,60,104,78,,,,No,41974218
334,Odisha,Bhubneshwar,"Water works, Palasuni,
Rasalgarh",2,8,2,10,35,17,75,114,93,,,,No,41974218
335,Odisha,Bhubneshwar,"Patrapara, Khandagiri",2,21,2,10,35,15,30,108,58,,,,No,41974218
336,Odisha,Bhubneshwar,Chandrashekharpur,2,2,2,10,21,15,57,175,111,,,,No,41974218
337,Odisha,Cuttack,"Traffic Tower, Badambadi",3,7,4,28,38,32,31,324,91,,,,No,41974218
338,Odisha,Cuttack,P.H.D Office Barabati,2,6,3,26,37,29,36,211,101,,,,No,41974218
339,Odisha,Cuttack,"R.O. Cuttack Office, Surya Vihar",2,5,3,25,36,28,29,254,117,,,,No,41974218
340,Odisha,Jharsuguda,R.O. Building Cox colony,9,18,13,16,24,20,44,240,102,,,,No,41974218
341,Odisha,Kalinga Nagar,"Over the Guest House of M/s
NINL",2,3,2,5,13,10,37,314,109,,,,No,41974218
342,Odisha,Kalinga Nagar,RO Office Building,2,2,2,5,12,8,47,257,93,,,,No,41974218
343,Odisha,Kalinga Nagar,"Maintenance Office of M/s NINL,
Duburi",2,3,2,9,15,11,49,157,76,,,,No,41974218
344,Odisha,Konark,Konark Police Station,2,8,2,6,22,13,43,176,74,,,,No,41974218
345,Odisha,Paradeep,On roof of PPT Staff Quarter,13,43,22,11,22,14,56,117,87,,,,No,41974218
346,Odisha,Paradeep,On roof of PPL Gueest,13,34,23,11,17,13,71,290,111,,,,No,41974218
347,Odisha,Paradeep,On roof of STP building IFFCO,11,32,22,11,20,13,39,295,112,,,,No,41974218
348,Odisha,Puri,Sadar police station,2,16,2,10,28,14,74,212,117,,,,No,41974218
349,Odisha,Puri,Town Police Station,2,10,2,10,31,15,32,226,95,,,,No,41974218
350,Odisha,Rayagada,Regional Office Orissa SPCB,2,5,3,13,25,20,53,248,117,,,,No,41974218
351,Odisha,Rayagada,"LPS High School, Jaykaypur",2,5,4,15,26,21,49,238,101,,,,No,41974218
352,Odisha,Rourkela,"Regional Office, ORPB",2,10,7,5,19,13,64,250,117,,,,No,41974218
353,Odisha,Rourkela,Kalunga Industrial Estate,7,15,8,14,19,15,31,367,88,,,,No,41974218
354,Odisha,Rourkela,"DISIR, Rajgangpur",5,30,12,8,35,14,33,715,99,,,,No,41974218
355,Odisha,Rourkela,"IDL Police Out-post, Sonaparbat",5,72,7,9,26,11,36,85,55,,,,No,41974218
356,Odisha,Rourkela,"Kuarmunda, Sundergarh",5,11,7,10,17,13,34,86,62,,,,No,41974218
357,Odisha,Sambalpur,"Filter Plant, PHD Office,
Modipara",4,5,4,13,19,17,24,55,36,,,,No,41974218
358,Odisha,Talcher,Coal Field Area,5,12,10,18,29,24,91,175,107,,,,No,41974218
359,Odisha,Talcher,T.T.P.S.Colony,5,13,10,17,27,24,11,152,57,,,,No,41974218
360,Puducherry,Karaikal,B.Ed College,3,16,9,5,20,7,54,217,82,,,,No,950289
361,Puducherry,Karaikal,Tourist home,4,26,14,5,21,11,52,148,91,,,,No,950289
362,Puducherry,Karaikal,PPCL,5,30,13,5,22,11,69,92,79,,,,No,950289
363,Puducherry,Puducherry,"DSTC Office Upstairs,
AnnaNagar",4,17,6,11,19,15,77,168,116,,,,No,950289
364,Puducherry,Puducherry,"PIPDIC Ind. Estate
Mettupalayam",5,11,6,12,20,15,33,233,94,,,,No,950289
365,Puducherry,Puducherry,Chamber Of Commerce,4,11,6,10,16,13,15,66,30,,,,No,950289
366,Punjab,Amritsar,R.O. Focal Point,10,20,14,29,45,37,19,87,42,,,,No,27743338
367,Punjab,Amritsar,"A-1,Platers",10,20,14,31,43,37,19,81,42,,,,No,27743338
368,Punjab,Amritsar,Rasulpur,7,10,8,11,18,14,21,74,43,,,,No,27743338
369,Punjab,Bhatinda,"Bathinda Milk Producers,
Dabwali Road",4,7,5,11,18,14,26,68,43,,,,No,27743338
370,Punjab,Dera Bassi,"Punjab Chem and Crop
Protection, Bhanakarpur Rd",4,7,5,10,18,12,16,54,34,,,,No,27743338
371,Punjab,Dera Bassi,"Winsome Yarns Ltd., Barwala
Road",4,8,5,9,16,12,75,412,225,,,,No,27743338
372,Punjab,Faridkot,Basti Himmatpura,4,6,5,10,14,12,64,493,244,,,,No,27743338
373,Punjab,Gobindgarh,"Modi Oil and General Mills,
Mandi",5,8,6,23,43,34,54,146,112,,,,No,27743338
374,Punjab,Gobindgarh,"Raj Steel Rolling Mills, Mandi",5,9,6,22,42,34,67,260,121,,,,No,27743338
375,Punjab,Gobindgarh,"United Rolling Mills, Mandi
Gobindgarh",5,9,7,24,43,34,55,130,97,,,,No,27743338
376,Punjab,Gobindgarh,"Punjab Maltex , Kapurthala
Road",9,16,12,18,32,23,67,135,99,,,,No,27743338
377,Punjab,Gobindgarh,Focal Point,8,22,13,17,32,24,76,147,104,,,,No,27743338
378,Punjab,Khanna,"Markfed Vanaspati, Khanna",7,12,10,16,26,20,91,199,126,,,,No,27743338
379,Punjab,Khanna,"AS School, Khanna",7,11,9,13,24,18,83,190,122,,,,No,27743338
380,Punjab,Ludhiana,Bharat Nagar Chowk,6,17,10,17,38,26,93,177,123,,,,No,27743338
381,Punjab,Ludhiana,"Nahar Spining Mlls, Dholewal
Chawk",6,21,13,17,30,25,57,353,172,,,,No,27743338
382,Punjab,Ludhiana,"Ludhiana Coop. Milk Producer,
Ferozpur Rd",7,21,10,17,39,22,69,393,199,,,,No,27743338
383,Punjab,Ludhiana,"PPCB Office Building,
Vishavkarma Chowk",6,20,10,21,48,29,55,187,127,,,,No,27743338
384,Punjab,Naya Nangal,Punjab Alkalis & Chemicals Ltd,4,7,5,10,16,12,58,154,101,,,,No,27743338
385,Punjab,Naya Nangal,"M/s NFL Guest House,Naya
Nangal",4,8,5,10,15,12,50,291,123,,,,No,27743338
386,Punjab,"Pathankot/Der
a Baba",C-PYTE Building,6,10,8,11,20,14,63,344,158,,,,No,27743338
387,Punjab,Patiala,"Ceylon Industries, Factory Area,
Patiala",4,6,5,11,15,13,74,302,128,,,,No,27743338
388,Punjab,Patiala,"Fire Brigade Station, Bahera
Road, Patiala",4,7,5,11,16,13,34,405,146,,,,No,27743338
389,Punjab,Sangrur,Gurdwara Gangsar Sahib,4,6,5,11,21,13,55,114,92,,,,No,27743338
390,Rajasthan,Alwar**,"Rajasthan State Pollution
Control Board",5,8,7,26,34,31,59,116,89,,,,No,68548437
391,Rajasthan,Alwar**,Gaurav Solvex Ltd. MIA,5,11,8,29,36,33,23,192,89,,,,No,68548437
392,Rajasthan,Alwar**,"RIICO Pump House, MIA",6,12,8,28,44,33,85,145,106,,,,No,68548437
393,Rajasthan,Bharatpur,Khadi Gramoday Samiti,7,10,8,28,34,33,87,154,106,,,,No,68548437
394,Rajasthan,Bharatpur,RIICO office Building,5,8,6,28,33,31,41,156,90,,,,No,68548437
395,Rajasthan,Bharatpur,"RO, Building",5,17,11,22,32,28,47,373,129,,,,No,68548437
396,Rajasthan,Bhiwadi,R.O.Building,6,10,8,23,33,28,61,395,161,,,,No,68548437
397,Rajasthan,Bhiwadi,UIT Guest House,6,9,8,21,34,28,55,365,142,,,,No,68548437
398,Rajasthan,Bhiwadi,Uttam Strips Ltd,7,9,8,22,31,27,94,252,204,,,,No,68548437
399,Rajasthan,Jaipur,Ajmeri Gate,5,13,9,15,53,35,106,220,150,,,,Yes,68548437
400,Rajasthan,Jaipur,"RJPB Office,Jhalana Doongari",5,12,8,16,44,32,62,156,123,,,,Yes,68548437
401,Rajasthan,Jaipur,"District Education Officer,
Chandpole",5,12,8,16,51,34,62,562,263,,,,Yes,68548437
402,Rajasthan,Jaipur,"RIICO Office, M.I.A.",4,11,8,14,52,31,52,511,238,,,,Yes,68548437
403,Rajasthan,Jaipur,"RSPCB, Vidyadhar Nagar",6,13,9,18,52,36,176,437,290,,,,Yes,68548437
404,Rajasthan,Jaipur,VKIA,4,14,9,11,63,34,38,410,185,,,,Yes,68548437
405,Rajasthan,Jodhpur,"DIC Office, Industrial Estate",4,13,6,14,52,23,29,416,126,,,,No,68548437
406,Rajasthan,Jodhpur,Sojati Gate,4,12,6,15,56,25,39,439,247,,,,No,68548437
407,Rajasthan,Jodhpur,"Basni Industrial Area, RIICO
Office",4,25,7,15,62,23,30,255,122,,,,No,68548437
408,Rajasthan,Jodhpur,Maha Mandir Police Thane,4,11,5,13,48,22,43,434,242,,,,No,68548437
409,Rajasthan,Jodhpur,"Office of Housing Board,
Chopasani Road",4,10,5,12,52,22,44,494,271,,,,No,68548437
410,Rajasthan,Jodhpur,Shastri Nagar Police Thana,4,14,6,14,55,24,38,504,150,,,,No,68548437
411,Rajasthan,Kota,"Regional Office, RJPB,
Anantpura",5,15,7,18,65,36,56,483,183,,,,No,68548437
412,Rajasthan,Kota,Municipal Corporation Building,5,13,7,16,54,33,48,413,183,,,,No,68548437
413,Rajasthan,Kota,Samcore Glass Ltd.,5,14,7,16,65,34,27,341,148,,,,No,68548437
414,Rajasthan,Kota,"FireStation Nagar Nigam
Shrinathpuram",5,9,6,16,61,27,41,464,168,,,,No,68548437
415,Rajasthan,Kota,"RajasthanTechnical
University,Rawatbhata",5,16,7,15,36,25,47,500,177,,,,No,68548437
416,Rajasthan,Kota,"Sewage Treatment Plant, Balita,
Kota",5,14,7,14,44,25,19,354,153,,,,No,68548437
417,Rajasthan,Udaipur,Ambamata,5,9,6,20,53,29,22,324,112,,,,No,68548437
418,Rajasthan,Udaipur,Town Hall,5,13,6,20,42,34,17,302,119,,,,No,68548437
419,Rajasthan,Udaipur,"Regional Office,MIA",5,11,6,26,45,35,12,340,98,,,,No,68548437
420,Sikkim,Chungthang,Chungthang,2,29,9,5,25,8,14,298,84,,,,No,610577
421,Sikkim,Gangtok,White Hall Complex,6,16,11,17,43,26,11,426,91,,,,No,610577
422,Sikkim,Gangtok,"Metro Point, Hospital Complex",5,29,13,10,51,29,23,272,102,,,,No,610577
423,Sikkim,Mangan,Mangan Police Station,2,25,8,5,11,6,23,402,130,,,,No,610577
424,Sikkim,Namchi,Namchi,2,30,12,5,15,5,48,544,180,,,,No,610577
425,Sikkim,Pelling,The Pelling Girls Hostel,2,38,13,5,32,9,4,44,26,,,,No,610577
426,Sikkim,Rangpo,Rangpo Fire Station,2,60,17,5,23,9,20,45,30,,,,No,610577
427,Sikkim,Ravangla,Ravangla Range Office,2,25,10,5,20,8,15,34,26,,,,No,610577
428,Sikkim,Singtam,Police Station Building,2,52,14,5,30,9,3,45,20,,,,No,610577
429,Tamilnadu,Chennai,"Govt. High School, Manali",10,18,14,13,26,17,12,30,23,,,,Yes,72147030
430,Tamilnadu,Chennai,Kathivakkam,10,19,13,12,20,16,9,33,20,,,,Yes,72147030
431,Tamilnadu,Chennai,Thiruvottiyur,10,16,13,5,38,16,16,75,54,,,,Yes,72147030
432,Tamilnadu,Chennai,Madras Medical College,2,13,3,5,67,20,16,44,22,,,,Yes,72147030
433,Tamilnadu,Chennai,"NEERI, CSIR CampusTaramani",2,8,2,5,52,20,19,67,44,,,,Yes,72147030
434,Tamilnadu,Chennai,Thiruvottiyur Municipal Office,2,69,11,5,68,23,25,122,58,,,,Yes,72147030
435,Tamilnadu,Chennai,Adiyar,8,13,10,5,18,14,27,99,61,,,,Yes,72147030
436,Tamilnadu,Chennai,Kilpauk,10,32,12,13,27,19,30,93,55,,,,Yes,72147030
437,Tamilnadu,Chennai,Thiyagaraya Nagar,8,15,12,14,25,20,13,238,52,,,,Yes,72147030
438,Tamilnadu,Chennai,Vallar Nagar,10,15,12,14,31,19,25,174,53,,,,Yes,72147030
439,Tamilnadu,Chennai,Anna Nagar,8,15,11,12,25,17,8,68,29,,,,Yes,72147030
440,Tamilnadu,Coimbatore,"Poniarajapuram, On the top of
DEL",2,13,4,15,29,22,11,96,48,,,,Yes,72147030
441,Tamilnadu,Coimbatore,G.D.Matric Hr.Sec.School,2,9,4,17,30,23,35,212,96,,,,Yes,72147030
442,Tamilnadu,Coimbatore,"SIDCO Office, Coimbatore/
Kurichi",2,9,9,18,33,28,43,175,98,,,,Yes,72147030
443,Tamilnadu,Cuddalore,Eachangadu Village,8,32,12,8,25,17,40,178,87,,,,No,72147030
444,Tamilnadu,Cuddalore,SIPCOT (Project Office),7,33,12,10,23,16,30,158,79,,,,No,72147030
445,Tamilnadu,Cuddalore,"DEE Office, Cuddalore",7,24,12,13,30,18,18,143,53,,,,No,72147030
446,Tamilnadu,Madurai,Highway (Project -I) Building,7,12,9,16,29,19,18,161,51,,,,No,72147030
447,Tamilnadu,Madurai,Fenner (I) Ltd. Kochadai,13,25,18,15,39,27,20,140,74,,,,No,72147030
448,Tamilnadu,Madurai,"Kunnathur Chatram Avvai Girls
HS School",14,22,17,20,36,27,33,63,46,,,,No,72147030
449,Tamilnadu,Mettur,Raman Nagar,5,10,6,14,30,20,31,73,43,,,,No,72147030
450,Tamilnadu,Mettur,SIDCO,6,11,8,16,41,23,40,79,54,,,,No,72147030
451,Tamilnadu,Salem,Sowdeswari College Building,5,10,7,16,39,25,29,126,60,,,,No,72147030
452,Tamilnadu,Trichy,Gandhi Market,10,26,14,18,34,22,35,232,86,,,,No,72147030
453,Tamilnadu,Trichy,Main Guard Gate,8,17,13,18,25,22,38,131,82,,,,No,72147030
454,Tamilnadu,Trichy,Bishop Heber College,7,18,9,14,22,17,19,101,47,,,,No,72147030
455,Tamilnadu,Trichy,Golden Rock,8,12,9,14,21,18,21,125,59,,,,No,72147030
456,Tamilnadu,Trichy,Central Bus Stand,10,16,14,19,62,23,38,117,51,,,,No,72147030
457,Tamilnadu,Tuticorin,"Fisheries College, Tuticorin
Sipcot",13,18,15,19,29,24,59,152,129,,,,No,72147030
458,Tamilnadu,Tuticorin,Raja Agencies,13,20,16,20,29,25,39,157,130,,,,No,72147030
459,Tamilnadu,Tuticorin,AVM Jewellery Building,9,15,12,12,27,17,22,71,35,,,,No,72147030
460,Telangana,Adilabad,"Building of SCCL Manadamarri
Club Mandamarri, Adilabad",4,7,5,14,28,19,27,52,39,,,,No,35193978
461,Telangana,Hyderabad,Balanagar,3,8,5,20,68,31,101,166,140,,,,Yes,35193978
462,Telangana,Hyderabad,"Tarnaka, NEERI Lab. IICT
Campus",2,14,3,5,28,15,54,312,151,,,,Yes,35193978
463,Telangana,Hyderabad,"Nacharam, Industrial Estate",2,5,3,5,30,15,111,663,245,,,,Yes,35193978
464,Telangana,Hyderabad,"ABIDS Circle General Post
Office",2,13,3,5,35,18,38,341,129,,,,Yes,35193978
465,Telangana,Hyderabad,"Uppal, Modern Foods &
Industries IDA",2,10,5,14,75,28,52,98,63,,,,Yes,35193978
466,Telangana,Hyderabad,Jublee Hills,2,9,4,15,44,28,52,448,131,,,,Yes,35193978
467,Telangana,Hyderabad,Paradise,3,8,5,17,55,29,14,180,74,,,,Yes,35193978
468,Telangana,Hyderabad,Charminar,3,10,5,19,59,30,24,233,69,,,,Yes,35193978
469,Telangana,Hyderabad,Zoo Park,2,51,9,6,121,45,10,119,64,,,,Yes,35193978
470,Telangana,Hyderabad,"Jeedimetla Industrial Estate,
Rangareddy Distt.",3,36,5,16,49,28,48,234,95,,,,Yes,35193978
471,Telangana,Karimnagar,"On the terrace of the DIC
building, Karimnagar",4,11,7,13,38,24,32,245,105,,,,No,35193978
472,Telangana,Khammam,"Station Name: CER Club
Khamam",5,9,7,12,36,21,58,230,121,,,,No,35193978
473,Telangana,Khammam,Jalasoudha building,4,9,7,11,33,21,48,207,108,,,,No,35193978
474,Telangana,Khammam,Mehaboobnagar,7,15,9,23,58,32,11,322,120,,,,No,35193978
475,Telangana,Nalgonda,AP PCB Nalgonda,4,7,6,21,30,26,51,335,116,,,,No,35193978
476,Telangana,Nalgonda,"M/s. Srini Pharmaceuticals pvt.
Ltd.Choutuppal (V & M)",5,10,7,22,34,27,15,146,60,,,,No,35193978
477,Telangana,Nizamabad,"subashnagar,nizamabad dist",4,11,5,14,31,19,31,93,57,,,,No,35193978
478,Telangana,Patencheru,"Police Station, Medak,
Ramachadrapuram",5,12,6,21,31,25,30,112,52,,,,No,35193978
479,Telangana,Ramagundam,"Godavarikhani, Ramagundam,
Karimnagar",7,11,8,7,11,8,20,145,78,,,,No,35193978
480,Telangana,Ramagundam,"Regional office Building of
SANGAREDDY",4,9,5,19,30,22,45,76,59,,,,No,35193978
481,Telangana,Ramagundam,"M/s. Mylan Industries,
Gaddapothara",4,7,5,20,28,25,48,86,64,,,,No,35193978
482,Telangana,Warangal,"KUDA Office, Hanumakonda",6,9,7,18,37,24,50,96,63,,,,No,35193978
483,Telangana,Warangal,"Mee-Seva Building ,Municipal
Complex",6,9,7,15,33,23,40,113,78,,,,No,35193978
484,Uttar Pradesh,Agra**,"Regional Office, Bodla",4,22,8,8,27,14,15,199,69,,,,No,199812341
485,Uttar Pradesh,Agra**,Nunhai,6,22,10,9,29,17,36,96,66,,,,No,199812341
486,Uttar Pradesh,Agra**,Taj Mahal,2,50,3,5,49,17,36,107,74,,,,No,199812341
487,Uttar Pradesh,Agra**,DIC Nunhai,2,12,4,5,70,35,29,100,66,,,,No,199812341
488,Uttar Pradesh,Agra**,Etmad-uddaulah,2,10,3,5,54,24,27,130,73,,,,No,199812341
489,Uttar Pradesh,Agra**,Rambagh,2,14,3,5,65,28,53,419,184,,,,No,199812341
490,Uttar Pradesh,Allahabad,"Square crossing circle of Laxmi
Talkies",2,15,4,14,86,39,75,456,223,,,,No,199812341
491,Uttar Pradesh,Allahabad,Bharat Yantra Nigam Ltd,2,11,4,5,57,27,11,561,167,,,,No,199812341
492,Uttar Pradesh,Allahabad,"Alopibagh/Sewage Pumping
Stations",2,40,5,19,92,41,37,794,243,,,,No,199812341
493,Uttar Pradesh,Allahabad,Jhonstonganj/co-operative Bank,2,36,4,23,109,41,23,519,194,,,,No,199812341
494,Uttar Pradesh,Allahabad,Rambagh/Parag Dairy,2,26,4,19,76,38,26,377,177,,,,No,199812341
495,Uttar Pradesh,Anpara,"Anpara Colony, Sonabhadra",14,20,18,19,35,28,44,477,226,,,,No,199812341
496,Uttar Pradesh,Anpara,"Renusagar Colony, Sonabhadra",15,46,19,18,37,29,31,338,178,,,,No,199812341
497,Uttar Pradesh,Bareily,IVRI Izatnaga,9,12,11,18,23,20,41,341,198,,,,No,199812341
498,Uttar Pradesh,Bareily,"Indian oetrol pump, Civil Line",11,15,12,19,27,24,39,323,196,,,,No,199812341
499,Uttar Pradesh,Firozabad**,"Center for Development of Glass
Industry",5,11,9,20,41,33,37,347,179,,,,No,199812341
500,Uttar Pradesh,Firozabad**,Tilak Nagar,5,13,9,22,79,33,84,150,130,,,,No,199812341
501,Uttar Pradesh,Gajraula,"Raunaq Auto Ltd, J.P. Nagar",5,35,17,8,48,30,65,537,133,,,,No,199812341
502,Uttar Pradesh,Gajraula,"Indira Chowk, J.P. Nagar",5,41,23,11,63,36,165,266,229,,,,No,199812341
503,Uttar Pradesh,Ghaziabad,"Atlas Cycles Industries,
Sahibabad Ind. area",8,38,15,12,45,29,194,318,277,,,,Yes,199812341
504,Uttar Pradesh,Ghaziabad,"Bulandshaar Road Industrial
Area",8,32,15,16,48,28,73,370,224,,,,Yes,199812341
505,Uttar Pradesh,Gorakpur,"M. M.M. Engineering College,
Gorakhpur",4,14,9,12,29,20,64,425,222,,,,No,199812341
506,Uttar Pradesh,Gorakpur,"India Glycol Ltd. Gida,
Gorakhpur",12,68,26,25,66,47,42,308,184,,,,No,199812341
507,Uttar Pradesh,Gorakpur,"Jalkal, Muncipal Corporation,
Golghar",11,28,21,26,56,40,58,328,202,,,,No,199812341
508,Uttar Pradesh,Jhansi,Manik Chawk / Jal chauraha,5,21,8,15,34,23,77,632,248,,,,No,199812341
509,Uttar Pradesh,Jhansi,Veeranga Nagar,4,16,7,5,30,19,86,628,223,,,,No,199812341
510,Uttar Pradesh,Kanpur,"Forest & Training Centre, Kidwai
Nagar",5,9,6,37,59,49,40,154,98,,,,Yes,199812341
511,Uttar Pradesh,Kanpur,"Chamber Of Commerce
Darshanpurwa/ Deputy ka Parao",6,9,7,35,58,49,117,250,193,,,,Yes,199812341
512,Uttar Pradesh,Kanpur,"Associated Chem Pvt Ltd,
Fazalganj, Panki, Site-5",6,10,8,30,49,40,75,249,171,,,,Yes,199812341
513,Uttar Pradesh,Kanpur,Dabauli / Shastri NGR,5,8,7,21,50,37,77,252,134,,,,Yes,199812341
514,Uttar Pradesh,Kanpur,Jajmau / Awas Vikas,5,9,7,28,46,39,55,200,97,,,,Yes,199812341
515,Uttar Pradesh,Kanpur,"I.I.T. Campus, Kanpur",2,2,2,11,27,18,169,253,212,,,,Yes,199812341
516,Uttar Pradesh,Kanpur,"Dada Nagar, Kanpur",5,28,10,20,75,44,204,302,242,,,,Yes,199812341
517,Uttar Pradesh,Kanpur,"Ramadevi, Kanpur",3,16,7,21,76,39,169,287,244,,,,Yes,199812341
518,Uttar Pradesh,Khurja,"Central Glass & Ceramic
Research Institute",19,40,23,18,30,22,120,256,227,,,,No,199812341
519,Uttar Pradesh,Khurja,Ahirpara,17,33,21,17,28,21,176,225,201,,,,No,199812341
520,Uttar Pradesh,Lucknow,Mahanagar,4,15,8,16,42,27,16,353,127,,,,Yes,199812341
521,Uttar Pradesh,Lucknow,"Chandganj Garden, Aliganj",3,15,7,17,42,26,35,719,221,,,,Yes,199812341
522,Uttar Pradesh,Lucknow,"Kapoor Hotel, Hazratganj",5,14,8,16,39,27,41,686,263,,,,Yes,199812341
523,Uttar Pradesh,Lucknow,Talkatora,5,14,8,7,60,28,219,467,240,,,,Yes,199812341
524,Uttar Pradesh,Lucknow,Aminabad / S.M.K Chowk,5,15,8,17,42,28,174,358,192,,,,Yes,199812341
525,Uttar Pradesh,Lucknow,Nagar Nigam,4,15,8,17,60,28,46,477,201,,,,Yes,199812341
526,Uttar Pradesh,Lucknow,"Ansal Technical Institute
Campus, Ansal API",4,14,7,14,39,26,46,462,205,,,,Yes,199812341
527,Uttar Pradesh,Mathura**,"RO. UPPCB, 65 Baldevpuri,
Maholi Road",8,12,10,22,35,27,56,530,217,,,,No,199812341
528,Uttar Pradesh,Mathura**,"CETP, Industrial Area, Mathura",10,14,12,23,38,31,51,499,215,,,,No,199812341
529,Uttar Pradesh,Meerut,Begum Bridge,6,8,7,52,73,62,53,529,223,,,,No,199812341
530,Uttar Pradesh,Meerut,"Thana Railway Road /
Kesarganj",5,7,6,32,59,48,26,681,224,,,,No,199812341
531,Uttar Pradesh,Moradabad,"Hindu College, Station Road",6,40,20,13,52,36,38,459,210,,,,No,199812341
532,Uttar Pradesh,Moradabad,"Central Police Hospital, Civil
Lines",4,33,15,8,41,26,130,204,159,,,,No,199812341
533,Uttar Pradesh,Noida,"UP PPCB, E-12/1, Sector - 1",6,10,7,24,54,32,142,220,183,,,,No,199812341
534,Uttar Pradesh,Noida,"Gee-Pee Electroplating and
Eng. Work",6,11,8,23,54,35,169,194,182,,,,No,199812341
535,Uttar Pradesh,Raebareli,"Town Hall Colony, Ahmad
Nagar, Gulab Road",7,10,9,13,18,15,125,143,133,,,,No,199812341
536,Uttar Pradesh,Raebareli,"Khoya mandi Tiraha Lucknow
Road Raebareli",11,17,15,17,22,20,97,328,220,,,,No,199812341
537,Uttar Pradesh,Raebareli,"Amawan Road Ind. Area
Raebareli",9,11,10,15,18,17,84,265,172,,,,No,199812341
538,Uttar Pradesh,Saharanpur,"SRE-A, IIT Roorkee,
Saharanpur Campus",10,21,15,19,29,24,77,426,168,,,,No,199812341
539,Uttar Pradesh,Saharanpur,"UPCL S.E. Office, Near Clock
Tower",10,23,16,20,30,25,78,356,184,,,,No,199812341
540,Uttar Pradesh,Unnao,"H. No. 5, Krishna Nagar, Unnao",8,10,9,24,28,27,70,152,130,,,,No,199812341
541,Uttar Pradesh,Unnao,"IIA Building, Industrial Area, Site
10, Unnao",9,11,10,27,32,30,87,171,146,,,,No,199812341
542,Uttar Pradesh,Unnao,Saket Nagar,6,18,11,19,43,32,74,170,147,,,,No,199812341
543,Uttar Pradesh,Unnao,BHU,6,15,11,17,38,29,138,350,217,,,,No,199812341
544,Uttar Pradesh,Unnao,Chandpur,8,18,12,20,52,35,140,346,218,,,,No,199812341
545,Uttarakhand,Dehradun**,"Raipur Road, Near parag Diary",24,29,26,26,35,29,79,126,93,,,,No,10086292
546,Uttarakhand,Dehradun**,"Clock Tower, PWD Guest House",23,27,25,27,31,29,112,159,146,,,,No,10086292
547,Uttarakhand,Dehradun**,Himalaya Drug Co. Near ISBT,24,30,27,27,32,30,117,405,257,,,,No,10086292
548,Uttarakhand,Haridwar,"SIDCUL, Haridwar",21,29,25,24,31,28,85,355,216,,,,No,10086292
549,Uttarakhand,Rishikesh,Nagar Palika Parishad,20,26,23,24,30,27,143,428,294,,,,No,10086292
550,West Bengal,Asansol,Asansol Municipal Corporation,7,18,13,28,61,42,102,501,229,,,,No,91276115
551,West Bengal,Asansol,"Kangsabati Spinning Mill,
Barjora",8,20,13,24,59,43,110,336,192,,,,No,91276115
552,West Bengal,Asansol,"Burnpur Town Department,
Burnpur",9,18,13,29,51,42,118,460,302,,,,No,91276115
553,West Bengal,Barrackpore,Barrackpore Municiaplity,4,12,8,41,69,54,84,201,128,,,,No,91276115
554,West Bengal,Barrackpore,Dum Dum Telephone Exchange,5,10,7,44,67,54,112,164,129,,,,No,91276115
555,West Bengal,Barrackpore,Khardah Municipality,5,10,8,46,71,58,38,269,126,,,,No,91276115
556,West Bengal,Durgapur,"DMC Water Works, Angadpur",9,19,13,28,55,42,87,187,119,,,,No,91276115
557,West Bengal,Durgapur,"Kwality Hotel, Bhiringi More,
Benachiti",9,21,14,28,60,43,67,251,142,,,,No,91276115
558,West Bengal,Durgapur,"Bidhannagar, PCBL Club,
Muchipara",3,22,13,12,56,37,100,269,208,,,,No,91276115
559,West Bengal,Durgapur,"Dew India Limited, PCBL More,
Durgapur",9,21,14,27,61,43,119,292,214,,,,No,91276115
560,West Bengal,Haldia,"Bhabanipur, Milan Viyapith,
Bhabanipur",10,35,17,32,90,40,115,264,210,,,,No,91276115
561,West Bengal,Haldia,"Bhunia Raichak, Driver's Hut ,
Bhunia",11,45,19,35,64,43,35,236,104,,,,No,91276115
562,West Bengal,Haldia,"Supermarket Building,
Durgachak",11,28,18,34,56,42,18,262,98,,,,No,91276115
563,West Bengal,Haldia,"WBIIDC Ruchi Soya Ind.
Durgachak",11,41,18,32,63,42,24,309,116,,,,No,91276115
564,West Bengal,Howrah,"Howrah Municipal Corporation
Building",6,20,10,35,105,62,123,277,215,,,,No,91276115
565,West Bengal,Howrah,"CDS & Health Centre, Bator",6,18,9,27,92,53,119,310,218,,,,No,91276115
566,West Bengal,Howrah,"Howrah Municipality School,
Bandhaghat",7,33,12,34,112,63,56,262,131,,,,No,91276115
567,West Bengal,Kolkata,"Salt Lake, Rooftop of CK Market",2,13,4,20,68,39,140,312,219,,,,Yes,91276115
568,West Bengal,Kolkata,"Moulali, Rooftop of KMC office
Building",2,21,6,24,98,50,54,206,98,,,,Yes,91276115
569,West Bengal,Kolkata,"Minto Park, Inside Park AJC
Bose Road",2,20,5,22,77,43,35,212,108,,,,Yes,91276115
570,West Bengal,Kolkata,"Dunlop Bridge, National Sample
Survey",2,22,6,27,88,50,60,208,102,,,,Yes,91276115
571,West Bengal,Kolkata,"Behala Chowrasta, Traffic Guard
Building",2,21,6,25,85,47,45,208,105,,,,Yes,91276115
572,West Bengal,Kolkata,"Baishnabghata, Upanagari
Sporting Club",2,14,3,20,71,38,27,330,126,,,,Yes,91276115
573,West Bengal,Kolkata,"Cossipore Police Station, B.T.
Road",2,26,4,5,273,82,26,324,113,,,,Yes,91276115
574,West Bengal,Kolkata,"Dalhousie Square, Lal Bazzar
Police Headqtr.",2,20,3,5,147,42,27,344,118,,,,Yes,91276115
575,West Bengal,Kolkata,Kasba,2,9,3,8,264,54,24,322,112,,,,Yes,91276115
576,West Bengal,Raniganj,Raniganj Municipality,9,21,13,12,60,42,31,409,148,,,,No,91276115
577,West Bengal,Raniganj,"Mangalpur, SKS School
Mangalpur",9,21,13,30,62,43,24,317,119,,,,No,91276115
578,West Bengal,Raniganj,Jamuria Municipality,9,18,13,31,52,42,36,340,145,,,,No,91276115
579,West Bengal,Sankrail,Bharat Co-op Housing Society,3,14,7,21,81,41,32,372,143,,,,No,91276115
580,West Bengal,Sankrail,"Bagan Police Station, Bagan",3,13,7,23,75,43,20,272,108,,,,No,91276115
581,West Bengal,Sankrail,Dhulagar Gram Pachayat,3,15,7,25,78,41,11,385,108,,,,No,91276115
582,West Bengal,Sankrail,"P Mukherjee's House, Near SBI
Amta",3,8,5,19,58,33,3,441,63,,,,No,91276115
583,West Bengal,"South
Suburban","Bauipur Police Station, Baruipur",2,16,3,19,69,38,5,262,75,,,,No,91276115
,,,,,,,,,,,,,,,,,