,State,City,Location,2017 SO2 Minimum,2017 SO2 Maximum,2017 SO2 Annual Average,2017 NO2 Minimum,2017 NO2 Maximum,2017 NO2 Annual Average,2017 PM10 Minimum,2017 PM10 Maximum,2017 PM10 Annual Average,2017 PM2.5 Minimum,2017 PM2.5 Maximum,2017 PM2.5 Annual Average,Is metropolitan city?,State Population 2011
1,Andhra Pradesh,Anantapur,Kamala Nagar,4,8,5,11,50,18,28,184,78,35,108,68,No,49386799
2,Andhra Pradesh,Chitoor,GNC Toll Gate Tirumala,3,9,5,12,139,75,21,124,68,9,417,89,No,49386799
3,Andhra Pradesh,Chitoor,"Near M/s.Nutrine Confectionery, Palamaner
Road",4,7,5,10,23,13,38,89,69,5,498,72,No,49386799
4,Andhra Pradesh,Eluru,At Ashram Diagnostic Centre,4,13,5,21,36,26,48,100,74,9,228,60,No,49386799
5,Andhra Pradesh,Guntur,"Near Hindu College, Market Road",5,6,5,20,35,26,46,87,69,7,176,60,No,49386799
6,Andhra Pradesh,Kadapa,"Near ICL, Yerraguntla, YSR",4,7,5,10,30,13,51,119,74,7,245,66,No,49386799
7,Andhra Pradesh,Kakinada,Office Building Ramanayyapeta,6,18,8,11,32,18,41,209,66,7,196,61,No,49386799
8,Andhra Pradesh,Kurnool,"Mourya Inn, Krishna Nagar",4,8,5,10,41,15,26,226,82,30,52,37,No,49386799
9,Andhra Pradesh,Nellore,"Venkatareddy nagar, Vedayapalem",4,6,5,20,34,27,58,102,65,46,57,53,No,49386799
10,Andhra Pradesh,Prakasam,"Near Court Center, Ongole",5,6,5,21,35,27,59,98,65,26,44,33,No,49386799
11,Andhra Pradesh,Rajahmundry,Staff Clud Building,6,13,8,11,29,18,38,144,65,26,41,32,No,49386799
12,Andhra Pradesh,Srikakulam,"SAMKRG Pistons Quarters Bulding,Near
IDA,Pydibhimavaram",6,13,9,10,29,18,43,232,70,25,42,32,No,49386799
13,Andhra Pradesh,Tirupati,"Regional Science Centre, Chittoor Bypass",3,6,5,10,33,12,35,105,63,23,39,32,No,49386799
14,Andhra Pradesh,Vijaywada,Benz Circle,5,46,6,22,44,29,65,119,94,21,39,31,No,49386799
15,Andhra Pradesh,Vijaywada,Autonagar,5,6,6,22,41,30,69,134,104,25,42,33,No,49386799
16,Andhra Pradesh,Vijaywada,Police Control Room,5,6,5,21,39,29,71,131,100,20,341,114,No,49386799
17,Andhra Pradesh,"Vishakhapatn
am","Industrial Estate, Marripalem",5,25,8,9,41,17,33,121,69,13,270,83,No,49386799
18,Andhra Pradesh,"Vishakhapatn
am","Panchayat Raj office, Mindi",4,28,8,9,47,17,32,184,71,18,266,117,No,49386799
19,Andhra Pradesh,"Vishakhapatn
am",Police Barracks,5,50,10,10,41,23,35,191,88,22,277,101,No,49386799
20,Andhra Pradesh,"Vishakhapatn
am","INS-Virabahu, Naval Area",5,36,8,10,40,15,34,151,68,33,227,90,No,49386799
21,Andhra Pradesh,"Vishakhapatn
am",Seethammadhara,5,40,8,10,37,16,25,291,68,19,232,103,No,49386799
22,Andhra Pradesh,"Vishakhapatn
am",Ganapuram Area,6,60,10,10,45,21,33,272,84,9,56,22,No,49386799
23,Andhra Pradesh,"Vishakhapatn
am","Pedagantyada, Gajuwada",5,26,8,10,30,15,32,175,71,8,31,17,No,49386799
24,Andhra Pradesh,"Vishakhapatn
am","CWMP, RAMKY, Parawada",5,32,8,9,38,15,31,145,67,8,44,20,No,49386799
25,Andhra Pradesh,Vizianagaram,"APIIC Building at IDA Bobbili Growth
Center,Vizianagaram",6,18,9,11,30,17,35,112,72,5,53,21,No,49386799
26,Andhra Pradesh,Itnagar,PPC's Office compound itanagar,2,6,3,3,17,8,4,190,63,25,67,45,No,49386799
27,Andhra Pradesh,Naharlagun,APSPCB Office compound,2,17,4,2,11,6,7,183,76,18,42,28,No,49386799
28,Assam,Bongaigaon,"Oil India Ltd. PS-6, Chirang",3,24,5,11,29,13,42,129,61,8,88,27,No,31205576
29,Assam,Bongaigaon,Barpara Office Building,3,19,4,10,31,12,43,96,57,8,37,18,No,31205576
30,Assam,Daranga,"BATAD, Baska",3,10,6,10,21,15,21,170,69,8,46,19,No,31205576
31,Assam,Dibrugarh,Dibrugarh Office Building,5,12,7,10,27,16,21,116,58,9,99,47,No,31205576
32,Assam,Golaghat,Golaghat Office Building,4,8,6,7,21,14,19,121,56,8,48,23,No,31205576
33,Assam,Guwahati,"Head Office, Bamunimaidam",4,13,7,11,25,16,46,271,116,16,46,29,No,31205576
34,Assam,Guwahati,"Boragaon, IASST, Kamrup",4,12,7,12,24,17,28,276,99,17,48,32,No,31205576
35,Assam,Guwahati,"Guwahati University, Kamrup",4,20,7,10,22,17,30,223,94,8,53,18,No,31205576
36,Assam,Guwahati,"ITI Building, Gopinath Nagar",5,12,7,12,32,16,38,345,123,9,57,24,No,31205576
37,Assam,Guwahati,"Khanapara, Central Dairy, Kamrup",4,12,7,11,23,16,32,305,101,29,53,37,No,31205576
38,Assam,Guwahati,"Near Pragjyotish College, Santipur",4,13,7,11,25,16,37,235,101,30,96,40,No,31205576
39,Assam,Lakhimpur,"Bazar Patti, North Lakhimpur Town",4,12,7,10,25,17,16,165,62,28,48,37,No,31205576
40,Assam,Margherita,Coal India Office,4,11,7,8,22,14,21,134,60,29,98,42,No,31205576
41,Assam,Nagaon,"Water Resources Div., Christian Patty",5,13,7,10,24,16,19,250,75,27,97,39,No,31205576
42,Assam,Nalbari,PWD Rural Div Office Complex,4,10,6,10,23,16,34,329,95,27,48,36,No,31205576
43,Assam,Sibsagar,Sibasagar Office Building,4,10,7,8,15,12,28,234,70,27,49,36,No,31205576
44,Assam,Sibsagar,"Usha Lodge, near ONGCL Colony",6,13,8,10,18,14,48,302,92,27,46,37,No,31205576
45,Assam,Silchar,Janiganj Govt. Boys HS School campus,5,8,6,10,14,11,36,59,50,28,49,36,No,31205576
46,Assam,Silchar,"RLO, Ithkola Market, Ghaniwala Road",5,9,6,7,12,9,34,60,48,27,53,35,No,31205576
47,Assam,Tezpur,Tezpur Office Building,4,12,8,12,24,17,33,325,108,26,67,35,No,31205576
48,Assam,Tinsukia,"Digboi Carbon factory Campus, Borguri",5,11,7,9,23,15,23,220,68,23,70,36,No,31205576
49,Assam,Tinsukia,"Shreepuria, Borguri",2,13,8,7,27,16,15,177,71,26,102,39,No,31205576
50,Assam,Tinsukia,Shivdham,4,11,7,9,26,15,26,167,72,25,72,34,No,31205576
51,Bihar,Begusarai,Begusarai,8,13,10,18,28,23,95,179,126,21,54,31,No,104099452
52,Bihar,Bodhgaya,"Godam Road, Raja Market",6,16,11,14,31,22,23,123,77,26,96,40,No,104099452
53,Bihar,Darbhanga,"Ashok Hotel,Kadirabad chowk",8,16,11,10,30,19,29,153,72,22,156,35,No,104099452
54,Bihar,Muzaffarpur,"BSPCB Regional Office, Bela Industrial Area",7,15,11,12,33,20,30,444,167,21,52,33,No,104099452
55,Bihar,Patna,"Beltron Bhawan, Shastri Nagar",2,5,4,11,52,27,20,270,117,27,82,37,Yes,104099452
56,Bihar,Patna,"Gandhi Maidan, Auto Exhaust Test Centre",4,14,5,27,71,50,39,534,196,22,83,39,Yes,104099452
57,Bihar,Rajgir,"Sujkund, Near Samuraji hotel",7,15,11,15,31,22,27,151,84,8,94,40,No,104099452
58,Bihar,Sasaram,"Takia,Ward no.2, Rhotas",7,28,11,15,33,22,28,139,87,25,44,33,No,104099452
59,Chandigarh,Chandigarh,"Modern Foods, Industrial Area",2,2,2,7,63,21,24,357,121,28,54,37,No,1055450
60,Chandigarh,Chandigarh,Sector-17 C,2,2,2,2,71,16,16,350,103,27,47,36,No,1055450
61,Chandigarh,Chandigarh,"Punjab Engineering College, Sector- 12",2,2,2,4,50,14,17,330,98,7,49,25,No,1055450
62,Chandigarh,Chandigarh,"Sector-39, IMTECH",2,2,2,3,52,16,19,352,114,6,50,22,No,1055450
63,Chandigarh,Chandigarh,Kaimbwala Village,2,2,2,3,40,14,19,381,108,4,38,20,No,1055450
64,Chandigarh,Bhillai,"Visak Hostel, Sector-4",4,12,9,15,26,20,60,103,88,10,146,42,No,1055450
65,Chandigarh,Bhillai,"R.O., 5/32 Banglow Office Building",4,6,5,13,18,15,58,81,70,13,92,40,No,1055450
66,Chandigarh,Bhillai,M.P. Laghu Udyog Nigam,8,13,11,24,34,28,99,176,134,8,82,37,No,1055450
67,Chandigarh,Bilaspur,"Regional Office, CECB Vyapar Vihar",4,11,6,14,25,19,44,94,75,21,95,51,No,1055450
68,Chandigarh,Korba,"HIG 21,22.Near Ghantaghar, MP Extension",10,21,12,17,29,20,42,80,63,22,72,43,No,1055450
69,Chandigarh,Korba,"Pragati Nagar NTPC Colony, Jamnipali",8,12,11,15,21,19,33,83,53,37,85,50,No,1055450
70,Chandigarh,Raipur,"New HIG-9, Hirapur",5,14,10,15,37,26,61,91,70,30,73,47,No,1055450
71,Chandigarh,Raipur,M/S Wool Worth India Pvt. Ltd. Sarora,6,15,11,16,40,28,85,94,89,26,71,36,No,1055450
72,Dadra & Nagar Haveli,Silvassa,"Khadoli Industrial Area, Khadoli",11,24,16,18,32,24,24,199,105,27,66,43,No,343709
73,Dadra & Nagar Haveli,Silvassa,"Chetan Guest House, Near Post Office",9,21,15,12,34,24,22,221,101,25,83,53,No,343709
74,Dadra & Nagar Haveli,Silvassa,"M/s. Baldevi, Dandul Faliya",12,25,16,14,30,23,80,139,113,7,153,53,No,343709
75,Daman & Diu,Daman,"Kadaiya Industrial Area, Kadaiya",9,19,14,12,38,25,84,139,109,7,89,39,No,243247
76,Daman & Diu,Daman,"Mashal Chawk, Nani Daman",10,18,14,12,44,23,75,137,106,9,38,20,No,243247
77,Daman & Diu,Daman,Makat Faliya/ Ambavadi Moti Daman,10,19,15,12,31,23,73,140,106,6,83,21,No,243247
78,Delhi,Delhi,"N.Y. School, Sarojini Nagar, Delhi",2,18,6,24,216,88,76,137,107,8,45,27,No,16787941
79,Delhi,Delhi,Janakpuri,4,44,8,16,140,51,69,142,105,10,34,19,No,16787941
80,Delhi,Delhi,"Mayapuri Industrial Area, Delhi",2,22,8,38,203,97,33,794,152,23,49,29,No,16787941
81,Delhi,Delhi,Nizamuddin,4,18,6,17,191,56,67,738,292,16,48,32,No,16787941
82,Delhi,Delhi,Pritampura,4,43,7,15,123,43,42,873,257,22,53,37,No,16787941
83,Delhi,Delhi,Shahadra,4,25,8,17,118,45,70,610,240,5,46,28,No,16787941
84,Delhi,Delhi,Shahzada Bagh,4,28,6,14,124,63,37,735,199,29,57,42,No,16787941
85,Delhi,Delhi,Siri Fort,4,30,7,21,143,53,82,695,289,22,28,25,No,16787941
86,Delhi,Delhi,"Town Hall, Ayurvedic Dispensary, Chandni
Chowk, Delhi",2,25,10,31,178,112,68,1141,292,19,90,50,No,16787941
87,Goa,Amona,"Amona, Bicholim",4,13,8,8,19,14,39,814,252,21,32,27,No,1458545
88,Goa,Assanora,"Assanora Junction, Bardez",4,12,9,9,22,14,33,563,191,5,109,39,No,1458545
89,Goa,Bicholim,Bicholim,4,13,8,8,20,14,29,150,67,9,30,17,No,1458545
90,Goa,Codli,"Codli Tisk, Ponda, Sanguem",4,14,8,6,21,13,24,98,52,35,70,58,No,1458545
91,Goa,Cuncolim,Cuncolim,5,12,8,10,21,15,23,132,62,20,44,32,No,1458545
92,Goa,Curchorem,"Curchorem, Sanvordem, Quepem",4,9,7,11,17,13,15,168,66,18,35,28,No,1458545
93,Goa,Honda,"Honda Junction, Sattari",4,13,9,8,21,14,51,128,84,20,172,47,No,1458545
94,Goa,Kundaim,Kundaim Industrial Estate,4,13,8,8,20,14,35,81,58,28,131,42,No,1458545
95,Goa,Mapusa,Mapusa town,2,17,4,5,34,12,26,273,86,19,68,30,No,1458545
96,Goa,Margao,Margao Town,4,13,8,8,21,14,24,122,56,29,95,41,No,1458545
97,Goa,Mormugao,"Fire Brigade Station, Port Trust",2,6,4,5,17,9,15,177,87,23,136,42,No,1458545
98,Goa,Panaji,"Old GSPCB premises, Patto",2,15,4,5,37,14,25,117,58,28,150,47,No,1458545
99,Goa,Ponda,Ponda Town,4,14,8,7,20,14,58,177,103,12,58,38,No,1458545
100,Goa,Sanguem,"Near Railway Station at Kalem, Sanguem",4,9,7,8,16,13,19,361,105,12,58,44,No,1458545
101,Goa,Tilamol,"Quepem, Tilamol",4,9,7,11,18,14,25,153,73,31,87,42,No,1458545
102,Goa,Tuem,Tuem,3,14,9,9,35,15,32,88,59,31,109,53,No,1458545
103,Goa,Usgao,"Usgao Plae, Junction, Ponda",3,12,8,8,20,14,38,96,63,28,88,46,No,1458545
104,Goa,Vasco,"Fuse Call Office, Mormugao",2,12,4,3,26,11,25,169,58,26,62,42,No,1458545
105,Gujarat,Ahmedabad,"Naroda, G.I.D.C., Ahmadabad",10,17,14,20,42,29,28,177,74,22,63,43,Yes,60439692
106,Gujarat,Ahmedabad,Cadilla Bridge Narol,10,24,14,17,40,29,13,261,89,11,90,18,Yes,60439692
107,Gujarat,Ahmedabad,"Bhagavathi Estate, Keval Kanta Road, Rakhiyal",9,18,13,18,41,29,85,179,116,19,91,27,Yes,60439692
108,Gujarat,Ahmedabad,"Dyno Wash,27 Ilaben Estate",7,24,15,20,51,31,92,446,136,13,87,42,Yes,60439692
109,Gujarat,Ahmedabad,L.D. Engg. College,9,19,13,18,43,26,88,151,115,13,94,40,Yes,60439692
110,Gujarat,Ahmedabad,"Shardaben Hospital, Saraspur",9,19,13,20,39,28,72,486,144,17,38,29,Yes,60439692
111,Gujarat,Ahmedabad,"R.C. Technical High School, Mirzapur",9,19,14,19,39,28,91,196,118,17,43,32,Yes,60439692
112,Gujarat,Ahmedabad,"AZL Behrampura, Ahmadabad",9,21,14,19,39,30,85,152,112,21,54,38,Yes,60439692
113,Gujarat,Ahmedabad,"Sola L.T. Chanakyapuri Pumping Station,",10,17,13,20,41,28,87,157,113,30,52,41,Yes,60439692
114,Gujarat,Anklesvar,Rallis India Ltd.,10,20,13,18,36,25,88,148,115,31,59,46,No,60439692
115,Gujarat,Anklesvar,"Durga Traders, Bhavanafarm Society",9,20,13,14,40,25,90,157,112,11,48,27,No,60439692
116,Gujarat,Jamnagar,Fisheries Office,9,27,16,10,60,23,87,189,109,13,42,23,No,60439692
117,Gujarat,Rajkot,Nr. Sardhara Industrial Corporation,9,53,17,12,58,23,81,143,106,18,50,33,No,60439692
118,Gujarat,Rajkot,GPCB Regional Offce,8,25,15,11,49,21,73,203,104,13,71,29,No,60439692
119,Gujarat,Surat,S.V.R. Engg. College,8,29,15,11,49,22,80,347,115,29,83,51,Yes,60439692
120,Gujarat,Surat,"B.R.C. High School, Udhna",8,41,18,12,84,27,80,203,98,26,85,50,Yes,60439692
121,Gujarat,Surat,Near Air India Office,8,37,17,11,85,28,72,128,95,25,76,50,Yes,60439692
122,Gujarat,Vadodara,"GPCB Office, Geri Vasahat",8,34,16,9,48,22,88,323,120,24,62,43,No,60439692
123,Gujarat,Vadodara,"Sterling Gelatin Guest House, Vill-Karakhadi
Padia",10,20,13,12,47,23,78,211,104,17,50,32,No,60439692
124,Gujarat,Vadodara,Dandia Bazaar,9,32,17,11,53,24,74,151,96,13,50,33,No,60439692
125,Gujarat,Vadodara,CETP Nandesari,9,37,18,11,54,25,82,253,111,20,58,40,No,60439692
126,Gujarat,Vadodara,Lubrizol,8,28,15,10,32,20,83,248,117,4,179,40,No,60439692
127,Gujarat,Vapi,"GEB, IIIrd Phase, GIDC",9,19,14,17,36,26,83,292,120,25,81,46,No,60439692
128,Gujarat,Vapi,"Vapi Nagar Palika, Vapi",9,19,13,17,38,24,78,122,97,22,85,45,No,60439692
129,Haryana,Hissar,Urban Estate - II,5,11,6,7,11,8,89,175,116,26,61,43,No,25351462
130,Haryana,Yamunanagar,Ballarpur Industries,11,18,13,21,31,25,86,148,112,26,58,41,No,25351462
131,Himachal Pradesh,Baddi,Industry Department Office Building,1,2,1,23,38,30,60,693,220,33,78,51,No,6864602
132,Himachal Pradesh,Baddi,AHC barotiwala,1,2,2,16,28,21,34,224,104,18,56,35,No,6864602
133,Himachal Pradesh,Baddi,Housing Board,1,2,2,18,37,26,131,285,196,17,102,33,No,6864602
134,Himachal Pradesh,Damtal,Regional Office,2,2,2,5,26,11,115,205,150,13,68,35,No,6864602
135,Himachal Pradesh,Damtal,Old Road,2,2,2,5,17,9,43,344,171,15,68,38,No,6864602
136,Himachal Pradesh,Dharamshala,Kotwali Bazar Dharamshala,2,2,2,4,14,7,26,125,67,19,85,52,No,6864602
137,Himachal Pradesh,Dharamshala,"Daari, Dharamshala",2,2,2,3,11,6,15,105,58,15,36,27,No,6864602
138,Himachal Pradesh,Gulaba,Gulaba,2,2,2,5,8,5,12,72,35,15,63,30,No,6864602
139,Himachal Pradesh,Kala Amb,Kala Amb Industrial Area,2,4,3,12,16,14,10,64,37,29,75,47,No,6864602
140,Himachal Pradesh,Kala Amb,Kala Amb Town/Trilokpur,2,4,3,11,17,13,14,49,28,24,65,41,No,6864602
141,Himachal Pradesh,Manali,"Nehru Park, Manali, Kullu",2,5,2,5,25,12,96,241,153,22,64,42,No,6864602
142,Himachal Pradesh,Manali,"HPSPCB, Hadimba Road, Manali, Kullu",2,3,2,5,14,6,48,138,85,23,77,49,No,6864602
143,Himachal Pradesh,Marhi,Marhi,2,2,2,5,5,5,17,88,48,17,95,45,No,6864602
144,Himachal Pradesh,Nalagarh,Municipal Council,2,2,2,16,28,21,13,95,39,22,86,54,No,6864602
145,Himachal Pradesh,Paonta Sahib,Paonta Sahib,2,5,2,11,18,13,11,41,21,34,84,54,No,6864602
146,Himachal Pradesh,Paonta Sahib,Gondhpur Industrial Area,2,4,3,12,16,14,47,289,147,21,140,63,No,6864602
147,Himachal Pradesh,Parwanoo,"Regional Office, Sector- 4",2,2,2,5,15,6,18,228,74,14,91,36,No,6864602
148,Himachal Pradesh,Parwanoo,Asst. Commissioner Building Sector I,2,2,2,5,10,5,29,247,94,13,95,39,No,6864602
149,Himachal Pradesh,Shimla,Tekka Bench Ridge,2,5,3,8,22,15,14,98,61,13,91,40,No,6864602
150,Himachal Pradesh,Shimla,"Bus Stand, Winterfield",2,8,5,14,32,24,21,111,69,17,116,40,No,6864602
151,Himachal Pradesh,Sunder Nagar,"HPSPCB, BBMB Colony, Mandi",2,2,2,5,18,9,27,71,41,11,41,24,No,6864602
152,Himachal Pradesh,Sunder Nagar,"Muncipal Council, NH-21, Mandi",2,2,2,5,22,12,25,137,59,12,41,27,No,6864602
153,Himachal Pradesh,Una,"Regional Office, Una",2,2,2,5,9,5,20,172,66,10,86,33,No,6864602
154,Himachal Pradesh,Una,"DIC Building, Mehatpur, Una",2,2,2,5,8,5,20,183,79,12,67,36,No,6864602
155,Himachal Pradesh,Vashisht,Vashisht,2,4,2,5,13,6,50,78,61,27,49,40,No,6864602
156,Jammu & Kashmir,Jammu,"Regional Office, Jammu",2,6,4,9,27,18,56,87,71,18,92,68,No,12541302
157,Jammu & Kashmir,Jammu,"M.A. Stadium, Jewel Chowk",2,6,4,10,24,18,16,89,35,10,91,42,No,12541302
158,Jammu & Kashmir,Jammu,Bari Brahamana Industrial Area,2,6,4,8,27,18,90,205,149,18,69,43,No,12541302
159,Jharkhand,Dhanbad,R.O. Dhanbad,13,18,15,31,43,37,67,220,146,11,25,18,No,32988134
160,Jharkhand,Dhanbad,"EMTI, Bastacola",13,19,15,35,49,39,52,195,151,39,64,46,No,32988134
161,Jharkhand,Dhanbad,"CGM Office, Kusunda",12,18,14,32,46,36,129,262,171,21,86,46,No,32988134
162,Jharkhand,Jamshedpur,Bistupur Vehical Testing Centre,26,43,36,32,54,46,128,368,256,16,96,44,No,32988134
163,Jharkhand,Jamshedpur,Golmuri Vehicle Testing Centre,27,42,36,34,53,45,235,349,287,12,71,32,No,32988134
164,Jharkhand,Jharia,M.A.D.A.,13,16,14,32,41,36,85,175,131,9,58,32,No,32988134
165,Jharkhand,Ranchi,"Albert Ekka Chowk, Main Road",17,39,19,34,51,37,77,172,130,10,53,31,No,32988134
166,Jharkhand,"Saraikela
Kharsawan","RO Building, Adityapur",26,42,35,31,54,44,239,370,295,14,77,38,No,32988134
167,Jharkhand,Sindri,BIT / PDIL,12,22,14,30,56,35,133,159,142,14,52,24,No,32988134
168,Jharkhand,"West
Singhbhum",Barajamda U.M. Office,11,32,17,16,27,22,72,176,131,13,56,31,No,32988134
169,Karnataka,Bagalkote,Bagalkote KSPCB Office Premises,2,2,2,11,23,14,125,197,158,21,64,35,No,61095297
170,Karnataka,Bangalore,"Graphite India, White Field Road",2,2,2,23,39,31,36,95,77,23,39,31,No,61095297
171,Karnataka,Bangalore,"AMCO Batteries, Mysore Road",2,2,2,25,48,35,22,88,54,21,116,60,No,61095297
172,Karnataka,Bangalore,"KHB Industrial Area, Yelahanka",2,2,2,20,37,29,45,247,117,6,94,53,No,61095297
173,Karnataka,Bangalore,Peenya Industrial Area,2,2,2,28,44,34,46,171,89,21,120,53,No,61095297
174,Karnataka,Bangalore,Victoria hospital,2,2,2,23,41,33,39,197,101,22,96,45,No,61095297
175,Karnataka,Bangalore,Yeshwanthpura police station,2,2,2,29,47,35,41,174,102,21,87,51,No,61095297
176,Karnataka,Bangalore,"Jnanabharathi, Bangalore University",2,12,4,3,28,11,35,124,65,20,127,58,No,61095297
177,Karnataka,Bangalore,"RV College of Engineering, Mysore Road",2,10,2,12,42,33,43,144,88,6,124,51,No,61095297
178,Karnataka,Bangalore,"TERI office, Vital Medi healthcare Pvt Ltd",2,2,2,28,47,35,1,48,25,20,119,58,No,61095297
179,Karnataka,Belgaum,Karnataka SPCB Office Building,2,2,2,11,29,17,60,163,112,11,62,27,No,61095297
180,Karnataka,Bijapur,KSPCB Office Premises,2,3,2,6,22,14,64,186,125,11,50,36,No,61095297
181,Karnataka,Chitradurga,KSPCB Office Premises,2,4,3,5,13,6,17,356,95,21,38,29,No,61095297
182,Karnataka,Devanagere,"Regional Office building, KSPCB",2,6,3,5,10,7,32,311,127,12,50,31,No,61095297
183,Karnataka,Devanagere,"Mothi Theatre, Gandhi Circle, P.B. Road",4,7,5,7,12,10,30,206,94,6,203,45,No,61095297
184,Karnataka,Devanagere,"HPF Intakewell, Kumarapattnam",2,5,3,5,8,6,23,93,46,14,47,30,No,61095297
185,Karnataka,Gulburga,Government Hospital,2,5,3,13,62,27,25,143,49,14,52,35,No,61095297
186,Karnataka,Hassan,KSRTC bus stand building,4,8,5,15,21,19,45,358,161,14,43,29,No,61095297
187,Karnataka,"Hubli-
Dharwad","Lakkamanahalli Industrial Area, Dharwad",4,7,5,15,32,23,18,99,50,30,81,50,No,61095297
188,Karnataka,"Hubli-
Dharwad","Rani Chennamma Circle, Hubli",4,9,5,22,32,26,10,133,54,6,458,108,No,61095297
189,Karnataka,Karwar,Karwar Port Directors Office,4,6,5,11,28,24,18,57,31,13,498,149,No,61095297
190,Karnataka,Kolar,"KSPCB Office Premises, Kolar",2,2,2,23,39,32,46,94,69,12,440,131,No,61095297
191,Karnataka,Mandya,"KSPCB Building, Bandigowda Badarahe",2,7,2,10,21,16,70,101,89,10,333,106,No,61095297
192,Karnataka,Mangalore,Baikampady Industrial Area,3,12,8,5,14,9,54,121,73,12,474,102,No,61095297
193,Karnataka,Mysore,"K.R.Circle, Visvesvaraya Bldg",2,9,2,11,31,19,37,133,68,16,28,21,No,61095297
194,Karnataka,Mysore,KSPCB Bldg. Hebbal Ind. Area,2,9,2,13,23,18,34,71,45,14,37,24,No,61095297
195,Karnataka,Raichur,"KSPCB Office Premises, Raichur",2,24,3,5,35,12,41,114,75,17,169,65,No,61095297
196,Karnataka,Shimaga,"The VISL, Oxygen Plant, Shimoga",2,5,3,5,10,6,44,115,55,16,175,62,No,61095297
197,Karnataka,Timukuru,KSPCB Office Premises,2,2,2,21,37,31,37,66,50,31,182,75,No,61095297
198,Kerala,Alappuzha,"District Office, Alissery Road",2,2,2,5,5,5,25,318,92,25,160,67,No,33406061
199,Kerala,Alappuzha,"DC Mills, Pathirappally",2,2,2,5,5,5,14,92,36,27,169,69,No,33406061
200,Kerala,Kochi,"Eloor I, FACT, Ambalamughal",2,2,2,15,60,29,46,184,125,29,169,72,Yes,33406061
201,Kerala,Kochi,Eloor II,2,2,2,20,59,32,27,69,52,11,121,46,Yes,33406061
202,Kerala,Kochi,Irumpanam,2,10,3,5,34,15,31,84,63,15,93,44,Yes,33406061
203,Kerala,Kochi,Ernakulum South,2,6,2,5,34,13,17,110,46,38,142,67,Yes,33406061
204,Kerala,Kochi,VYTTILA,2,11,3,5,48,20,14,122,57,32,124,69,Yes,33406061
205,Kerala,Kochi,MG Road Bank Ernakulum,2,9,3,5,27,12,28,92,54,24,62,35,Yes,33406061
206,Kerala,Kochi,KALAMASSERY / CSIR Complex,2,7,2,5,34,9,17,159,49,,,,Yes,33406061
207,Kerala,Kollam,"KSPCB, District Office, Kadappakada",2,5,2,5,5,5,17,138,49,,,,No,33406061
208,Kerala,Kollam,KMML Chavara,2,7,3,5,11,7,14,139,50,,,,No,33406061
209,Kerala,Kottayam,Kottayam,4,5,4,12,17,14,10,135,51,,,,No,33406061
210,Kerala,Kottayam,Vadavathoor,4,12,5,14,38,15,13,61,39,,,,No,33406061
211,Kerala,Kozhikode,Kozhikode City,2,2,2,9,40,18,18,76,47,,,,Yes,33406061
212,Kerala,Kozhikode,Nallalam,2,2,2,11,31,17,19,122,41,,,,Yes,33406061
213,Kerala,Malapuram,"Kakkanchery, Sijmak oils",2,2,2,9,50,21,23,133,59,,,,No,33406061
214,Kerala,Palakkad,SEPR Refractories India Ltd.,2,2,2,7,10,9,15,95,45,,,,No,33406061
215,Kerala,"Pathanamthit
ta","KSPCB, Makkamkunnu",2,2,2,15,17,16,18,94,49,,,,No,33406061
216,Kerala,"Thiruvananth
apuram",PRS Hospital/COSMO,6,11,8,21,30,26,5,87,32,,,,No,33406061
217,Kerala,"Thiruvananth
apuram",SMV School,6,11,8,22,30,26,24,68,44,,,,No,33406061
218,Kerala,"Thiruvananth
apuram",VELI / HiTech Chackai,13,19,17,22,57,26,26,30,28,,,,No,33406061
219,Kerala,"Thiruvananth
apuram",PETTAH / Sasthamangalam,6,11,8,22,28,26,35,54,48,,,,No,33406061
220,Kerala,Thissur,"KSPCB, District Office, Poonkunnam",2,3,2,4,9,5,39,56,49,,,,No,33406061
221,Kerala,Wayanad,Sulthan Bathery,2,2,2,5,7,5,36,61,51,,,,No,33406061
222,Madhya Pradesh,Amlai,HJI,12,27,20,16,35,26,37,56,49,,,,No,72626809
223,Madhya Pradesh,Amlai,OPM,10,24,18,15,32,23,42,78,56,,,,No,72626809
224,Madhya Pradesh,Bhopal,"Hamidia Road, MP Hastshilp Vikas Nigam",2,24,4,5,35,14,21,72,43,,,,No,72626809
225,Madhya Pradesh,Bhopal,CETP Govindpura,2,7,3,5,21,11,14,60,33,,,,No,72626809
226,Madhya Pradesh,Bhopal,"Nutan Subhash School, T.T. Nagar",2,2,2,5,13,6,54,124,86,,,,No,72626809
227,Madhya Pradesh,Bhopal,"Kolar Thana, Kolar Road, Bhopal",2,14,4,5,35,16,51,109,78,,,,No,72626809
228,Madhya Pradesh,Bhopal,"AKVN Office, Industrial Area Mandideep,
Raisen",2,30,6,5,38,21,64,544,103,,,,No,72626809
229,Madhya Pradesh,Bhopal,"Barkatuallah University, Hoshgabad Road,
Bhopal",2,17,4,5,36,15,66,224,90,,,,No,72626809
230,Madhya Pradesh,Bhopal,"Main Road, Hemu Colony, Bairagarh, Bhopal",2,11,5,5,34,20,43,177,54,,,,No,72626809
231,Madhya Pradesh,Chhindwara,"HIG -33, Front of Geetanali Park Housing
Board Colony, Chadagaon",1,10,5,2,32,17,67,307,106,,,,No,72626809
232,Madhya Pradesh,Chhindwara,"Hindustan Unileaver, Narsinghpur Road,",2,11,5,2,33,18,66,350,110,,,,No,72626809
233,Madhya Pradesh,Dewas,EID Perry (I) Limited,10,19,15,14,45,20,71,205,92,,,,No,72626809
234,Madhya Pradesh,Dewas,Dewas Metal Section,8,17,14,12,23,19,66,224,94,,,,No,72626809
235,Madhya Pradesh,Dewas,Vikas Nagar,8,18,14,12,24,19,20,86,64,,,,No,72626809
236,Madhya Pradesh,Gwalior,Dindayal Nagar,5,15,10,12,53,16,17,85,66,,,,No,72626809
237,Madhya Pradesh,Gwalior,Maharaj Bada,5,15,11,12,83,18,60,88,77,,,,No,72626809
238,Madhya Pradesh,Indore,"M.P. Laghu Udyog, Pologround",9,30,11,18,70,21,59,85,75,,,,Yes,72626809
239,Madhya Pradesh,Indore,"Kothari Market, M.G. Road",9,34,11,17,34,21,50,90,72,,,,Yes,72626809
240,Madhya Pradesh,Indore,"Telephone Nagar, 26 A, Kanadia Road",9,30,11,17,26,21,70,311,100,,,,Yes,72626809
241,Madhya Pradesh,Jabalpur,Vijay Nagar,2,12,2,12,33,17,79,345,120,,,,No,72626809
242,Madhya Pradesh,Jabalpur,Udaipur Beverage Racchai,11,27,18,18,34,25,42,118,83,,,,No,72626809
243,Madhya Pradesh,Katni,"HIG-4 Housing Board Colony Jhinjhri, Katni",3,19,12,19,34,26,41,116,79,,,,No,72626809
244,Madhya Pradesh,Katni,"Calderys Works Refactories India Private
Limited, Guest House, Katni",2,23,12,15,34,26,42,108,78,,,,No,72626809
245,Madhya Pradesh,Nagda,Chem. D. Labour Club,15,36,25,11,28,17,45,220,62,,,,No,72626809
246,Madhya Pradesh,Nagda,B C I Labour Club,10,26,15,13,36,25,63,236,86,,,,No,72626809
247,Madhya Pradesh,Nagda,Grasim Kalyan Kendra,10,27,16,16,42,25,41,190,86,,,,No,72626809
248,Madhya Pradesh,Prithampur,"Vikas Bhavan, Sector-2",8,13,11,15,27,20,38,187,85,,,,No,72626809
249,Madhya Pradesh,Prithampur,"RCC Over Head Tank No. 1, Sector-3",7,13,11,17,26,21,44,85,65,,,,No,72626809
250,Madhya Pradesh,Sagar,Pt.Deendayal Nagar,2,4,2,5,19,13,42,88,68,,,,No,72626809
251,Madhya Pradesh,Sagar,"Katra Bazar, Sagar",2,4,2,6,16,11,55,103,80,,,,No,72626809
252,Madhya Pradesh,Satna,Sub-divisional Office E/M Light Machniery,2,6,3,5,14,7,59,105,82,,,,No,72626809
253,Madhya Pradesh,Satna,"MPPCB,Dharwari GaliNo.5,House No.318",2,5,3,5,13,7,63,114,88,,,,No,72626809
254,Madhya Pradesh,Singrauli,Jayant Township,11,56,25,17,56,32,22,106,69,,,,No,72626809
255,Madhya Pradesh,Singrauli,"N.T.P.C., Vidyanagar",13,62,24,16,60,31,60,86,70,,,,No,72626809
256,Madhya Pradesh,Singrauli,Waidhan,10,60,24,13,60,30,66,127,86,,,,No,72626809
257,Madhya Pradesh,Ujjain,District Office,11,19,15,12,21,17,54,101,74,,,,No,72626809
258,Madhya Pradesh,Ujjain,Regional Office,6,15,11,8,16,13,60,202,109,,,,No,72626809
259,Madhya Pradesh,Ujjain,Mahakal Temple,6,16,12,8,18,13,69,208,110,,,,No,72626809
260,Madhya Pradesh,Ujjain,Chamunda Mata Chouraha,8,19,15,12,21,17,59,208,107,,,,No,72626809
261,Maharashtra,Akola,"LRT Commerce College, Civil Lines, Akola",6,11,9,9,11,10,48,124,89,,,,No,112374333
262,Maharashtra,Akola,"MIDC Water Work, Phash-II, MIDC Akola",8,12,10,9,13,11,34,127,62,,,,No,112374333
263,Maharashtra,Akola,"College Of Engineering & Tech, Akola",6,11,9,9,11,10,28,241,70,,,,No,112374333
264,Maharashtra,Amravati,"Apurva Oil Industries, A-23, MIDC",8,16,12,9,17,13,47,151,80,,,,No,112374333
265,Maharashtra,Amravati,"Elect. Dept., Govt College Engineering",8,15,12,10,17,13,67,144,118,,,,No,112374333
266,Maharashtra,Amravati,"Rajkamal Square, Vaneeta Samaj",9,18,13,10,19,14,86,146,129,,,,No,112374333
267,Maharashtra,Aurangabad,S.B.E.S. College,5,26,12,24,56,36,75,159,133,,,,No,112374333
268,Maharashtra,Aurangabad,Collector Ofiice,5,17,9,7,43,30,53,130,109,,,,No,112374333
269,Maharashtra,Aurangabad,"C.A.D.A. Ofiice, Garkheda",5,23,11,24,54,34,49,135,76,,,,No,112374333
270,Maharashtra,Badlapur,BIWA Office,13,77,26,19,191,68,86,164,132,,,,No,112374333
271,Maharashtra,Bhiwandi,"Prematai Hall, Near Dhamankar Naka",22,36,31,31,52,42,32,200,87,,,,No,112374333
272,Maharashtra,Bhiwandi,"Fire Brigade Office, I.G.M. Hospital",22,37,32,31,53,43,15,152,79,,,,No,112374333
273,Maharashtra,Bhiwandi,"Regional Office, M.P.C. Board, Kalyan",22,58,30,31,60,41,33,158,82,,,,No,112374333
274,Maharashtra,Chandrapur,Grampanchat Ghughus,4,6,4,9,46,27,44,810,159,,,,No,112374333
275,Maharashtra,Chandrapur,M.I.D.C. Chandrapur,4,5,4,11,63,30,63,85,67,,,,No,112374333
276,Maharashtra,Chandrapur,Nagar Parishad,4,6,4,16,59,31,63,85,69,,,,No,112374333
277,Maharashtra,Chandrapur,"Gadchandur Gram Panchayat, Rajura",4,8,4,8,44,29,59,83,68,,,,No,112374333
278,Maharashtra,Chandrapur,"MIDC, Tadali",4,7,4,6,44,28,81,517,255,,,,No,112374333
279,Maharashtra,Chandrapur,"Muncipal Council, Ballarshah",4,5,4,9,40,29,29,370,84,,,,No,112374333
280,Maharashtra,"Dombivali/A
mbernath",Dombivali MIDC Phase-II,14,67,29,22,150,69,22,208,86,,,,No,112374333
281,Maharashtra,"Dombivali/A
mbernath",Ambernath Municipal Council Office,14,83,26,38,196,71,57,387,187,,,,No,112374333
282,Maharashtra,Jalgaon,B. J. Market,10,17,13,23,37,30,36,273,110,,,,No,112374333
283,Maharashtra,Jalgaon,Girna water tank,8,16,13,21,36,30,36,589,155,,,,No,112374333
284,Maharashtra,Jalgaon,MIDC Jalgaon,9,17,14,22,39,32,42,975,176,,,,No,112374333
285,Maharashtra,Jalna,"Bachat Bhawan, Near S P Office",6,15,9,27,56,40,72,529,176,,,,No,112374333
286,Maharashtra,Jalna,"Krishidhan Seeds Ltd, MIDC Area",6,13,10,25,55,37,48,108,77,,,,No,112374333
287,Maharashtra,Kolhapur,"University Campus, Shivaji University",8,17,13,11,32,22,42,101,74,,,,No,112374333
288,Maharashtra,Kolhapur,"Ruikar Trust, S.T. Stand",14,40,29,21,78,52,47,108,80,,,,No,112374333
289,Maharashtra,Kolhapur,"Mahadwar Road, Near Mahalaxmi Temple",12,33,22,14,63,37,53,192,117,,,,No,112374333
290,Maharashtra,Latur,MIDC Water Works,4,8,5,14,27,20,55,117,85,,,,No,112374333
291,Maharashtra,Latur,Kshewraj Vidyalaya Shyam nagar,4,7,5,15,27,20,29,85,58,,,,No,112374333
292,Maharashtra,Latur,Sidhheshwar Sahakari Bank Ganjgolai,4,8,6,6,27,20,58,163,120,,,,No,112374333
293,Maharashtra,Mumbai,"Parel TT, Ambedkar Road",2,15,3,5,72,16,38,136,93,,,,Yes,112374333
294,Maharashtra,Mumbai,Worli,2,14,3,5,132,19,25,167,85,,,,Yes,112374333
295,Maharashtra,Nagpur,Institution of Engineers,7,18,10,17,52,32,16,278,85,,,,Yes,112374333
296,Maharashtra,Nagpur,"Govt. Polytechnic College, Sadar",7,15,10,19,52,31,21,181,72,,,,Yes,112374333
297,Maharashtra,Nagpur,MIDC Office Hingana Road,7,17,11,20,53,34,35,742,166,,,,Yes,112374333
298,Maharashtra,Nagpur,"MIDC Industrial Area, MIDC Office, Hingna",2,20,6,5,91,20,50,483,136,,,,Yes,112374333
299,Maharashtra,Nagpur,"Nagpur Coop Building, Maskasath, Itwari",2,22,7,5,90,25,54,154,95,,,,Yes,112374333
300,Maharashtra,Nagpur,"NEERI Lab, Nehru Marg, Highway No. 7",2,24,7,5,53,21,48,149,98,,,,Yes,112374333
301,Maharashtra,Nagpur,"MPCB Office Premises, Civil Lines",6,15,9,14,47,29,54,243,102,,,,Yes,112374333
302,Maharashtra,Nanded,Ganesh Nagar,12,29,21,10,30,24,3,338,111,,,,No,112374333
303,Maharashtra,Nanded,"Mutha Chowk, Vazirabad",18,41,34,18,37,31,3,406,134,,,,No,112374333
304,Maharashtra,Nanded,"Industrial Area, MIDC, CIDCO",31,89,59,37,90,62,3,218,104,,,,No,112374333
305,Maharashtra,Nashik,R.T.O. Colony Tank,2,24,12,9,34,22,37,172,68,,,,No,112374333
306,Maharashtra,Nashik,"VIP Industrial Area, MIDC Satpura",3,23,11,9,35,20,13,34,23,,,,No,112374333
307,Maharashtra,Nashik,Nashik Municipal Council Building,3,25,12,11,32,22,21,49,40,,,,No,112374333
308,Maharashtra,Nashik,"MPCB Sub R.O. Udyog Bhawan, Nashik",2,25,12,10,74,23,53,71,64,,,,No,112374333
309,Maharashtra,Navi Mumbai,"T.B.I.A, Rabale Airoli, TTC",16,36,23,25,68,45,32,150,80,,,,No,112374333
310,Maharashtra,Navi Mumbai,"Dr. D.Y. Patil College, Nerul, TTC",13,34,21,29,69,42,24,190,75,,,,No,112374333
311,Maharashtra,Navi Mumbai,"MPCB Lab, Mhape, TTC",16,34,23,29,65,48,34,209,93,,,,No,112374333
312,Maharashtra,Navi Mumbai,CIDCO Nodal Office Kharghar,14,32,21,25,65,42,19,200,75,,,,No,112374333
313,Maharashtra,Navi Mumbai,"Water Pump House, Panvel, Taloja",14,58,22,34,65,46,28,325,108,,,,No,112374333
314,Maharashtra,Navi Mumbai,"MIDC Collom Facility Building, Taloja",16,34,23,33,71,47,27,603,119,,,,No,112374333
315,Maharashtra,"Pimpri-
Chinchwad","Bank of Baroda Builing, Near M.C Builiding",6,68,23,9,177,61,25,206,94,,,,No,112374333
316,Maharashtra,Pune,"Maratha Chamber of commerce, Bhosari",9,50,22,23,177,54,27,220,90,,,,Yes,112374333
317,Maharashtra,Pune,State Electricity Board BLDG Nalstop,10,34,19,24,131,65,27,264,110,,,,Yes,112374333
318,Maharashtra,Pune,Swargate Police Chawki,8,37,20,20,179,77,28,241,109,,,,Yes,112374333
319,Maharashtra,Sangli,"Udyog bhavan / SRO, MPCB Sangli",5,17,8,11,87,35,6,271,82,,,,No,112374333
320,Maharashtra,Sangli,Sangli- Miraj Primary school Building,6,19,10,12,116,50,9,310,107,,,,No,112374333
321,Maharashtra,Sangli,Krishna Valley School,7,18,10,16,81,43,24,316,105,,,,No,112374333
322,Maharashtra,Solapur,WIT Campus,11,18,14,24,38,32,16,234,94,,,,No,112374333
323,Maharashtra,Solapur,Voronoko School / Chitale Clinic,12,72,19,24,72,36,17,246,70,,,,No,112374333
324,Maharashtra,Thane,"Maternity Hospital, Dhobighat, Thane East",9,35,19,21,72,49,21,179,75,,,,No,112374333
325,Maharashtra,Thane,"Shahu Market,Naupada, Thane West",7,29,20,13,74,50,24,170,82,,,,No,112374333
326,Maharashtra,Thane,"Kolshet and Balkum, Thane West",7,33,16,12,67,41,49,74,63,,,,No,112374333
327,Maharashtra,Ulhasnagar,Smt. C. H. M. College Campus,13,61,24,21,111,61,49,73,65,,,,No,112374333
328,Maharashtra,Ulhasnagar,"Octroi Naka, Pawai-Chowk, Vithalwadi",14,78,31,26,279,73,47,311,125,,,,No,112374333
329,Meghalaya,Byrnihat,"EPIP, Ri-Bhoi district",24,49,33,11,18,13,21,246,120,,,,No,2966889
330,Meghalaya,Dawki,"Terrace building, Jaintia Hills District",2,2,2,5,17,10,36,248,130,,,,No,2966889
331,Meghalaya,Khliehriat,"O/o BDO, C & R.D. Block-Khliehriat",2,3,2,5,13,6,41,630,126,,,,No,2966889
332,Meghalaya,Nongstoin,"Office Premises of E.E, PHED",2,2,2,7,16,11,41,438,173,,,,No,2966889
333,Meghalaya,Shillong,"Boards Office Permises, Lumpyngngad",2,2,2,5,9,5,13,75,29,,,,No,2966889
334,Meghalaya,Shillong,State Tuberculosis Hospital,2,6,3,11,40,25,83,256,174,,,,No,2966889
335,Meghalaya,Shillong,"Forest Rest House, Polo Hills",2,3,2,8,17,12,12,48,28,,,,No,2966889
336,Meghalaya,Shillong,"41/2 mile, Mylliem Range Office",2,2,2,5,13,10,25,59,44,,,,No,2966889
337,Meghalaya,Tura,"PHED, Araimille, West Garo Hills District",2,2,2,10,15,13,24,49,36,,,,No,2966889
338,Meghalaya,"Umiam /
Umsning","Umiam Industrial Complex, Ri-Bhoi District",2,2,2,10,19,14,18,41,30,,,,No,2966889
339,Mizoram,Aizawl,"Khatla, M.G-Road, Mizoram SPCB",2,2,2,4,17,9,35,108,59,,,,No,1097206
340,Mizoram,Aizawl,Laipuitlang,2,2,2,5,11,5,22,58,34,,,,No,1097206
341,Mizoram,Aizawl,Bawngkawn,2,2,2,3,23,10,19,52,34,,,,No,1097206
342,Mizoram,Aizawl,"Dawrpui Y.M.A, Building, Dawrpui",2,5,2,5,37,12,27,47,38,,,,No,1097206
343,Mizoram,Aizawl,"Lengpui Airport, Model Veng, Lengpui",2,2,2,2,5,4,71,140,110,,,,No,1097206
344,Mizoram,Champhai,"D.T.O Office Building, Kahrawt veng",2,2,2,3,5,4,16,152,60,,,,No,1097206
345,Mizoram,Champhai,"Lalzidinga building, Vengthlang",2,2,2,3,5,4,10,46,23,,,,No,1097206
346,Mizoram,Kolasib,"H. Lalthuama Building, Project Veng",2,2,2,2,11,4,15,214,63,,,,No,1097206
347,Mizoram,Kolasib,"Synod Bookroom, Building Diakkawn",2,3,2,2,6,4,25,202,78,,,,No,1097206
348,Mizoram,Lunglei,"Thangkhuma Building, Salem Veng",2,2,2,3,5,4,10,82,34,,,,No,1097206
349,Mizoram,Lunglei,"K.Lalliantluanga, Chanmari I, Lunglei",2,2,2,2,15,4,7,49,20,,,,No,1097206
350,Nagaland,Dimapur,Bank Colony,2,2,2,5,27,9,12,85,30,,,,No,1978502
351,Nagaland,Dimapur,Dhobinala,2,2,2,5,30,10,6,56,23,,,,No,1978502
352,Nagaland,Kohima,Opposite NST Office,2,2,2,5,5,5,8,60,36,,,,No,1978502
353,Nagaland,Kohima,Opposite War Cemetery,2,2,2,5,5,5,4,72,17,,,,No,1978502
354,Odisha,Angul,Industrial Estate,4,18,9,14,32,25,6,78,32,,,,No,41974218
355,Odisha,Angul,NALCO Township,7,13,9,21,30,26,38,224,126,,,,No,41974218
356,Odisha,Balasore,Sahadevkhunta,2,2,2,10,13,11,63,326,150,,,,No,41974218
357,Odisha,Balasore,DIC office,2,2,2,10,12,11,19,234,80,,,,No,41974218
358,Odisha,Balasore,Rasalpur near Balgopalpur I/A,6,10,8,10,14,12,58,314,148,,,,No,41974218
359,Odisha,Berhampur,Regional Office Orissa SPCB,2,2,2,13,26,19,54,161,93,,,,No,41974218
360,Odisha,Bhubneshwar,Capital Police Station,2,2,2,7,29,16,56,182,96,,,,No,41974218
361,Odisha,Bhubneshwar,IRC Village,2,2,2,12,34,24,62,97,81,,,,No,41974218
362,Odisha,Bhubneshwar,Office Premises Bhubaneswar,2,2,2,11,36,25,60,96,78,,,,No,41974218
363,Odisha,Bhubneshwar,"Water works, Palasuni, Rasalgarh",2,9,2,7,23,16,74,114,90,,,,No,41974218
364,Odisha,Bhubneshwar,"Patrapara, Khandagiri",2,2,2,5,19,14,34,98,61,,,,No,41974218
365,Odisha,Bhubneshwar,Chandrashekharpur,2,2,2,11,18,14,38,137,102,,,,No,41974218
366,Odisha,Cuttack,"Traffic Tower, Badambadi",3,7,5,30,42,34,32,147,88,,,,No,41974218
367,Odisha,Cuttack,P.H.D Office Barabati,2,6,3,26,40,30,36,165,95,,,,No,41974218
368,Odisha,Cuttack,"R.O. Cuttack Office, Surya Vihar",2,6,3,26,40,31,30,158,71,,,,No,41974218
369,Odisha,Jharsuguda,R.O. Building Cox colony,8,20,11,16,24,20,48,149,94,,,,No,41974218
370,Odisha,Jharsuguda,"TRL Colony, M/s. TRL Krosaki Refractories Ltd.
PO: Bhepahar,",6,12,8,10,17,13,23,242,96,,,,No,41974218
371,Odisha,Kalinga Nagar,Over the Guest House of M/s NINL,2,2,2,9,13,10,54,160,94,,,,No,41974218
372,Odisha,Kalinga Nagar,RO Office Building,0,3,2,5,10,8,48,145,84,,,,No,41974218
373,Odisha,Kalinga Nagar,"Maintenance Office of M/s NINL, Duburi",2,2,2,9,14,11,45,141,82,,,,No,41974218
374,Odisha,Konark,Konark Police Station,2,14,2,6,54,14,61,111,88,,,,No,41974218
375,Odisha,Paradeep,On roof of PPT Staff Quarter,12,33,19,11,25,14,54,136,91,,,,No,41974218
376,Odisha,Paradeep,On roof of PPL Gueest,11,52,20,9,22,14,85,200,134,,,,No,41974218
377,Odisha,Paradeep,On roof of STP building IFFCO,13,31,19,10,20,14,79,257,116,,,,No,41974218
378,Odisha,Puri,Sadar police station,2,2,2,11,29,15,82,208,128,,,,No,41974218
379,Odisha,Puri,Town Police Station,2,5,2,12,20,15,26,247,94,,,,No,41974218
380,Odisha,Rayagada,Regional Office Orissa SPCB,2,16,4,13,26,19,32,279,102,,,,No,41974218
381,Odisha,Rayagada,"LPS High School, Jaykaypur",1,5,4,10,24,20,36,219,103,,,,No,41974218
382,Odisha,Rourkela,"Regional Office, ORPB",4,8,6,9,16,14,41,238,112,,,,No,41974218
383,Odisha,Rourkela,Kalunga Industrial Estate,9,26,21,13,43,27,41,141,75,,,,No,41974218
384,Odisha,Rourkela,"DISIR, Rajgangpur",7,19,13,9,26,17,42,152,78,,,,No,41974218
385,Odisha,Rourkela,"IDL Police Out-post, Sonaparbat",5,8,6,10,15,11,24,125,55,,,,No,41974218
386,Odisha,Rourkela,"Kuarmunda, Sundergarh",4,14,7,5,17,10,29,106,61,,,,No,41974218
387,Odisha,Rourkela,"Govt. Hospital Bonai At/Po/PS-Bonai Dist-
Sudargarh",7,12,9,9,14,12,81,124,103,,,,No,41974218
388,Odisha,Sambalpur,"Filter Plant, PHD Office, Modipara",4,8,4,18,27,20,52,301,211,,,,No,41974218
389,Odisha,Talcher,Coal Field Area,7,13,10,23,37,31,29,339,136,,,,No,41974218
390,Odisha,Talcher,T.T.P.S.Colony,6,12,10,24,35,30,67,113,81,,,,No,41974218
391,Puducherry,Karaikal,"B.Ed College (PKCE), Nehru Nagar",2,12,6,5,18,8,31,133,79,,,,No,1247953
392,Puducherry,Karaikal,"Govt. Tourist Home, Kovilpathu",4,21,9,5,26,11,34,129,90,,,,No,1247953
393,Puducherry,Karaikal,"M/s Puducherry Power Corporation Limited,
Polagam, T.R. Pattinam,",4,22,10,5,24,12,63,110,82,,,,No,1247953
394,Puducherry,Puducherry,"DSTC Office Upstairs, PHB 3rd Floor,
AnnaNagar",3,7,5,11,20,14,50,169,101,,,,No,1247953
395,Puducherry,Puducherry,PIPDIC Ind. Estate Mettupalayam,4,7,5,10,16,13,33,200,91,,,,No,1247953
396,Puducherry,Puducherry,Chamber Of Commerce,3,6,4,10,13,11,12,68,35,,,,No,1247953
397,Punjab,Amritsar,R.O. Focal Point,9,17,12,27,48,34,24,88,46,,,,No,27743338
398,Punjab,Amritsar,"A-1,Platers",10,23,13,27,44,35,25,106,48,,,,No,27743338
399,Punjab,Amritsar,Rasulpur,6,9,7,11,14,12,16,73,47,,,,No,27743338
400,Punjab,Bhatinda,"Bathinda Milk Producers, Dabwali Road",4,11,6,10,46,17,13,75,42,,,,No,27743338
401,Punjab,Dera Bassi,"Punjab Chem and Crop Protection,
Bhanakarpur Rd",5,9,6,9,19,12,19,55,33,,,,No,27743338
402,Punjab,Dera Bassi,"Winsome Yarns Ltd., Barwala Road",5,8,6,8,20,11,69,511,195,,,,No,27743338
403,Punjab,Faridkot,Basti Himmatpura,4,7,5,10,23,13,74,455,198,,,,No,27743338
404,Punjab,Gobindgarh,"Modi Oil and General Mills, Mandi",5,10,7,21,52,34,52,208,111,,,,No,27743338
405,Punjab,Gobindgarh,"Raj Steel Rolling Mills, Mandi",5,10,7,21,48,34,73,236,131,,,,No,27743338
406,Punjab,Gobindgarh,"United Rolling Mills, Mandi Gobindgarh",5,11,7,23,127,34,56,221,92,,,,No,27743338
407,Punjab,Hoshiarpur,"Govt. Senior Sec. School, Mukandpur,
Nawashahar, Shahid Bhagat Singh Nagar",2,14,9,14,26,18,48,197,93,,,,No,27743338
408,Punjab,Jalandhar,Municipal Council Tubewell No. 27,11,17,14,22,32,25,74,192,124,,,,No,27743338
409,Punjab,Jalandhar,Regional Office,10,20,14,20,35,25,69,339,137,,,,No,27743338
410,Punjab,Jalandhar,"Punjab Maltex , Kapurthala Road",5,17,12,16,28,22,70,330,136,,,,No,27743338
411,Punjab,Jalandhar,Focal Point,7,18,13,16,34,23,75,355,136,,,,No,27743338
412,Punjab,Khanna,"Markfed Vanaspati, Khanna",6,14,10,17,40,24,31,405,111,,,,No,27743338
413,Punjab,Khanna,"AS School, Khanna",6,12,9,17,40,23,103,554,278,,,,No,27743338
414,Punjab,Ludhiana,Bharat Nagar Chowk,5,17,11,13,66,27,123,371,264,,,,No,27743338
415,Punjab,Ludhiana,"Nahar Spining Mlls, Dholewal Chawk",5,17,10,18,58,27,44,353,143,,,,No,27743338
416,Punjab,Ludhiana,"Ludhiana Coop. Milk Producer, Ferozpur Rd",6,12,8,18,46,26,43,513,206,,,,No,27743338
417,Punjab,Ludhiana,"PPCB Office Building, Vishavkarma Chowk",6,18,9,21,52,31,51,317,151,,,,No,27743338
418,Punjab,Naya Nangal,Punjab Alkalis & Chemicals Ltd,5,9,6,9,19,12,40,301,126,,,,No,27743338
419,Punjab,Naya Nangal,"M/s NFL Guest House,Naya Nangal",5,8,6,8,19,12,73,399,157,,,,No,27743338
420,Punjab,"Pathankot/De
ra Baba",C-PYTE Building,4,9,7,9,15,12,61,496,158,,,,No,27743338
421,Punjab,Patiala,"Ceylon Industries, Factory Area, Patiala",4,8,5,9,12,11,56,387,123,,,,No,27743338
422,Punjab,Patiala,"Fire Brigade Station, Bahera Road, Patiala",4,6,5,8,13,10,78,488,208,,,,No,27743338
423,Punjab,Sangrur,Gurdwara Gangsar Sahib,2,10,5,10,37,13,49,181,91,,,,No,27743338
424,Rajasthan,Alwar,Rajasthan State Pollution Control Board,5,10,6,27,37,31,42,155,90,,,,No,68548437
425,Rajasthan,Alwar,Gaurav Solvex Ltd. MIA,5,10,8,30,37,34,3,216,90,,,,No,68548437
426,Rajasthan,Alwar,"RIICO Pump House, MIA",5,26,8,29,37,33,47,133,101,,,,No,68548437
427,Rajasthan,Bharatpur,Khadi Gramoday Samiti,6,15,9,21,84,29,66,130,102,,,,No,68548437
428,Rajasthan,Bharatpur,RIICO office Building,6,13,8,18,36,26,55,241,95,,,,No,68548437
429,Rajasthan,Bharatpur,"RO, Building",5,11,7,16,34,24,74,202,126,,,,No,68548437
430,Rajasthan,Bhiwadi,R.O.Building,7,33,12,23,32,27,76,374,143,,,,No,68548437
431,Rajasthan,Bhiwadi,UIT Guest House,7,21,11,18,34,27,72,296,132,,,,No,68548437
432,Rajasthan,Bhiwadi,Uttam Strips Ltd,7,28,11,23,41,27,33,396,188,,,,No,68548437
433,Rajasthan,Jaipur,Ajmeri Gate,5,13,8,13,54,32,23,332,165,,,,Yes,68548437
434,Rajasthan,Jaipur,"RJPB Office,Jhalana Doongari",4,12,8,13,49,30,22,312,137,,,,Yes,68548437
435,Rajasthan,Jaipur,"District Education Officer, Chandpole",5,14,8,13,61,33,73,535,205,,,,Yes,68548437
436,Rajasthan,Jaipur,"RIICO Office, M.I.A.",4,11,8,12,52,29,85,505,194,,,,Yes,68548437
437,Rajasthan,Jaipur,"RSPCB, Vidyadhar Nagar",4,15,9,14,56,33,74,513,202,,,,Yes,68548437
438,Rajasthan,Jaipur,VKIA,5,15,9,14,64,33,42,405,196,,,,Yes,68548437
439,Rajasthan,Jaipur,"22,Godam, RIICO Office",4,20,7,14,45,28,43,319,131,,,,Yes,68548437
440,Rajasthan,Jaipur,Mansarovar Nagar Niigam,5,23,8,14,42,26,56,484,210,,,,Yes,68548437
441,Rajasthan,Jaipur,RIICO Office Sitapura Industrial Area,4,35,8,13,419,36,33,295,128,,,,Yes,68548437
442,Rajasthan,Jodhpur,"DIC Office, Industrial Estate",4,15,6,9,49,23,62,477,250,,,,No,68548437
443,Rajasthan,Jodhpur,Sojati Gate,5,15,7,9,46,26,37,534,271,,,,No,68548437
444,Rajasthan,Jodhpur,"Basni Industrial Area, RIICO Office",4,25,7,10,51,24,52,287,132,,,,No,68548437
445,Rajasthan,Jodhpur,Maha Mandir Police Thane,4,10,6,9,43,21,52,277,137,,,,No,68548437
446,Rajasthan,Jodhpur,"Office of Housing Board, Chopasani Road",4,8,6,9,40,21,37,342,137,,,,No,68548437
447,Rajasthan,Jodhpur,Shastri Nagar Police Thana,4,26,6,10,46,23,27,497,191,,,,No,68548437
448,Rajasthan,Jodhpur,Kudi Mahila Thana,4,8,5,9,39,17,28,423,187,,,,No,68548437
449,Rajasthan,Jodhpur,Sangariya Police Choki,4,23,6,9,41,18,30,840,189,,,,No,68548437
450,Rajasthan,Jodhpur,SoorsagarThana,4,7,5,9,24,17,19,450,154,,,,No,68548437
451,Rajasthan,Kota,"Regional Office, RJPB, Anantpura",5,18,9,10,44,29,38,525,208,,,,No,68548437
452,Rajasthan,Kota,Municipal Corporation Building,5,17,10,17,41,29,27,728,185,,,,No,68548437
453,Rajasthan,Kota,Samcore Glass Ltd.,6,18,9,15,36,25,31,470,182,,,,No,68548437
454,Rajasthan,Kota,FireStation Nagar Nigam Shrinathpuram,5,17,7,14,36,28,31,573,212,,,,No,68548437
455,Rajasthan,Kota,"RajasthanTechnical University,Rawatbhata",6,12,7,14,43,28,23,324,111,,,,No,68548437
456,Rajasthan,Kota,"Sewage Treatment Plant, Balita, Kota",5,16,7,15,48,29,23,466,165,,,,No,68548437
457,Rajasthan,Udaipur,Ambamata,2,11,5,17,42,26,17,286,112,,,,No,68548437
458,Rajasthan,Udaipur,Town Hall,2,17,7,16,54,35,24,313,128,,,,No,68548437
459,Rajasthan,Udaipur,"Regional Office,MIA",3,21,9,27,49,39,11,269,112,,,,No,68548437
460,Sikkim,Chungthang,Chungthang,2,14,5,2,10,5,21,439,130,,,,No,610577
461,Sikkim,Gangtok,"Metro Point Hospital Complex, Forest
Secretariate Deorali",2,12,6,1,9,4,26,308,136,,,,No,610577
462,Sikkim,Mangan,Mangan Police Station,2,12,7,5,6,5,18,286,98,,,,No,610577
463,Sikkim,Namchi,Namchi,2,9,6,5,5,5,24,209,97,,,,No,610577
464,Sikkim,Pelling,The Pelling Girls Hostel,2,12,5,1,9,3,36,394,181,,,,No,610577
465,Sikkim,Rangpo,Rangpo Fire Station,2,13,7,1,12,5,11,40,23,,,,No,610577
466,Sikkim,Ravangla,Ravangla Range Office,2,11,5,1,5,4,22,70,40,,,,No,610577
467,Sikkim,Singtam,Police Station Building,3,13,8,1,8,4,15,42,28,,,,No,610577
468,Tamilnadu,Chennai,"Govt. High School, Manali",11,26,14,12,21,16,18,32,24,,,,Yes,72147030
469,Tamilnadu,Chennai,Kathivakkam,10,40,13,11,19,15,6,36,22,,,,Yes,72147030
470,Tamilnadu,Chennai,Thiruvottiyur,10,16,13,12,19,15,2,98,53,,,,Yes,72147030
471,Tamilnadu,Chennai,Madras Medical College,2,32,5,5,78,21,10,53,23,,,,Yes,72147030
472,Tamilnadu,Chennai,"NEERI, CSIR CampusTaramani",2,62,3,5,126,19,22,86,51,,,,Yes,72147030
473,Tamilnadu,Chennai,Thiruvottiyur Municipal Office,2,32,7,5,153,24,22,94,52,,,,Yes,72147030
474,Tamilnadu,Chennai,Adiyar,5,11,8,8,17,13,24,99,48,,,,Yes,72147030
475,Tamilnadu,Chennai,Kilpauk,7,12,9,14,25,17,25,92,47,,,,Yes,72147030
476,Tamilnadu,Chennai,Thiyagaraya Nagar,7,12,10,13,28,18,5,159,42,,,,Yes,72147030
477,Tamilnadu,Chennai,Anna Nagar,4,11,9,9,20,16,17,118,48,,,,Yes,72147030
478,Tamilnadu,Coimbatore,"Poniarajapuram, On the top of DEL",4,8,5,12,80,25,20,185,85,,,,Yes,72147030
479,Tamilnadu,Coimbatore,G.D.Matric Hr.Sec.School,4,11,5,14,38,25,17,119,49,,,,Yes,72147030
480,Tamilnadu,Coimbatore,"SIDCO Office, Coimbatore/ Kurichi",4,17,5,11,43,27,27,154,73,,,,Yes,72147030
481,Tamilnadu,Cuddalore,Eachangadu Village,8,19,11,12,22,17,32,166,81,,,,No,72147030
482,Tamilnadu,Cuddalore,SIPCOT (Project Office),8,16,10,11,21,17,15,175,94,,,,No,72147030
483,Tamilnadu,Cuddalore,"DEE Office, Cuddalore",9,22,13,13,31,18,12,125,48,,,,No,72147030
484,Tamilnadu,Madurai,Highway (Project -I) Building,6,11,9,13,24,17,16,144,43,,,,No,72147030
485,Tamilnadu,Madurai,Fenner (I) Ltd. Kochadai,11,19,15,19,44,24,21,108,56,,,,No,72147030
486,Tamilnadu,Madurai,Kunnathur Chatram Avvai Girls HS School,9,22,18,18,37,27,37,169,48,,,,No,72147030
487,Tamilnadu,Mettur,Raman Nagar,5,11,6,15,33,20,37,59,46,,,,No,72147030
488,Tamilnadu,Mettur,SIDCO,5,11,8,15,58,24,46,191,58,,,,No,72147030
489,Tamilnadu,Salem,Sowdeswari College Building,6,15,7,20,43,25,33,94,53,,,,No,72147030
490,Tamilnadu,Trichy,Gandhi Market,8,27,14,17,25,21,35,115,68,,,,No,72147030
491,Tamilnadu,Trichy,Main Guard Gate,8,22,13,16,27,21,46,132,80,,,,No,72147030
492,Tamilnadu,Trichy,Bishop Heber College,6,13,10,12,36,17,18,99,36,,,,No,72147030
493,Tamilnadu,Trichy,Golden Rock,8,14,10,12,21,18,20,116,48,,,,No,72147030
494,Tamilnadu,Trichy,Central Bus Stand,9,20,13,14,25,21,41,138,52,,,,No,72147030
495,Tamilnadu,Tuticorin,"Fisheries College, Tuticorin Sipcot",8,23,14,7,30,13,66,163,112,,,,No,72147030
496,Tamilnadu,Tuticorin,Raja Agencies,9,28,15,6,29,14,79,161,121,,,,No,72147030
497,Tamilnadu,Tuticorin,AVM Jewellery Building,7,25,13,9,19,13,11,49,34,,,,No,72147030
498,Telangana,Adilabad,"Building of SCCL Manadamarri Club
Mandamarri, Adilabad",4,7,5,17,23,20,24,120,42,,,,No,35193978
499,Telangana,Hyderabad,Balanagar,3,16,5,20,77,37,79,166,122,,,,Yes,35193978
500,Telangana,Hyderabad,"Tarnaka, NEERI Lab. IICT Campus",2,20,5,5,36,14,38,344,141,,,,Yes,35193978
501,Telangana,Hyderabad,"Nacharam, Industrial Estate",2,13,5,5,40,14,30,487,226,,,,Yes,35193978
502,Telangana,Hyderabad,ABIDS Circle General Post Office,2,19,6,5,45,19,16,64,30,,,,Yes,35193978
503,Telangana,Hyderabad,"Uppal, Modern Foods & Industries IDA",2,6,5,18,69,34,56,74,65,,,,Yes,35193978
504,Telangana,Hyderabad,Jublee Hills,2,7,5,11,53,28,68,245,147,,,,Yes,35193978
505,Telangana,Hyderabad,Paradise,2,6,5,22,71,39,15,167,78,,,,Yes,35193978
506,Telangana,Hyderabad,Charminar,2,11,5,19,45,29,15,166,75,,,,Yes,35193978
507,Telangana,Hyderabad,Zoo Park,3,44,12,10,112,41,16,172,71,,,,Yes,35193978
508,Telangana,Hyderabad,"Jeedimetla Industrial Estate, Rangareddy Distt.",2,35,5,18,63,31,53,222,112,,,,Yes,35193978
509,Telangana,Karimnagar,"On the terrace of the DIC building, Karimnagar",5,10,7,14,71,25,58,222,127,,,,No,35193978
510,Telangana,Khammam,Station Name: CER Club Khamam,5,9,7,15,35,25,47,173,109,,,,No,35193978
511,Telangana,Khammam,Jalasoudha building,6,9,7,11,33,24,52,221,118,,,,No,35193978
512,Telangana,Kothur,Mehaboobnagar,5,16,8,12,46,29,15,226,106,,,,No,35193978
513,Telangana,Nalgonda,AP PCB Nalgonda,4,6,5,21,26,23,62,269,132,,,,No,35193978
514,Telangana,Nalgonda,"M/s. Srini Pharmaceuticals pvt.
Ltd.Choutuppal (V & M)",5,7,6,20,29,25,25,132,72,,,,No,35193978
515,Telangana,Nizamabad,"subashnagar,nizamabad dist",4,6,5,18,22,21,33,82,57,,,,No,35193978
516,Telangana,Patencheru,"Police Station, Medak, Ramachadrapuram",4,6,5,21,27,24,25,82,53,,,,No,35193978
517,Telangana,Ramagundam,"Godavarikhani, Ramagundam, Karimnagar",6,10,8,11,42,26,14,128,80,,,,No,35193978
518,Telangana,Sangareddy,Pashamylaram/Municipal Office,1,34,9,21,104,45,46,71,58,,,,No,35193978
519,Telangana,Sangareddy,Regional office Building of SANGAREDDY,3,5,5,20,25,22,49,71,62,,,,No,35193978
520,Telangana,Sangareddy,"M/s. Mylan Industries, Gaddapothara",4,7,5,19,26,23,53,71,62,,,,No,35193978
521,Telangana,Warangal,"KUDA Office, Hanumakonda",6,10,8,12,29,24,29,104,78,,,,No,35193978
522,Telangana,Warangal,"Mee-Seva Building ,Municipal Complex",6,18,7,12,51,26,16,132,76,,,,No,35193978
523,Tripura,Agartala,"SPCB, Pavivesh Bhawan, Pandit Nehru
Complex, Gorkhabasti, Kunjaban",16,30,21,6,30,14,17,200,98,,,,No,3673917
524,Tripura,Agartala,"Bordowali Bipani Bitan, Agartala MC,
Bordowali, Near Nagerjala",19,37,25,6,48,20,30,92,64,,,,No,3673917
525,Uttar Pradesh,Agra,"Regional Office, Bodla",3,9,6,6,31,13,36,105,74,,,,No,199812341
526,Uttar Pradesh,Agra,Nunhai,3,12,8,10,40,17,33,168,72,,,,No,199812341
527,Uttar Pradesh,Agra,Taj Mahal,2,8,2,5,57,16,30,97,68,,,,No,199812341
528,Uttar Pradesh,Agra,DIC Nunhai,2,11,2,5,52,24,19,73,47,,,,No,199812341
529,Uttar Pradesh,Agra,Etmad-uddaulah,2,19,3,5,52,22,43,112,76,,,,No,199812341
530,Uttar Pradesh,Agra,Rambagh,2,8,2,5,53,23,42,452,163,,,,No,199812341
531,Uttar Pradesh,Allahabad,Square crossing circle of Laxmi Talkies,2,21,5,11,84,34,61,656,209,,,,No,199812341
532,Uttar Pradesh,Allahabad,Bharat Yantra Nigam Ltd,2,13,4,7,60,24,15,546,176,,,,No,199812341
533,Uttar Pradesh,Allahabad,Alopibagh/Sewage Pumping Stations,2,15,4,22,93,48,29,571,227,,,,No,199812341
534,Uttar Pradesh,Allahabad,Jhonstonganj/co-operative Bank,2,16,4,20,98,53,23,507,172,,,,No,199812341
535,Uttar Pradesh,Allahabad,Rambagh/Parag Dairy,1,40,3,16,79,43,17,459,160,,,,No,199812341
536,Uttar Pradesh,Anpara,"Anpara Colony, Sonabhadra",8,23,17,23,40,32,53,444,216,,,,No,199812341
537,Uttar Pradesh,Anpara,"Renusagar Colony, Sonabhadra",10,22,16,20,38,31,62,296,171,,,,No,199812341
538,Uttar Pradesh,Bareily,IVRI Izatnaga,8,13,11,18,26,21,57,172,108,,,,No,199812341
539,Uttar Pradesh,Bareily,"Indian oetrol pump, Civil Line",10,14,12,20,31,22,54,182,113,,,,No,199812341
540,Uttar Pradesh,Firozabad,Center for Development of Glass Industry,7,11,9,28,39,32,52,164,93,,,,No,199812341
541,Uttar Pradesh,Firozabad,Tilak Nagar,0,11,9,0,36,31,64,242,165,,,,No,199812341
542,Uttar Pradesh,Firozabad,Raza ka Tal,7,11,9,27,37,33,67,207,142,,,,No,199812341
543,Uttar Pradesh,Gajraula,"Raunaq Auto Ltd, J.P. Nagar",7,42,20,10,50,32,110,262,183,,,,No,199812341
544,Uttar Pradesh,Gajraula,"Indira Chowk, J.P. Nagar",6,43,24,12,58,39,131,279,207,,,,No,199812341
545,Uttar Pradesh,Ghaziabad,"Atlas Cycles Industries, Sahibabad Ind. area",10,45,24,14,56,35,94,466,262,,,,Yes,199812341
546,Uttar Pradesh,Ghaziabad,Bulandshaar Road Industrial Area,9,48,20,16,56,33,0,267,140,,,,Yes,199812341
547,Uttar Pradesh,Gorakpur,"M. M.M. Engineering College, Gorakhpur",6,8,7,18,21,19,100,401,257,,,,No,199812341
548,Uttar Pradesh,Gorakpur,"India Glycol Ltd. Gida, Gorakhpur",29,35,31,51,56,54,93,351,194,,,,No,199812341
549,Uttar Pradesh,Gorakpur,"Jalkal, Muncipal Corporation, Golghar",22,28,24,40,47,44,80,417,219,,,,No,199812341
550,Uttar Pradesh,Jhansi,Manik Chawk / Jal chauraha,5,21,7,15,34,20,57,517,286,,,,No,199812341
551,Uttar Pradesh,Jhansi,Veeranga Nagar,4,18,6,13,31,18,72,734,275,,,,No,199812341
552,Uttar Pradesh,Kanpur,"Forest & Training Centre, Kidwai Nagar",6,9,7,40,56,52,108,118,112,,,,Yes,199812341
553,Uttar Pradesh,Kanpur,"Chamber Of Commerce Darshanpurwa/
Deputy ka Parao",6,9,8,43,64,51,220,238,230,,,,Yes,199812341
554,Uttar Pradesh,Kanpur,"Associated Chem Pvt Ltd, Fazalganj, Panki,
Site-5",7,10,8,42,70,51,206,225,216,,,,Yes,199812341
555,Uttar Pradesh,Kanpur,Dabauli / Shastri NGR,6,9,8,38,61,49,89,198,125,,,,Yes,199812341
556,Uttar Pradesh,Kanpur,Jajmau / Awas Vikas,6,9,8,40,64,52,71,179,101,,,,Yes,199812341
557,Uttar Pradesh,Kanpur,"I.I.T. Campus, Kanpur",2,2,2,8,26,17,163,258,215,,,,Yes,199812341
558,Uttar Pradesh,Kanpur,"Dada Nagar, Kanpur",5,24,10,24,105,47,183,297,239,,,,Yes,199812341
559,Uttar Pradesh,Kanpur,"Ramadevi, Kanpur",2,8,5,25,80,42,164,287,242,,,,Yes,199812341
560,Uttar Pradesh,Khurja,Central Glass & Ceramic Research Institute,22,27,24,18,26,22,177,268,230,,,,No,199812341
561,Uttar Pradesh,Khurja,Ahirpara,19,25,22,19,24,21,154,298,228,,,,No,199812341
562,Uttar Pradesh,Lucknow,Mahanagar,6,23,9,15,44,26,16,376,115,,,,Yes,199812341
563,Uttar Pradesh,Lucknow,"Chandganj Garden, Aliganj",5,10,8,17,35,25,49,677,238,,,,Yes,199812341
564,Uttar Pradesh,Lucknow,"Kapoor Hotel, Hazratganj",6,15,9,16,50,27,46,639,287,,,,Yes,199812341
565,Uttar Pradesh,Lucknow,Talkatora,6,31,9,13,68,28,173,266,221,,,,Yes,199812341
566,Uttar Pradesh,Lucknow,Aminabad / S.M.K Chowk,6,23,9,15,39,27,171,244,196,,,,Yes,199812341
567,Uttar Pradesh,Lucknow,Nagar Nigam,5,12,8,16,37,26,52,540,242,,,,Yes,199812341
568,Uttar Pradesh,Lucknow,"Ansal Technical Institute Campus, Ansal API",6,11,8,15,31,24,19,455,233,,,,Yes,199812341
569,Uttar Pradesh,Lucknow,Vikas Khand,2,2,2,7,82,25,112,680,328,,,,Yes,199812341
570,Uttar Pradesh,Mathura,"RO. UPPCB, 65 Baldevpuri, Maholi Road",9,15,10,18,31,24,49,481,230,,,,No,199812341
571,Uttar Pradesh,Mathura,"CETP, Industrial Area, Mathura",9,28,12,19,36,26,61,555,257,,,,No,199812341
572,Uttar Pradesh,Meerut,Begum Bridge,7,7,7,53,74,63,25,557,270,,,,No,199812341
573,Uttar Pradesh,Meerut,Thana Railway Road / Kesarganj,5,7,6,32,69,40,37,521,214,,,,No,199812341
574,Uttar Pradesh,Moradabad,"Hindu College, Station Road",8,49,24,12,56,42,44,671,194,,,,No,199812341
575,Uttar Pradesh,Moradabad,"Central Police Hospital, Civil Lines",8,35,18,10,41,28,118,184,147,,,,No,199812341
576,Uttar Pradesh,Noida,"UP PPCB, E-12/1, Sector - 1",7,30,12,16,63,39,124,191,161,,,,No,199812341
577,Uttar Pradesh,Noida,Gee-Pee Electroplating and Eng. Work,6,27,12,19,81,37,157,248,170,,,,No,199812341
578,Uttar Pradesh,Raebareli,"Town Hall Colony, Ahmad Nagar, Gulab Road",7,11,9,13,41,16,116,248,135,,,,No,199812341
579,Uttar Pradesh,Raebareli,Khoya mandi Tiraha Lucknow Road Raebareli,13,17,15,17,21,19,79,477,250,,,,No,199812341
580,Uttar Pradesh,Raebareli,Amawan Road Ind. Area Raebareli,9,11,10,15,18,17,61,286,184,,,,No,199812341
581,Uttar Pradesh,Saharanpur,"SRE-A, IIT Roorkee, Saharanpur Campus",11,18,15,24,32,28,102,459,220,,,,No,199812341
582,Uttar Pradesh,Saharanpur,"UPCL S.E. Office, Near Clock Tower",13,19,16,26,35,30,72,470,211,,,,No,199812341
583,Uttar Pradesh,Unnao,"H. No. 5, Krishna Nagar",6,11,9,19,31,28,82,231,129,,,,No,199812341
584,Uttar Pradesh,Unnao,"IIA Building, Industrial Area, Site 10",9,11,10,27,76,30,114,257,147,,,,No,199812341
585,Uttar Pradesh,Varanasi,"Regional Office, Jawahar Nagar",3,26,10,9,105,40,73,247,146,,,,No,199812341
586,Uttar Pradesh,Varanasi,Sigra,2,18,9,9,104,40,124,319,174,,,,No,199812341
587,Uttar Pradesh,Varanasi,Saket Nagar,7,14,11,23,50,35,157,392,173,,,,No,199812341
588,Uttar Pradesh,Varanasi,BHU,6,14,10,17,48,31,67,131,98,,,,No,199812341
589,Uttar Pradesh,Varanasi,Chandpur,9,17,12,28,58,42,140,168,152,,,,No,199812341
590,Uttarakhand,Dehradun,"Raipur Road, Near parag Diary",22,29,26,27,32,29,80,489,211,,,,No,10086292
591,Uttarakhand,Dehradun,"Clock Tower, PWD Guest House",22,27,25,26,32,28,79,504,219,,,,No,10086292
592,Uttarakhand,Dehradun,Himalaya Drug Co. Near ISBT,23,28,27,27,32,30,135,453,265,,,,No,10086292
593,Uttarakhand,Haridwar,"SIDCUL, Haridwar",19,28,23,22,30,26,108,352,221,,,,No,10086292
594,Uttarakhand,Rishikesh,Nagar Palika Parishad,17,26,22,20,30,27,169,584,303,,,,No,10086292
595,Uttarakhand,Bankura,Bankura Municipility,2,9,2,14,28,20,148,339,223,,,,No,10086292
596,Uttarakhand,Bolpur,Bolpur Municipility,2,7,2,13,27,20,110,278,194,,,,No,10086292
597,Uttarakhand,Rampurhat,Rampurhat Municipility,2,7,2,12,28,20,187,400,328,,,,No,10086292
598,Uttarakhand,Suri,Suri Municipility,2,8,2,13,28,20,104,216,129,,,,No,10086292
599,Uttarakhand,Coochbehar,ABM Seal College,2,2,2,13,23,17,39,147,106,,,,No,10086292
600,Uttarakhand,Coochbehar,"Uttarbanga Krishi Visvavidyalaya, Pundibari",2,2,2,13,21,17,55,255,111,,,,No,10086292
601,Uttarakhand,Balurghat,Balurghar College,2,2,2,13,109,23,91,185,128,,,,No,10086292
602,Uttarakhand,Darjeeling,Bose Institute Campus,2,2,2,13,19,15,51,251,126,,,,No,10086292
603,Uttarakhand,Siliguri,Siliguri,2,2,2,14,22,18,34,136,92,,,,No,10086292
604,Uttarakhand,Chinsura,"Chinsura Municipility, Pipulpati Auto Stand",4,9,6,23,64,40,35,134,92,,,,No,10086292
605,Uttarakhand,Dankuni,"Krishnanagar Municipility, Dankuni",3,8,5,20,67,37,39,156,92,,,,No,10086292
606,Uttarakhand,Rishra,Rishra Municipility,2,11,6,23,68,38,37,137,92,,,,No,10086292
607,Uttarakhand,Tribeni,Tribeni Health Center,3,8,5,20,61,36,20,97,56,,,,No,10086292
608,Uttarakhand,Howrah,Howrah Municipal Corporation,6,24,11,40,136,74,25,104,57,,,,No,10086292
609,Uttarakhand,Howrah,"Naskarpara Pump House, Ghuseri",4,30,10,27,84,50,23,85,46,,,,No,10086292
610,Uttarakhand,Howrah,"CDS & Health Centre, Bator",5,16,9,31,98,59,30,73,56,,,,No,10086292
611,Uttarakhand,Howrah,"Howrah Municipality School, Bandhaghat",6,37,13,40,129,70,27,105,59,,,,No,10086292
612,Uttarakhand,Sankrail,Bharat Co-op Housing Society,3,12,6,21,72,35,19,203,83,,,,No,10086292
613,Uttarakhand,Sankrail,"Bagan Police Station, Bagan",3,9,5,22,67,38,22,199,77,,,,No,10086292
614,Uttarakhand,Sankrail,Dhulagar Gram Pachayat,3,8,6,24,62,38,20,229,91,,,,No,10086292
615,Uttarakhand,Sankrail,"P Mukherjee's House, Near SBI Amta",2,8,4,17,47,29,20,197,79,,,,No,10086292
616,Uttarakhand,Uluberia,"ESI hospital nursing building, 3rd floor, Near
Sahib Mandir",3,9,5,21,62,36,30,360,124,,,,No,10086292
617,Uttarakhand,Jalpaiguri,Raninagar Jalpaigur,2,2,2,13,22,17,26,314,103,,,,No,10086292
618,Uttarakhand,Kolkata,"Salt Lake, Rooftop of CK Market",2,9,3,21,59,33,28,244,104,,,,Yes,10086292
619,Uttarakhand,Kolkata,"KMC office Building, Moulali",2,14,6,25,81,44,32,292,110,,,,Yes,10086292
620,Uttarakhand,Kolkata,"Minto Park, Inside Park AJC Bose Road",2,10,5,21,75,39,19,239,83,,,,Yes,10086292
621,Uttarakhand,Kolkata,"Dunlop Bridge, National Sample Survey",2,16,6,24,91,46,19,238,80,,,,Yes,10086292
622,Uttarakhand,Kolkata,"Behala Chowrasta, Traffic Guard Building",2,12,5,23,79,41,18,199,81,,,,Yes,10086292
623,Uttarakhand,Kolkata,"Upanagari Sporting Club, Baishnabghata",2,8,3,20,62,33,16,171,67,,,,Yes,10086292
624,Uttarakhand,Kolkata,"Cossipore Police Station, B.T. Road",1,275,21,5,171,67,20,203,79,,,,Yes,10086292
625,Uttarakhand,Kolkata,"Dalhousie Square, Lal Bazzar Police Headqtr.",2,70,8,5,152,61,20,106,53,,,,Yes,10086292
626,Uttarakhand,Kolkata,Kasba,2,37,4,5,128,39,39,221,101,,,,Yes,10086292
627,Uttarakhand,Kolkata,"Infectious Diseases & BG Hospital, Beliaghata",2,10,4,21,75,35,51,331,143,,,,Yes,10086292
628,Uttarakhand,Kolkata,"CESC Building, Mandeville Gardens, Gariahat",2,9,4,21,68,37,38,296,122,,,,Yes,10086292
629,Uttarakhand,Kolkata,"Administrative Building, Hyde Road",2,16,7,28,79,46,43,342,146,,,,Yes,10086292
630,Uttarakhand,Kolkata,"KMC Drainage, Pumping Station, 9 Mominpur
Road, Mominpur",2,10,3,20,65,34,45,319,130,,,,Yes,10086292
631,Uttarakhand,Kolkata,Paribesh Bhawan,2,11,4,21,72,38,31,271,103,,,,Yes,10086292
632,Uttarakhand,Kolkata,"Milan Tirtha Club, Picnic Garden",2,8,3,20,63,33,3,383,119,,,,Yes,10086292
633,Uttarakhand,Kolkata,"Public Health Engineering Office Building,
Rajarhar",2,6,3,19,50,28,15,298,105,,,,Yes,10086292
634,Uttarakhand,Kolkata,"Tennis Club Biulding, 45-46 Canal West Road,
Fariapukur, Shyambazar",2,14,5,26,85,43,12,695,100,,,,Yes,10086292
635,Uttarakhand,Kolkata,"Elite India Rubber Products Pvt.Ltd., Topsia",2,16,6,24,87,43,37,293,108,,,,Yes,10086292
636,Uttarakhand,Kolkata,"Maniktala Fire Station Building, 17, Bagmari
Lane, Ultadanga",2,13,5,23,76,42,36,271,114,,,,Yes,10086292
637,Uttarakhand,Malda,"WBPCB Office, Paribesh Bhaban, Vill.
Abhirampur",2,4,2,14,24,18,68,393,163,,,,No,10086292
638,Uttarakhand,Baharampur,Md. Mozzammal Hossain's House,5,10,7,40,60,48,32,237,101,,,,No,10086292
639,Uttarakhand,Kalyani,"College of Medicine & JNM Hospital, Kalyani
Industrial Area",3,10,7,25,70,46,32,302,118,,,,No,10086292
640,Uttarakhand,Ranaghat,"Ranaghat Municipility, 11 school lane",4,11,7,32,64,46,34,246,102,,,,No,10086292
641,Uttarakhand,Krishnanagar,"Krishnanagar Municipility, TN Thakur Road",3,40,7,32,62,46,27,216,85,,,,No,10086292
642,Uttarakhand,Barasat,"Barasat Municipility, 73 Rishi Bankim Chandra
Road",3,10,7,21,71,47,45,328,139,,,,No,10086292
643,Uttarakhand,Barrackpore,Barrackpore Municiaplity,2,10,7,26,59,47,45,349,142,,,,No,10086292
644,Uttarakhand,Barrackpore,Dum Dum Telephone Exchange,3,9,7,34,65,45,41,307,131,,,,No,10086292
645,Uttarakhand,Barrackpore,Khardah Municipality,4,14,7,22,68,48,24,129,62,,,,No,10086292
646,Uttarakhand,Asansol,Asansol Municipal Corporation,2,15,12,16,49,37,50,222,109,,,,No,10086292
647,Uttarakhand,Asansol,"Kangsabati Spinning Mill, Barjora",2,16,12,16,47,37,21,223,85,,,,No,10086292
648,Uttarakhand,Asansol,"Burnpur Town Department, Burnpur",2,16,12,18,48,37,23,262,103,,,,No,10086292
649,Uttarakhand,Durgapur,"DMC Water Works, Angadpur",2,13,12,16,48,37,27,210,93,,,,No,10086292
650,Uttarakhand,Durgapur,"Kwality Hotel, Bhiringi More, Benachiti",2,16,12,16,48,37,26,274,103,,,,No,10086292
651,Uttarakhand,Durgapur,"Bidhannagar, PCBL Club, Muchipara",5,22,12,21,46,31,24,182,88,,,,No,10086292
652,Uttarakhand,Durgapur,"Dew India Limited, PCBL More, Durgapur",2,16,12,17,49,37,22,250,78,,,,No,10086292
653,Uttarakhand,Ghatal,"Annapurna Hotel, Ghatal-Panskura Bus Stand",9,22,13,31,60,38,22,315,104,,,,No,10086292
654,Uttarakhand,Kharagpur,"AMD Building, TATA Bearing",10,21,15,34,52,41,77,243,162,,,,No,10086292
655,Uttarakhand,Medinipur,Vidyasagar University,9,18,12,32,46,37,78,235,164,,,,No,10086292
656,Uttarakhand,Haldia,"Debhog Milan Viyapith, Bhabanipur",9,18,12,32,47,38,79,241,163,,,,No,10086292
657,Uttarakhand,Haldia,"Bhunia Raichak, Driver's Hut, Bhunia",9,23,15,33,60,42,78,234,161,,,,No,10086292
658,Uttarakhand,Haldia,"Supermarket Building, Durgachak",9,22,14,32,57,40,73,248,164,,,,No,10086292
659,Uttarakhand,Haldia,WBIIDC Ruchi Soya Ind. Durgachak,9,20,14,33,55,40,67,215,128,,,,No,10086292
660,Uttarakhand,Tamluk,"HP Gas Service Station, Maniktala",9,22,15,33,56,41,74,265,165,,,,No,10086292
661,Uttarakhand,Purulia,Purulia Municipility,2,7,2,13,28,20,54,167,96,,,,No,10086292
662,Uttarakhand,"South
Suburban","Bauipur Police Station, Baruipur",2,9,3,19,58,32,93,337,129,,,,No,10086292
663,Uttarakhand,"South
Suburban","P Roy Industrial Training Institute, Amtala",2,9,3,21,60,32,57,135,86,,,,No,10086292
664,Uttarakhand,"South
Suburban",Tollygunge (KOLKATA DISTRICT),2,10,4,20,63,35,59,376,88,,,,No,10086292
665,Uttarakhand,Raigun,Raigunj College,2,2,2,14,21,17,71,279,115,,,,No,10086292
666,Uttarakhand,Raniganj,Raniganj Municipality,2,15,12,17,47,37,63,159,94,,,,No,10086292
667,Uttarakhand,Raniganj,"Mangalpur, SKS School Mangalpur",2,15,12,15,48,37,65,241,92,,,,No,10086292
668,Uttarakhand,Raniganj,Jamuria Municipality,2,16,12,18,47,37,68,191,112,,,,No,10086292
669,Uttarakhand,Raniganj,Bardhaman Town,2,13,5,14,55,24,37,134,86,,,,No,10086292