,State,City,Location,"No. of
monitoring
days",2018 SO2 Minimum,2018 SO2 Maximum,2018 SO2 Annual Average,2018 NO2 Minimum,2018 NO2 Maximum,2018 NO2 Annual Average,2018 PM10 Minimum,2018 PM10 Maximum,2018 PM10 Annual Average,2018 PM2.5 Minimum,2018 PM2.5 Maximum,2018 PM2.5 Annual Average,Is metropolitan city?,State Population 2011
0,Andhra Pradesh,Anantapur,Kamala Nagar,98,4,11,5,14,54,26,20,179,87,7,102,34,No,49386799
1,Andhra Pradesh,Anantapur,"APIIC, Zonal office, Industrial Estate",98,4,9,4,10,28,17,18,129,65,4,77,26,No,49386799
2,Andhra Pradesh,Anantapur,"Cancer Unit. G.G.Hsharada Nagar, JNTU Road",100,4,6,4,10,22,13,15,104,55,7,62,28,No,49386799
3,Andhra Pradesh,Anantapur,"D.No.6/5/545, Ram Nagar Colony",99,4,13,4,11,31,19,26,145,78,7,43,28,No,49386799
4,Andhra Pradesh,Chitoor,GNC Toll Gate Tirumala,100,2,22,7,6,92,45,18,157,72,32,110,66,No,49386799
5,Andhra Pradesh,Chitoor,"Near Nutrine Confectionery, Palamaner Road",104,4,12,5,12,69,18,37,200,63,8,65,26,No,49386799
6,Andhra Pradesh,Chitoor,"Mining Office, Greamspet",39,4,6,5,13,20,15,37,165,58,32,38,34,No,49386799
7,Andhra Pradesh,Chitoor,Sankar Foundary,43,4,7,5,13,29,16,38,92,55,27,107,69,No,49386799
8,Andhra Pradesh,Eluru,Ashram Diagnostic Centre,107,4,6,5,18,27,23,57,85,75,10,14,12,No,49386799
9,Andhra Pradesh,Eluru,District Headquarters hospital,107,5,6,5,18,30,22,52,76,64,24,48,29,No,49386799
10,Andhra Pradesh,Eluru,"M/s Laxmi Propylene Ltd., Plot.No. 25, Industrial
Park, Satrampadu",44,5,6,5,18,30,21,56,76,63,25,52,30,No,49386799
11,Andhra Pradesh,Eluru,"Somalingeswara nilayam D.N.7B-18-5, Thooru
Veedhi, Eastern street, Paidichintaadu",16,5,6,5,19,30,20,58,71,64,24,50,30,No,49386799
12,Andhra Pradesh,Guntur,"Near Hindu College, Market Road",101,4,7,5,18,28,22,41,147,60,12,77,35,No,49386799
13,Andhra Pradesh,Guntur,"A.P. Pollution Control Board, D.No.4-5-4/5C,4/3,
Navabharath nagar, Ring Road",102,4,14,5,19,29,22,32,125,50,16,161,58,No,49386799
14,Andhra Pradesh,Guntur,"Distirct Industries Center office Buiding
Autonagar",27,5,7,5,18,29,21,37,81,45,7,159,58,No,49386799
15,Andhra Pradesh,Guntur,Government General hospital,27,5,7,5,18,29,21,32,125,42,31,71,49,No,49386799
16,Andhra Pradesh,Kadapa,"Near ICL Industries, Yerragunta, YSR",106,4,8,5,12,28,19,41,103,69,8,151,38,No,49386799
17,Andhra Pradesh,Kadapa,"Devi Diabetes & Hormone Centre, 7 Roads",97,4,12,5,13,32,18,36,136,63,10,201,50,No,49386799
18,Andhra Pradesh,Kadapa,"DIC Office,Kadapa",108,4,7,5,12,34,16,35,123,59,10,122,50,No,49386799
19,Andhra Pradesh,Kadapa,RIMS,43,5,7,5,14,19,16,31,78,51,15,93,51,No,49386799
20,Andhra Pradesh,Kadapa,Municipal Primary School,23,4,6,5,13,33,16,41,128,63,17,197,72,No,49386799
21,Andhra Pradesh,Kakinada,Office Building Ramanayyapeta,98,6,15,9,12,52,21,18,179,74,38,98,61,No,49386799
22,Andhra Pradesh,Kakinada,"Gram Panchayathi building, Surya rao peta",105,6,14,10,12,33,21,29,149,74,19,141,58,No,49386799
23,Andhra Pradesh,Kakinada,"MEE/MEPMA building, Salipeta",104,6,16,10,13,32,21,25,195,69,21,239,84,No,49386799
24,Andhra Pradesh,Kakinada,Petrochemical Eng. Of JNTU Campus,27,6,12,9,13,25,19,41,160,90,10,240,51,No,49386799
25,Andhra Pradesh,Kurnool,"Mourya Inn, Krishna Nagar",105,4,9,4,10,22,14,18,129,69,10,190,45,No,49386799
26,Andhra Pradesh,Kurnool,"APIIC Building Industrial estate, Kallur at IDA
Bobbili Growth Center",78,4,9,5,12,27,19,34,129,73,7,275,48,No,49386799
27,Andhra Pradesh,Kurnool,Rajvihar Circle,103,4,10,5,12,46,25,24,120,74,10,182,54,No,49386799
28,Andhra Pradesh,Kurnool,"Pump House, Venkataramana Colony",104,4,8,4,10,23,14,16,91,49,11,178,51,No,49386799
29,Andhra Pradesh,Nellore,"Venkatareddy Nagar, Vedayapalem",106,5,6,5,17,40,23,58,88,65,10,38,20,No,49386799
30,Andhra Pradesh,Nellore,"D. No.15-471, James Garden, Venkata
Ramapuram, Nellore, SPSR Nellore District",106,4,6,5,17,27,23,57,96,64,10,28,21,No,49386799
31,Andhra Pradesh,Nellore,Chandramouli nagar,34,5,6,5,17,26,21,58,79,64,12,22,16,No,49386799
32,Andhra Pradesh,Nellore,"Dr.P.V. Rama chandra Reddy Hospital,
Brindavnam",34,5,6,5,17,28,21,57,68,61,11,35,22,No,49386799
33,Andhra Pradesh,Ongole,Near Court Center,106,5,6,5,18,27,23,58,101,65,12,56,35,No,49386799
34,Andhra Pradesh,Ongole,"APIIC , Administrative Office, IGS",34,5,6,5,17,25,21,60,71,65,9,46,27,No,49386799
35,Andhra Pradesh,Ongole,Ongole Municipal Corporation,34,5,7,5,18,29,21,61,91,68,17,59,45,No,49386799
36,Andhra Pradesh,Ongole,Prakasam Milk Produce Compay,34,4,8,5,18,26,21,60,73,66,18,59,40,No,49386799
37,Andhra Pradesh,"Rajahmundry/
Rajamahendra
varam","Staff Clud Building, A.P. Paper Mill",105,5,13,9,10,28,20,13,168,72,13,59,40,No,49386799
38,Andhra Pradesh,"Rajahmundry/
Rajamahendra
varam","GAIL Administrative Office, A.V. Apparao Road",26,7,12,9,13,26,20,34,175,99,16,57,40,No,49386799
39,Andhra Pradesh,"Rajahmundry/
Rajamahendra
varam","MCH Block ,District Hospital, Near Central
Prison, Lalacheruvu Road",9,7,10,9,16,24,20,62,149,112,11,45,26,No,49386799
40,Andhra Pradesh,Srikakulam,"SAMKRG Pistons Quarters Bulding, Near IDA,
Pydibhimavaram",97,7,16,10,12,30,21,57,344,74,23,988,112,No,49386799
41,Andhra Pradesh,Srikakulam,District cooparative office at SKLM Old Bridge,104,6,14,10,13,28,21,58,218,68,12,341,109,No,49386799
42,Andhra Pradesh,Srikakulam,Kushalapuram,17,6,12,9,12,25,20,60,93,69,12,204,93,No,49386799
43,Andhra Pradesh,Srikakulam,"Muncipal corporation Office, Old Bustand",105,5,15,9,12,36,21,60,249,73,27,831,145,No,49386799
44,Andhra Pradesh,Tirupati,"Regional Science Centre, Chittoor Bypass",106,4,7,5,12,40,15,31,146,51,73,365,167,No,49386799
45,Andhra Pradesh,Tirupati,Municipal Office,105,4,6,5,11,38,19,35,104,69,63,116,100,No,49386799
46,Andhra Pradesh,Tirupati,APPCB-Regional Office,41,4,5,5,12,20,14,31,109,50,6,31,20,No,49386799
47,Andhra Pradesh,Tirupati,S.V. Guest house,25,4,6,5,13,29,17,34,93,63,7,31,18,No,49386799
48,Andhra Pradesh,Vijaywada,"NTR Veterinary college of sciences, Gannavaram",9,5,5,5,19,21,19,75,86,79,7,56,23,No,49386799
49,Andhra Pradesh,Vijaywada,"VR Siddhartha Engineering college , Kanuru",9,4,5,5,17,21,19,46,59,54,8,46,20,No,49386799
50,Andhra Pradesh,Vijaywada,"APIIC,IALA, IDA, Kondaplli",9,5,5,5,19,22,20,71,84,77,19,54,42,No,49386799
51,Andhra Pradesh,Vijaywada,Benz Circle,103,4,6,5,17,66,22,49,105,84,11,56,32,No,49386799
52,Andhra Pradesh,Vijaywada,Autonagar,103,4,6,5,18,28,23,69,108,88,7,44,20,No,49386799
53,Andhra Pradesh,Vijaywada,Police Control Room,103,5,6,5,19,29,24,66,107,89,7,56,22,No,49386799
54,Andhra Pradesh,Vijaywada,"A.P. Pollution Control Board, plot no. 41, Sri
Kanakadurga Officers colony, Gurunank Road",103,4,6,5,18,27,22,61,105,81,7,30,18,No,49386799
55,Andhra Pradesh,Vijaywada,"Gram Panchayat Office, Yenamalakuduru",103,4,7,5,18,29,21,42,106,63,7,64,38,No,49386799
56,Andhra Pradesh,Vijaywada,"Indian Medical Association Hall,Eluru Road,
Governorpet",103,5,7,5,19,31,22,62,109,80,2,19,8,No,49386799
57,Andhra Pradesh,"Vishakhapatna
m","Industrial Estate, Marripalem",103,6,19,9,10,41,20,35,160,84,6,84,29,No,49386799
58,Andhra Pradesh,"Vishakhapatna
m","Panchayat Raj office, Mindi",103,5,25,9,10,39,20,29,236,72,12,46,31,No,49386799
59,Andhra Pradesh,"Vishakhapatna
m",Police Barracks,108,7,20,12,11,73,25,38,230,92,12,71,44,No,49386799
60,Andhra Pradesh,"Vishakhapatna
m","INS-Virabahu, Naval Area",104,6,15,8,10,39,17,26,210,71,8,27,17,No,49386799
61,Andhra Pradesh,"Vishakhapatna
m",Seethammadhara,103,6,24,9,10,43,19,20,222,65,8,32,19,No,49386799
62,Andhra Pradesh,"Vishakhapatna
m",Ganapuram Area,107,7,29,12,10,43,25,28,299,91,15,98,60,No,49386799
63,Andhra Pradesh,"Vishakhapatna
m","Pedagantyada (V), Gajuwada (M)",102,6,22,9,10,33,18,25,181,76,40,96,68,No,49386799
64,Andhra Pradesh,"Vishakhapatna
m","CWMP, RAMKY, Parawada",105,6,23,9,10,33,20,27,145,66,42,128,81,No,49386799
65,Andhra Pradesh,"Vishakhapatna
m",MVP Raitu Bajar,35,7,19,10,13,35,21,20,214,81,31,134,70,No,49386799
66,Andhra Pradesh,Vizianagaram,APIIC Building at IDA Bobbili Growth Center,96,6,16,10,11,33,21,50,95,66,46,143,96,No,49386799
67,Andhra Pradesh,Vizianagaram,"APIIC Building, VT Agraharam,Industrial area",107,6,17,10,13,36,21,59,85,68,33,185,62,No,49386799
68,Andhra Pradesh,Vizianagaram,Muncipal Kaspa High School,105,6,13,9,11,28,20,53,150,61,25,106,68,No,49386799
69,Arunachal Pradesh,Itnagar,PCCF's Office Compound,38,2,13,3,5,18,11,20,287,116,24,112,62,No,1383727
70,Arunachal Pradesh,Naharlagun,APSPCB Office compound,41,2,9,3,5,7,5,13,211,88,36,97,74,No,1383727
71,Assam,Bongaigaon,"Oil India Ltd. PS-6, Chirang",86,3,29,5,11,43,14,37,184,56,38,109,78,No,31205576
72,Assam,Bongaigaon,Barpara Office Building,89,3,26,5,10,39,13,37,150,54,27,75,46,No,31205576
73,Assam,Daranga,"BATAD, Sandoop Jhankar town of Bhutan, Baska",98,4,12,7,11,21,15,22,183,71,11,75,46,No,31205576
74,Assam,Dibrugarh,Dibrugarh Office Building,101,3,10,6,9,19,12,19,171,54,22,107,44,No,31205576
75,Assam,Golaghat,Golaghat Office Building,100,3,9,6,9,19,12,19,136,56,27,112,67,No,31205576
76,Assam,Guwahati,"Head Office, Bamunimaidam",146,4,23,8,11,34,18,27,250,115,36,112,61,No,31205576
77,Assam,Guwahati,"Boragaon, IASST, Kamrup",110,4,16,7,11,25,17,26,252,109,22,59,37,No,31205576
78,Assam,Guwahati,"Guwahati University, Kamrup",130,5,16,7,12,30,18,23,188,86,34,126,71,No,31205576
79,Assam,Guwahati,"ITI Building, Gopinath Nagar",133,4,16,7,12,27,18,35,324,149,31,96,61,No,31205576
80,Assam,Guwahati,"Khanapara, Central Dairy, Kamrup",144,4,20,8,12,28,18,20,222,99,25,84,55,No,31205576
81,Assam,Guwahati,"Near Pragjyotish College, Santipur",143,4,17,8,12,27,18,28,305,113,29,82,52,No,31205576
82,Assam,Margherita,Coal India Office,96,4,9,6,9,18,12,19,109,54,35,102,63,No,31205576
83,Assam,Nagaon,"Water Resources Div., Christian Patty, Nagaon
College",99,3,16,7,12,24,17,18,222,96,35,108,73,No,31205576
84,Assam,Nalbari,"PWD Rural Div Office Complex, near Gordon
Boy's GS School",99,4,15,7,11,29,17,33,180,97,30,100,57,No,31205576
85,Assam,"North
Lakhimpur","Bazar Patti, North Lakhimpur Town",95,5,16,8,12,27,18,18,163,61,36,96,59,No,31205576
86,Assam,Silchar,"Govt. Boys HS School, Janiganj",90,5,8,6,9,14,11,36,60,51,29,98,48,No,31205576
87,Assam,Silchar,"RLO, Ithkola Market, Ghaniwala Road",89,5,9,6,8,12,10,34,60,48,5,148,25,No,31205576
88,Assam,Sivasagar,Sibasagar Office Building,104,4,9,6,8,19,12,23,133,57,5,95,27,No,31205576
89,Assam,Sivasagar,"Usha Lodge, near ONGCL Colony",103,4,11,7,10,26,15,36,183,87,9,54,23,No,31205576
90,Assam,Tezpur,Tezpur Office Building,99,5,13,8,10,24,17,16,198,115,0,79,22,No,31205576
91,Assam,Tinsukia,"Digboi Carbon factory Campus, Borguri",100,4,9,6,9,21,12,23,144,58,25,87,64,No,31205576
92,Assam,Tinsukia,"Shreepuria, Borguri",90,4,10,6,7,22,12,17,120,55,25,79,42,No,31205576
93,Assam,Tinsukia,Shivdham,103,3,9,6,7,18,13,17,147,55,9,75,30,No,31205576
94,Bihar,Begusarai,Begusarai,102,9,16,12,16,28,21,42,187,108,4,48,21,No,104099452
95,Bihar,Darbhanga,"Smt Baby Kumari, Ashok Hotel,Kadirabad
Chowk",104,10,27,16,15,41,24,50,437,118,11,103,51,No,104099452
96,Bihar,Gaya,"Godam Road, Raja Market",103,7,16,12,16,28,21,18,261,89,12,113,51,No,104099452
97,Bihar,Muzaffarpur,"BSPCB Regional Office, Bela Industrial Area, Bela",107,10,22,14,15,49,24,44,423,139,4,117,13,No,104099452
98,Bihar,Patna,"Beltron Bhawan, Shastri Nagar",83,2,13,3,10,74,34,22,426,133,6,19,13,Yes,104099452
99,Bihar,Patna,"Gandhi Maidan, Auto Exhaust Test Centre",90,2,36,7,18,124,68,64,564,282,14,65,33,Yes,104099452
100,Bihar,Rajgir,"Sujkund, Near Samuraji hotel",105,7,16,12,16,29,22,24,173,88,8,162,51,No,104099452
101,Bihar,Sasaram,"Takia,Ward no.2, Rhotas",106,9,16,12,16,30,21,21,215,88,9,151,43,No,104099452
102,Chandigarh,Chandigarh,"Modern Foods, Industrial Area",138,2,2,2,9,44,21,18,341,117,14,77,45,No,1055450
103,Chandigarh,Chandigarh,Sector-17 C,145,2,2,2,5,48,18,23,292,92,18,79,45,No,1055450
104,Chandigarh,Chandigarh,"Punjab Engineering College, Sector- 12",145,2,2,2,6,41,15,26,399,93,12,63,44,No,1055450
105,Chandigarh,Chandigarh,"Sector-39, IMTECH",154,2,2,2,5,52,18,26,570,107,6,78,35,No,1055450
106,Chandigarh,Chandigarh,Kaimbwala Village,140,2,2,2,6,33,14,22,263,101,32,70,53,No,1055450
107,Chattisgarh,Bilaspur,"Regional Office, CECB Vyapar Vihar",96,4,9,6,8,19,12,20,72,42,18,72,46,No,25545198
108,Chattisgarh,"Durg-
Bhillainagar","Visak Hostel, Sector-4",95,7,11,9,17,21,18,66,95,81,28,66,44,No,25545198
109,Chattisgarh,"Durg-
Bhillainagar","R.O., 5/32 Banglow Office Building",98,3,6,4,10,15,12,48,77,61,10,91,48,No,25545198
110,Chattisgarh,"Durg-
Bhillainagar",M.P. Laghu Udyog Nigam,93,9,27,10,21,26,23,87,106,98,23,69,46,No,25545198
111,Chattisgarh,"Durg-
Bhillainagar","CSIDC Industrial Growth Center, Borai",60,9,12,10,17,25,21,84,100,96,9,82,50,No,25545198
112,Chattisgarh,Korba,"HIG 21,22.Near Ghantaghar, MP Extension",98,8,13,10,17,22,20,41,87,65,11,76,41,No,25545198
113,Chattisgarh,Korba,"Pragati Nagar NTPC Colony, Jamnipali",98,6,24,9,14,32,19,32,115,53,4,75,31,No,25545198
114,Chattisgarh,Raipur,"New HIG-9, Hirapur/Housing Board Complex
Kabir Nagar",49,8,17,12,11,26,17,19,77,54,4,45,19,No,25545198
115,Chattisgarh,Raipur,M/S Wool Worth India Pvt. Ltd. Sarora,59,11,24,15,11,41,24,29,95,69,4,33,16,No,25545198
116,Dadra & Nagar Haveli,"Baldevi (Dadra
& Nagar
Haveli)*","Baldevi Village, Athola, Dandul Faliya,
Teh:Dadra & Nagar Haveli",103,8,24,18,12,52,22,30,91,58,9,90,41,No,343709
117,Dadra & Nagar Haveli,Silvassa,"Khadoli Industrial Area, Khadoli",99,11,45,31,13,51,35,32,99,72,17,39,27,No,343709
118,Dadra & Nagar Haveli,Silvassa,"Chetan Guest House, Near Post Office, Piperia,
silvassa Char Rasta",101,10,45,28,14,43,32,25,130,70,13,36,22,No,343709
119,Daman & Diu,Daman,"Prima Plastic, Kadaiya Industrial Area, Kadaiya",103,11,40,28,12,45,31,55,178,132,17,41,29,No,243247
120,Daman & Diu,Daman,"Mashal Chawk, Nani Daman",99,11,41,26,13,42,30,53,171,117,29,58,38,No,243247
121,Daman & Diu,"Patlara
(Daman)*","Makat Faliya/ Ambavadi, Patlara Village, Moti
Daman Teh:Daman",101,9,34,18,10,29,22,38,157,114,22,38,29,No,243247
122,Delhi,Delhi,"N.Y. School, Sarojini Nagar, Delhi",94,2,26,6,38,179,96,41,158,116,5,77,33,No,16787941
123,Delhi,Delhi,Janakpuri,114,4,44,7,19,135,56,32,140,74,8,42,17,No,16787941
124,Delhi,Delhi,"Naraina Industrial Area, Delhi",94,2,31,6,26,174,95,33,345,156,2,13,7,No,16787941
125,Delhi,Delhi,Nizamuddin,100,4,13,5,13,166,68,34,1076,243,2,12,6,No,16787941
126,Delhi,Delhi,Pritampura,118,4,41,8,14,160,60,31,416,225,20,67,31,No,16787941
127,Delhi,Delhi,Shahadra,102,4,31,6,18,124,55,30,708,234,18,70,27,No,16787941
128,Delhi,Delhi,Shahzada Bagh,104,4,21,5,19,181,71,35,990,250,27,142,67,No,16787941
129,Delhi,Delhi,Siri Fort,106,4,12,5,21,123,53,28,699,252,26,124,57,No,16787941
130,Delhi,Delhi,"Town Hall, Ayurvedic Dispensary, Chandni
Chowk, Delhi",89,2,22,6,48,190,109,23,918,225,16,117,40,No,16787941
131,Goa,Amona,"Amona, Bicholim",63,6,10,8,8,18,12,29,916,250,29,117,60,No,1458545
132,Goa,Assanora,"Assanora Junction, Bardez",65,4,12,8,9,17,13,46,400,187,44,142,76,No,1458545
133,Goa,Bicholim,Bicholim,64,5,10,7,10,16,13,19,98,62,23,97,53,No,1458545
134,Goa,Codli,"Codli Tisk, Ponda, Sanguem",62,4,11,8,6,17,12,22,95,56,16,90,57,No,1458545
135,Goa,Cuncolim,Cuncolim,50,7,17,11,11,20,15,20,173,70,13,66,47,No,1458545
136,Goa,Curchorem,"Curchorem, Sanvordem, Quepem",71,6,13,9,9,18,13,23,143,61,22,58,49,No,1458545
137,Goa,Honda,"Honda Junction, Sattari",64,5,10,8,8,17,13,46,94,77,25,96,51,No,1458545
138,Goa,Kundaim,Kundaim Industrial Estate,66,5,12,8,7,26,14,21,83,57,25,96,49,No,1458545
139,Goa,Mapusa,Mapusa town,80,2,20,4,5,23,7,22,145,62,21,96,46,No,1458545
140,Goa,Margao,Margao Town,64,5,9,7,8,17,13,21,185,69,37,90,61,No,1458545
141,Goa,Mormugao,"Fire Brigade Station, Port Trust",62,2,18,5,5,27,11,10,206,73,37,90,64,No,1458545
142,Goa,Panaji,"Old GSPCB premises, Patto",69,2,20,6,5,25,12,22,94,57,20,89,41,No,1458545
143,Goa,Ponda,Ponda Town,56,5,11,8,9,19,13,21,300,101,23,141,40,No,1458545
144,Goa,Sanguem,"Near Railway Station at Kalem, Sanguem",66,5,15,9,9,20,13,12,149,68,19,115,43,No,1458545
145,Goa,Tilamol,"Quepem, Tilamol",51,6,12,9,10,22,14,20,257,93,15,104,38,No,1458545
146,Goa,Tuem,Tuem Industrial Estate,64,5,11,8,10,17,13,28,83,61,13,87,47,No,1458545
147,Goa,Usgao,"Usgao Plae, Junction, Ponda",64,5,11,7,9,17,13,25,141,81,21,74,37,No,1458545
148,Goa,Vasco,"Fuse Call Office, Mormugao",85,2,17,5,5,79,11,25,87,54,15,80,37,No,1458545
149,Gujarat,Ahmedabad,"Naroda, G.I.D.C., Ahmadabad",95,10,32,17,18,46,27,24,102,59,21,44,29,Yes,60439692
150,Gujarat,Ahmedabad,Cadilla Bridge Narol,104,9,49,18,11,66,30,17,304,83,16,38,30,Yes,60439692
151,Gujarat,Ahmedabad,"Bhagavathi Estate, Keval Kanta Road, Rakhiyal",103,9,38,16,19,78,32,134,334,217,22,55,36,Yes,60439692
152,Gujarat,Ahmedabad,"Reliable Products, 61/62 Ilaben
estate,PiranaDump Site,Narol (previous Dyno
Wash)",104,9,32,18,17,52,31,130,419,258,17,54,35,Yes,60439692
153,Gujarat,Ahmedabad,L.D. Engg. College,104,10,33,15,15,70,29,101,408,223,12,46,33,Yes,60439692
154,Gujarat,Ahmedabad,"Shardaben Hospital, Saraspur",103,9,32,15,18,59,29,150,504,324,8,89,34,Yes,60439692
155,Gujarat,Ahmedabad,"R.C. Technical High School, Mirzapur",104,9,28,14,16,53,28,118,329,197,5,72,26,Yes,60439692
156,Gujarat,Ahmedabad,"AZL Behrampura, Ahmadabad",105,9,33,17,17,70,30,114,378,218,27,98,56,Yes,60439692
157,Gujarat,Ahmedabad,Sola L.T. Chanakyapuri Pumping Station,105,8,37,17,9,74,29,108,408,199,24,64,40,Yes,60439692
158,Gujarat,Anklesvar,Rallis India Ltd.,105,10,31,16,17,41,25,118,327,239,33,75,53,No,60439692
159,Gujarat,Anklesvar,"Durga Traders, Bhavanafarm Society",103,7,28,16,15,56,25,120,374,249,33,74,52,No,60439692
160,Gujarat,Jamnagar,Fisheries Office,105,10,35,17,12,59,21,99,218,148,29,82,52,No,60439692
161,Gujarat,Rajkot,Nr. Sardhara Industrial Corporation,104,10,38,19,12,59,23,97,245,149,13,56,38,No,60439692
162,Gujarat,Rajkot,GPCB Regional Offce,105,10,37,19,13,80,24,87,272,137,8,46,27,No,60439692
163,Gujarat,Surat,S.V.R. Engg. College,105,8,49,19,13,57,25,108,411,215,8,273,37,Yes,60439692
164,Gujarat,Surat,"B.R.C. High School, Udhna",104,11,65,28,13,87,36,105,326,190,17,58,35,Yes,60439692
165,Gujarat,Surat,Near Air India Office,104,10,50,20,12,59,26,87,150,109,4,212,46,Yes,60439692
166,Gujarat,Vadodara,"GPCB Office, Geri Vasahat",104,10,35,19,13,46,23,109,401,236,12,111,44,No,60439692
167,Gujarat,Vadodara,"Sterling Gelatin Guest House, Vill-Karakhadi
Padia",104,9,33,15,17,46,24,94,318,184,8,18,12,No,60439692
168,Gujarat,Vadodara,Dandia Bazaar,104,10,42,20,13,60,25,109,249,167,18,85,52,No,60439692
169,Gujarat,Vadodara,CETP Nandesari,104,10,43,22,13,54,27,98,228,162,28,97,47,No,60439692
170,Gujarat,Vadodara,Lubrizol,101,10,65,21,13,85,26,102,326,196,30,95,44,No,60439692
171,Gujarat,Vapi,"GEB, IIIrd Phase, GIDC",102,9,38,18,18,58,27,111,391,239,30,89,44,No,60439692
172,Gujarat,Vapi,"Vapi Nagar Palika, Vapi",105,9,29,15,13,38,22,96,322,177,36,78,53,No,60439692
173,Haryana,Hissar,Urban Estate - II,66,5,14,10,6,12,9,113,317,189,11,65,33,No,25351462
174,Himachal Pradesh,Baddi,Industry Department Office Building,117,2,3,2,17,55,35,98,296,153,13,42,31,No,6864602
175,Himachal Pradesh,Baddi,AHC barotiwala,118,2,3,2,15,56,24,46,306,140,12,65,32,No,6864602
176,Himachal Pradesh,Baddi,Housing Board,139,2,3,2,21,51,32,81,644,186,12,100,40,No,6864602
177,Himachal Pradesh,Damtal,Regional Office,117,2,2,2,7,16,10,51,463,136,16,41,28,No,6864602
178,Himachal Pradesh,Damtal,Old Road,132,2,2,2,6,24,10,55,659,169,10,46,26,No,6864602
179,Himachal Pradesh,Dharamshala,Kotwali Bazar Dharamshala,95,2,2,2,5,9,7,26,589,64,15,84,33,No,6864602
180,Himachal Pradesh,Dharamshala,"Daari, Dharamshala",118,2,2,2,5,19,7,22,281,61,13,182,36,No,6864602
181,Himachal Pradesh,Gulaba,Behind green tax barrier,15,2,2,2,5,11,5,16,66,36,38,73,55,No,6864602
182,Himachal Pradesh,Kala Amb,Kala Amb Industrial Area,142,2,4,3,11,18,15,11,192,41,23,108,47,No,6864602
183,Himachal Pradesh,Kala Amb,Kala Amb Town/Trilokpur,182,2,10,2,10,19,13,17,72,40,26,100,48,No,6864602
184,Himachal Pradesh,Manali,"Nehru Park, Manali, Kullu",114,2,5,2,5,29,13,74,524,130,32,103,56,No,6864602
185,Himachal Pradesh,Manali,"HPSPCB, Hadimba Road, Manali, Kullu",95,2,3,2,5,18,6,35,178,77,35,86,58,No,6864602
186,Himachal Pradesh,Marhi,Behind Police check post,12,2,2,2,5,5,5,34,207,84,36,60,47,No,6864602
187,Himachal Pradesh,Nalagarh,Municipal Council,129,2,2,2,15,52,24,20,121,52,61,77,69,No,6864602
188,Himachal Pradesh,Paonta Sahib,Paonta Sahib,140,2,10,2,11,18,13,15,42,24,16,161,48,No,6864602
189,Himachal Pradesh,Paonta Sahib,Gondhpur Industrial Area,137,2,5,3,13,18,15,60,520,148,16,119,37,No,6864602
190,Himachal Pradesh,Parwanoo,"Regional Office, Sector- 4",130,2,3,2,5,32,5,27,435,82,33,102,60,No,6864602
191,Himachal Pradesh,Parwanoo,Asst. Commissioner Building Sector I,123,2,3,2,5,6,5,33,690,93,5,131,49,No,6864602
192,Himachal Pradesh,Shimla,"Bus Stand, Winterfield",145,2,8,4,15,40,26,20,294,60,11,118,37,No,6864602
193,Himachal Pradesh,Sunder Nagar,"HPSPCB, BBMB Colony, Mandi",138,2,2,2,5,20,10,33,112,66,11,96,42,No,6864602
194,Himachal Pradesh,Sunder Nagar,"Muncipal Council, NH-21, Mandi",119,2,2,2,5,28,10,27,168,60,14,267,41,No,6864602
195,Himachal Pradesh,Una,"Regional Office, Una",36,2,2,2,5,6,5,20,321,78,33,93,57,No,6864602
196,Himachal Pradesh,Una,"DIC Building, Mehatpur, Una",15,2,2,2,5,7,5,21,464,90,37,101,50,No,6864602
197,Himachal Pradesh,Vashisht,"Behind pollution check barrier, Bhang",24,2,3,2,5,13,5,55,556,68,20,66,37,No,6864602
198,Jammu & Kashmir,Jammu,"Regional Office, Jammu",98,2,7,4,10,25,19,58,84,66,24,220,53,No,12541302
199,Jammu & Kashmir,Jammu,"M.A. Stadium, Jewel Chowk",99,2,8,4,11,24,18,22,90,44,23,86,54,No,12541302
200,Jammu & Kashmir,Jammu,Bari Brahamana Industrial Area,101,2,7,4,10,24,19,73,367,169,17,97,46,No,12541302
201,Jharkhand,Barajamda,Barajamda U.M. Office,86,11,20,16,17,63,23,54,291,159,17,58,31,No,32988134
202,Jharkhand,Dhanbad,R.O. Dhanbad,87,11,19,14,30,47,37,65,283,165,19,46,31,No,32988134
203,Jharkhand,Dhanbad,"EMTI, Bastacola",75,11,19,14,29,53,37,49,170,104,22,49,35,No,32988134
204,Jharkhand,Dhanbad,"CGM Office, Kusunda",91,12,26,14,29,59,36,47,162,78,13,68,34,No,32988134
205,Jharkhand,Jamshedpur,Bistupur Vehical Testing Centre,93,27,49,37,35,59,46,60,205,123,14,59,33,No,32988134
206,Jharkhand,Jamshedpur,Golmuri Vehicle Testing Centre,89,29,43,37,37,56,46,47,820,258,22,58,36,No,32988134
207,Jharkhand,Jharia,M.A.D.A.,101,11,18,14,29,45,36,49,104,75,21,55,36,No,32988134
208,Jharkhand,Ranchi,"Albert Ekka Chowk, Main Road",93,16,21,18,34,39,36,80,358,218,9,59,39,No,32988134
209,Jharkhand,Saraikela,"RO Building, Adityapur",91,21,46,36,29,56,45,96,465,268,6,136,28,No,32988134
210,Jharkhand,Sindri,BIT / PDIL,58,10,22,13,29,45,34,154,481,305,6,102,31,No,32988134
211,Karnataka,Bagalkote,Bagalkote KSPCB Office Premises,84,2,2,2,10,34,13,74,190,127,9,94,37,No,61095297
212,Karnataka,Bangalore,"Graphite India, White Field Road",83,2,3,2,29,40,33,75,186,130,24,39,32,No,61095297
213,Karnataka,Bangalore,"AMCO Batteries, Mysore Road",120,2,4,2,21,41,32,118,498,322,20,36,26,No,61095297
214,Karnataka,Bangalore,"KHB Industrial Area, Yelahanka",124,2,3,2,27,40,31,103,147,122,28,43,36,No,61095297
215,Karnataka,Bangalore,Peenya Industrial Area,85,2,3,2,27,41,32,54,196,128,9,92,32,No,61095297
216,Karnataka,Bangalore,Victoria hospital,104,2,5,2,27,37,31,64,214,136,11,131,36,No,61095297
217,Karnataka,Bangalore,Yeshwanthpura police station,120,2,4,2,28,40,32,18,106,65,10,85,36,No,61095297
218,Karnataka,Bangalore,"Jnanabharathi, Bangalore University",77,2,10,6,8,23,14,56,270,116,8,56,24,No,61095297
219,Karnataka,Bangalore,"TERI office, Vital Medi healthcare Pvt Ltd",105,2,3,2,28,39,32,46,162,102,13,58,31,No,61095297
220,Karnataka,Belgaum,Karnataka SPCB Office Building,79,2,2,2,10,23,15,49,254,104,11,54,21,No,61095297
221,Karnataka,Bidar,KSPCB Office Premises,45,2,3,2,6,32,14,55,158,89,23,117,54,No,61095297
222,Karnataka,Bijapur,KSPCB Office Premises,87,2,2,2,10,21,14,33,129,66,22,134,67,No,61095297
223,Karnataka,Chitradurga,KSPCB Office Premises,101,2,17,4,5,12,6,44,243,107,13,74,36,No,61095297
224,Karnataka,Devanagere,"Regional Office building, KSPCB",94,2,10,4,5,12,7,13,65,41,19,82,48,No,61095297
225,Karnataka,Devanagere,"HPF Intakewell, Kumarapattnam",105,2,24,4,5,11,6,43,175,93,23,112,58,No,61095297
226,Karnataka,Gulburga,Government Hospital,61,2,5,2,5,41,14,16,325,89,5,85,22,No,61095297
227,Karnataka,Hassan,KSRTC bus stand building,104,2,5,4,14,23,19,13,147,82,10,110,27,No,61095297
228,Karnataka,Hubli-Dharwad,"Lakkamanahalli Industrial Area, Dharwad",103,4,7,5,15,29,20,19,185,76,5,61,26,No,61095297
229,Karnataka,Hubli-Dharwad,"Rani Chennamma Circle, Hubli",106,4,8,5,18,30,25,18,354,53,22,50,33,No,61095297
230,Karnataka,Kolar,"KSPCB Office Premises, Kolar",95,2,2,2,12,39,30,21,83,48,34,87,53,No,61095297
231,Karnataka,Mandya,"KSPCB Building, Bandigowda Badarahe",45,2,2,2,10,14,12,20,70,40,8,134,52,No,61095297
232,Karnataka,Mangalore,Baikampady Industrial Area,93,4,10,7,6,13,10,7,154,55,37,81,54,No,61095297
233,Karnataka,Mysore,"K.R.Circle, Visvesvaraya Bldg",103,2,10,3,11,20,15,25,47,33,37,113,56,No,61095297
234,Karnataka,Raichur,"KSPCB Office Premises, Raichur",106,2,23,2,5,28,12,42,87,66,35,70,54,No,61095297
235,Karnataka,Shimaga,"The VISL, Oxygen Plant, Shimoga",101,2,25,8,5,12,6,57,106,84,24,79,57,No,61095297
236,Karnataka,Timukuru,KSPCB Office Premises,103,2,3,2,25,39,32,34,148,81,11,126,54,No,61095297
237,Kerala,Alappuzha,"District Office, Alissery Road",98,2,2,2,5,5,5,36,55,44,35,137,58,No,33406061
238,Kerala,Alappuzha,"DC Mills, Pathirappally",88,2,2,2,5,5,5,32,87,57,27,79,49,No,33406061
239,Kerala,Kochi,"Eloor I, FACT, Ambalamughal",84,2,4,2,10,40,23,45,77,53,26,44,36,Yes,33406061
240,Kerala,Kochi,Eloor II,92,2,6,3,13,46,26,8,284,90,26,50,40,Yes,33406061
241,Kerala,Kochi,Irumpanam,106,2,10,3,5,33,11,15,92,44,53,62,57,Yes,33406061
242,Kerala,Kochi,Ernakulum South,106,2,7,3,5,25,13,34,181,87,21,65,27,Yes,33406061
243,Kerala,Kochi,VYTTILA,106,2,9,3,5,44,14,15,69,46,15,61,37,Yes,33406061
244,Kerala,Kochi,MG Road Bank Ernakulum,106,2,9,3,5,26,14,19,76,54,30,82,49,Yes,33406061
245,Kerala,Kochi,KALAMASSERY / CSIR Complex,103,2,10,3,5,32,11,15,99,57,7,250,47,Yes,33406061
246,Kerala,Kollam,"KSPCB, District Office, Kadappakada",99,2,3,2,5,7,5,24,113,66,18,52,34,No,33406061
247,Kerala,Kollam,KMML Chavara,96,2,4,3,5,7,6,17,136,52,20,54,37,No,33406061
248,Kerala,Kottayam,Kottayam,112,2,4,3,12,14,13,19,136,53,25,71,41,No,33406061
249,Kerala,Kottayam,Vadavathoor,112,2,5,3,12,15,14,19,188,53,19,33,24,No,33406061
250,Kerala,Kozhikode,Kozhikode City,108,2,2,2,5,29,11,17,194,53,49,72,60,Yes,33406061
251,Kerala,Kozhikode,Nallalam,109,2,2,2,5,23,8,19,161,62,6,403,95,Yes,33406061
252,Kerala,Malapuram,"Kakkanchery, Sijmak oils",105,2,2,2,6,38,26,20,54,45,8,398,115,No,33406061
253,Kerala,Palakkad,SEPR Refractories India Ltd.,103,2,8,2,6,10,9,38,60,49,10,292,109,No,33406061
254,Kerala,"Pathanamthitt
a","KSPCB, Makkamkunnu",103,2,2,2,9,19,15,24,57,39,4,279,104,No,33406061
255,Kerala,"Thiruvanantha
puram",PRS Hospital/COSMO,88,5,8,7,10,30,23,27,85,50,28,266,102,No,33406061
256,Kerala,"Thiruvanantha
puram",SMV School,86,6,8,7,16,53,23,20,501,61,25,296,104,No,33406061
257,Kerala,"Thiruvanantha
puram",VELI / HiTech Chackai,86,11,21,16,22,28,25,8,131,48,9,277,83,No,33406061
258,Kerala,"Thiruvanantha
puram",PETTAH / Sasthamangalam,88,6,9,7,19,27,23,14,77,31,10,668,108,No,33406061
259,Kerala,Thissur,"KSPCB, District Office, Poonkunnam",108,2,18,3,4,31,9,11,97,44,31,311,119,No,33406061
260,Kerala,Wayanad,Sulthan Bathery,99,2,2,2,5,5,5,15,39,31,41,145,58,No,33406061
261,Madhya Pradesh,Amlai,HJI,101,10,26,17,13,30,22,33,59,44,18,110,44,No,72626809
262,Madhya Pradesh,Amlai,OPM,135,7,24,14,10,27,19,37,67,48,13,44,20,No,72626809
263,Madhya Pradesh,Bhopal,"Hamidia Road, MP Hastshilp Vikas Nigam",105,2,20,9,5,46,18,40,64,54,46,136,71,No,72626809
264,Madhya Pradesh,Bhopal,CETP Govindpura,121,2,17,5,5,41,12,33,69,50,21,46,33,No,72626809
265,Madhya Pradesh,Bhopal,"Nutan Subhash School, T.T. Nagar",104,2,8,2,5,15,7,11,82,41,15,290,105,No,72626809
266,Madhya Pradesh,Bhopal,"Kolar Thana, Kolar Road, Bhopal",102,2,18,8,5,36,14,7,49,34,13,267,89,No,72626809
267,Madhya Pradesh,Bhopal,"AKVN Office, Industrial Area Mandideep, Raisen",85,2,26,11,5,48,21,20,60,44,19,97,40,No,72626809
268,Madhya Pradesh,Bhopal,"Barkatuallah University, Hoshgabad Road,
Bhopal",101,2,12,5,5,40,10,48,139,96,25,292,99,No,72626809
269,Madhya Pradesh,Bhopal,"Main Road, Hemu Colony, Bairagarh, Bhopal",105,2,16,7,5,47,14,48,151,85,21,192,82,No,72626809
270,Madhya Pradesh,Chhindwara,"HIG -33, Front of Geetanali Park Housing Board
Colony, Chadagaon",87,2,23,4,7,42,16,75,276,155,20,261,91,No,72626809
271,Madhya Pradesh,Chhindwara,"Hindustan Unileaver, Narsinghpur Road,",84,2,7,3,8,32,13,68,234,123,1,335,64,No,72626809
272,Madhya Pradesh,Dewas,EID Perry (I) Limited,105,11,20,16,15,24,21,38,183,67,20,285,95,No,72626809
273,Madhya Pradesh,Dewas,Dewas Metal Section,96,9,21,15,9,27,20,71,294,150,17,71,35,No,72626809
274,Madhya Pradesh,Dewas,Vikas Nagar,104,11,20,16,15,25,20,90,295,187,,,,No,72626809
275,Madhya Pradesh,Gwalior,Dindayal Nagar,75,9,16,12,15,26,20,66,225,126,,,,No,72626809
276,Madhya Pradesh,Gwalior,Maharaj Bada,92,10,18,13,15,32,21,76,218,134,,,,No,72626809
277,Madhya Pradesh,Indore,"M.P. Laghu Udyog, Pologround",98,3,13,10,12,24,19,30,141,81,,,,Yes,72626809
278,Madhya Pradesh,Indore,"Kothari Market, M.G. Road",108,3,39,10,9,36,19,29,119,84,,,,Yes,72626809
279,Madhya Pradesh,Indore,"Telephone Nagar, 26 A, Kanadia Road",110,4,16,10,10,32,19,55,85,70,,,,Yes,72626809
280,Madhya Pradesh,Jabalpur,Vijay Nagar,102,2,2,2,8,29,14,48,131,68,,,,No,72626809
281,Madhya Pradesh,Jabalpur,Udaipur Beverage Racchai,102,3,19,13,11,31,20,48,80,66,,,,No,72626809
282,Madhya Pradesh,Katni,"HIG-4 Housing Board Colony Jhinjhri, Katni",98,7,30,12,18,41,28,67,235,127,,,,No,72626809
283,Madhya Pradesh,Katni,"Calderys Works Refactories India Private
Limited, Guest House, Katni",94,6,27,12,20,37,28,80,239,141,,,,No,72626809
284,Madhya Pradesh,Nagda,Chem. D. Labour Club,74,9,33,20,7,27,14,41,134,87,,,,No,72626809
285,Madhya Pradesh,Nagda,B C I Labour Club,78,7,20,11,9,33,18,45,252,87,,,,No,72626809
286,Madhya Pradesh,Nagda,Grasim Kalyan Kendra,77,6,23,12,11,30,21,43,273,91,,,,No,72626809
287,Madhya Pradesh,Prithampur,"Vikas Bhavan, Sector-2",103,6,27,11,12,32,21,46,231,107,,,,No,72626809
288,Madhya Pradesh,Prithampur,"RCC Over Head Tank No. 1, Sector-3",104,6,27,12,13,31,21,51,246,131,,,,No,72626809
289,Madhya Pradesh,Sagar,Pt.Deendayal Nagar,91,2,11,3,5,30,15,64,170,90,,,,No,72626809
290,Madhya Pradesh,Sagar,"Katra Bazar, Sagar",96,2,6,3,4,24,13,60,152,91,,,,No,72626809
291,Madhya Pradesh,Satna,Sub-divisional Office E/M Light Machniery,89,3,6,4,5,13,9,32,85,56,,,,No,72626809
292,Madhya Pradesh,Satna,"MPPCB,Dharwari GaliNo.5,House No.318",113,2,5,3,5,10,7,37,80,58,,,,No,72626809
293,Madhya Pradesh,Singrauli,Jayant Township,75,15,37,23,18,42,30,44,116,71,,,,No,72626809
294,Madhya Pradesh,Singrauli,"N.T.P.C., Vidyanagar",75,13,32,23,19,70,30,51,112,88,,,,No,72626809
295,Madhya Pradesh,Singrauli,Waidhan,75,14,31,23,13,88,31,54,119,91,,,,No,72626809
296,Madhya Pradesh,Ujjain,District Office,95,10,19,15,11,20,16,31,197,79,,,,No,72626809
297,Madhya Pradesh,Ujjain,Regional Office,106,6,17,11,8,18,12,29,141,72,,,,No,72626809
298,Madhya Pradesh,Ujjain,Mahakal Temple,122,3,38,12,8,50,16,74,210,124,,,,No,72626809
299,Madhya Pradesh,Ujjain,Chamunda Mata Chouraha,96,10,18,14,11,19,15,55,129,86,,,,No,72626809
300,Maharashtra,Akola,"LRT Commerce College, Civil Lines, Akola",105,9,14,11,10,14,11,59,193,114,,,,No,112374333
301,Maharashtra,Akola,"MIDC Water Work, Phash-II, MIDC Akola",101,11,18,13,12,19,14,59,198,111,,,,No,112374333
302,Maharashtra,Akola,"College Of Engineering & Tech, Akola",104,10,15,12,10,16,12,19,181,110,,,,No,112374333
303,Maharashtra,Ambernath,Ambernath Municipal Council Office,86,16,41,25,26,107,65,52,116,93,,,,No,112374333
304,Maharashtra,Amravati,"Apurva Oil Industries, A-23, MIDC",90,10,27,16,11,29,17,41,116,69,,,,No,112374333
305,Maharashtra,Amravati,"Elect. Dept., Govt College Engineering",86,10,24,15,11,28,16,23,370,85,,,,No,112374333
306,Maharashtra,Amravati,"Rajkamal Square, Vaneeta Samaj",83,10,27,17,12,29,18,56,136,84,,,,No,112374333
307,Maharashtra,Aurangabad,S.B.E.S. College,85,10,27,14,27,51,37,38,94,68,,,,No,112374333
308,Maharashtra,Aurangabad,Collector Ofiice,76,8,16,11,20,37,32,48,92,78,,,,No,112374333
309,Maharashtra,Aurangabad,"C.A.D.A. Ofiice, Garkheda",83,7,24,13,22,48,35,50,91,71,,,,No,112374333
310,Maharashtra,Badlapur,BIWA Office,82,15,38,24,24,101,67,43,350,157,,,,No,112374333
311,Maharashtra,Bhiwandi,"Prematai Hall, Near Dhamankar Naka",88,26,41,32,37,47,43,78,152,111,,,,No,112374333
312,Maharashtra,Bhiwandi,"Fire Brigade Office, I.G.M. Hospital",100,22,42,31,31,53,43,47,141,80,,,,No,112374333
313,Maharashtra,Bhiwandi,"Regional Office, M.P.C. Board, Kalyan",106,22,58,30,31,60,41,98,140,121,,,,No,112374333
314,Maharashtra,Chandrapur,Grampanchat Ghughus,100,4,6,4,14,46,28,38,91,72,,,,No,112374333
315,Maharashtra,Chandrapur,M.I.D.C. Chandrapur,102,4,8,4,22,54,31,30,92,69,,,,No,112374333
316,Maharashtra,Chandrapur,Nagar Parishad,330,4,75,5,12,72,30,23,94,70,,,,No,112374333
317,Maharashtra,Chandrapur,"Gadchandur Gram Panchayat, Rajura",100,4,6,4,14,46,29,24,256,144,,,,No,112374333
318,Maharashtra,Chandrapur,"MIDC, Tadali",100,4,8,4,17,43,29,60,83,68,,,,No,112374333
319,Maharashtra,Chandrapur,"Muncipal Council, Ballarshah",99,4,6,4,17,60,33,61,85,70,,,,No,112374333
320,Maharashtra,Dombivali,Dombivali MIDC Phase-II,85,15,43,27,29,101,67,63,83,69,,,,No,112374333
321,Maharashtra,Jalgaon,B. J. Market,111,10,21,13,25,44,34,78,630,316,,,,No,112374333
322,Maharashtra,Jalgaon,Girna water tank,110,9,19,13,25,42,33,27,135,85,,,,No,112374333
323,Maharashtra,Jalgaon,MIDC Jalgaon,109,10,20,14,29,44,34,22,220,94,,,,No,112374333
324,Maharashtra,Jalna,"Bachat Bhawan, Near S P Office",90,8,14,11,28,60,42,74,274,171,,,,No,112374333
325,Maharashtra,Jalna,"Krishidhan Seeds Ltd, MIDC Area",88,8,14,11,31,61,44,40,210,105,,,,No,112374333
326,Maharashtra,Kolhapur,"University Campus, Shivaji University",94,7,19,12,11,36,21,59,256,125,,,,No,112374333
327,Maharashtra,Kolhapur,"Ruikar Trust, S.T. Stand",98,15,42,27,20,81,48,76,248,144,,,,No,112374333
328,Maharashtra,Kolhapur,"Mahadwar Road, Near Mahalaxmi Temple",100,12,34,22,18,66,37,49,138,73,,,,No,112374333
329,Maharashtra,Latur,MIDC Water Works,105,4,8,5,11,40,23,44,127,72,,,,No,112374333
330,Maharashtra,Latur,Kshewraj Vidyalaya Shyam nagar,108,4,8,6,9,31,21,47,131,76,,,,No,112374333
331,Maharashtra,Latur,Sidhheshwar Sahakari Bank Ganjgolai,104,4,8,5,11,35,22,61,141,108,,,,No,112374333
332,Maharashtra,Mumbai,"Bank of India, Kalbadevi Branch, Kalbadevi",20,2,4,2,9,52,25,82,110,98,,,,Yes,112374333
333,Maharashtra,Mumbai,"Parel TT, Ambedkar Road",95,2,7,2,5,61,21,35,88,61,,,,Yes,112374333
334,Maharashtra,Mumbai,Worli,97,2,6,2,5,63,17,78,162,115,,,,Yes,112374333
335,Maharashtra,Nagpur,Institution of Engineers,115,8,27,13,22,61,39,64,133,95,,,,Yes,112374333
336,Maharashtra,Nagpur,"Govt. Polytechnic College, Sadar",111,7,28,12,18,59,37,13,213,96,,,,Yes,112374333
337,Maharashtra,Nagpur,MIDC Office Hingana Road,101,6,37,13,16,59,38,26,189,96,,,,Yes,112374333
338,Maharashtra,Nagpur,"MIDC Industrial Area, MIDC Office, Hingna",89,2,17,7,5,84,16,15,200,92,,,,Yes,112374333
339,Maharashtra,Nagpur,"Nagpur Coop Building, Maskasath, Itwari",91,2,22,6,5,45,18,116,256,172,,,,Yes,112374333
340,Maharashtra,Nagpur,"NEERI Lab, Nehru Marg, Highway No. 7",83,2,18,5,5,56,13,56,458,166,,,,Yes,112374333
341,Maharashtra,Nagpur,"MPCB Office Premises, Civil Lines",313,6,33,11,18,66,34,58,329,158,,,,Yes,112374333
342,Maharashtra,Nashik,R.T.O. Colony Tank,101,2,24,12,10,29,21,51,181,112,,,,No,112374333
343,Maharashtra,Nashik,"VIP Industrial Area, MIDC Satpura",104,3,22,12,10,30,22,55,177,108,,,,No,112374333
344,Maharashtra,Nashik,Nashik Municipal Council Building,99,3,22,12,9,38,22,60,179,119,,,,No,112374333
345,Maharashtra,Nashik,"MPCB Sub R.O. Udyog Bhawan, Nashik",312,3,24,12,8,34,21,15,283,76,,,,No,112374333
346,Maharashtra,Navi Mumbai,"T.B.I.A, Rabale Airoli, TTC",98,13,33,20,31,76,47,10,304,133,,,,No,112374333
347,Maharashtra,Navi Mumbai,"Dr. D.Y. Patil College, Nerul, TTC",100,11,27,18,27,66,45,14,232,108,,,,No,112374333
348,Maharashtra,Navi Mumbai,"MPCB Lab, Mhape, TTC",97,13,26,20,29,71,48,40,268,70,,,,No,112374333
349,Maharashtra,Navi Mumbai,CIDCO Nodal Office Kharghar,102,12,27,19,15,69,47,35,171,84,,,,No,112374333
350,Maharashtra,Navi Mumbai,"Water Pump House, Panvel, Taloja",103,12,27,19,36,71,48,32,193,81,,,,No,112374333
351,Maharashtra,Navi Mumbai,"MIDC Collom Facility Building, Taloja",95,12,34,20,32,68,48,41,204,91,,,,No,112374333
352,Maharashtra,"Pimpri-
Chinchwad","Bank of Baroda Builing, Near M.C Builiding",261,9,76,39,22,198,66,25,220,84,,,,No,112374333
353,Maharashtra,Pune,"Maratha Chamber of commerce, Bhosari",98,9,80,39,31,145,66,27,337,77,,,,Yes,112374333
354,Maharashtra,Pune,State Electricity Board BLDG Nalstop,84,8,71,38,31,147,76,32,228,72,,,,Yes,112374333
355,Maharashtra,Pune,Swargate Police Chawki,75,9,73,35,29,167,83,30,140,62,,,,Yes,112374333
356,Maharashtra,Sangli,"Udyog bhavan / SRO, MPCB Sangli",97,4,33,9,15,90,37,25,200,72,,,,No,112374333
357,Maharashtra,Sangli,Sangli- Miraj Primary school Building,110,6,44,11,22,149,58,30,137,70,,,,No,112374333
358,Maharashtra,Sangli,Krishna Valley School,101,5,18,10,19,123,42,30,155,70,,,,No,112374333
359,Maharashtra,Solapur,WIT Campus,103,11,19,15,23,42,33,9,330,86,,,,No,112374333
360,Maharashtra,Solapur,Voronoko School / Chitale Clinic,104,12,19,16,23,41,34,5,276,119,,,,No,112374333
361,Maharashtra,Thane,"Maternity Hospital, Dhobighat, Thane East",90,10,25,18,28,62,50,16,316,113,,,,No,112374333
362,Maharashtra,Thane,"Shahu Market,Naupada, Thane West",89,9,26,18,37,64,51,13,189,86,,,,No,112374333
363,Maharashtra,Thane,"Kolshet and Balkum, Thane West",92,9,22,14,20,61,32,17,204,84,,,,No,112374333
364,Maharashtra,Ulhasnagar,Smt. C. H. M. College Campus,79,13,32,20,29,87,53,16,185,84,,,,No,112374333
365,Maharashtra,Ulhasnagar,"Octroi Naka, Pawai-Chowk, Vithalwadi",85,13,37,25,24,142,63,4,212,84,,,,No,112374333
366,Manipur,Imphal,Secretariat Building,24,2,100,10,5,53,15,51,87,70,,,,No,2855794
367,Meghalaya,Byrnihat,"EPIP, Ri-Bhoi district",108,21,34,26,10,17,12,57,88,72,,,,No,2966889
368,Meghalaya,Dawki,"Terrace building, Jaintia Hills District",102,2,4,3,5,15,12,23,185,90,,,,No,2966889
369,Meghalaya,Khliehriat,"O/o BDO, C & R.D. Block-Khliehriat",102,2,6,3,5,13,9,20,205,105,,,,No,2966889
370,Meghalaya,Nongstoin,"Office Premises of E.E, PHED",104,2,4,2,7,11,9,52,282,127,,,,No,2966889
371,Meghalaya,Shillong,"Boards Office Permises, Lumpyngngad",104,2,2,2,5,11,7,18,170,90,,,,No,2966889
372,Meghalaya,Shillong,State Tuberculosis Hospital,104,2,12,6,9,26,18,55,296,155,,,,No,2966889
373,Meghalaya,Shillong,"Forest Rest House, Polo Hills",104,2,7,3,5,16,11,16,187,70,,,,No,2966889
374,Meghalaya,Shillong,"41/2 mile, Mylliem Range Office",104,2,4,2,5,15,11,121,280,166,,,,No,2966889
375,Meghalaya,Tura,"PHED, Araimille, West Garo Hills District",103,2,3,2,11,16,13,13,30,23,,,,No,2966889
376,Meghalaya,"Umiam /
Umsning","Umiam Industrial Complex, Ri-Bhoi District",104,2,6,3,8,15,12,28,57,43,,,,No,2966889
377,Mizoram,Aizawl,"Khatla, M.G-Road, Mizoram SPCB",101,2,5,2,4,18,11,22,38,31,,,,No,1097206
378,Mizoram,Aizawl,Laipuitlang,96,2,2,2,5,12,5,25,45,31,,,,No,1097206
379,Mizoram,Aizawl,Bawngkawn,101,2,3,2,4,14,11,35,76,51,,,,No,1097206
380,Mizoram,Aizawl,"Dawrpui Y.M.A, Building, Dawrpui",101,2,2,2,4,18,11,21,52,36,,,,No,1097206
381,Mizoram,Aizawl,"Lengpui Airport, Model Veng, Lengpui",102,2,2,2,5,16,5,20,62,34,,,,No,1097206
382,Mizoram,Champhai,"D.T.O Office Building, Kahrawt veng",95,2,2,2,5,5,5,28,157,35,,,,No,1097206
383,Mizoram,Champhai,"Lalzidinga building, Vengthlang",95,2,5,2,5,5,5,49,127,102,,,,No,1097206
384,Mizoram,Kolasib,"H. Lalthuama Building, Project Veng",97,2,2,2,5,5,5,9,253,76,,,,No,1097206
385,Mizoram,Kolasib,"Synod Bookroom, Building Diakkawn",96,2,2,2,5,5,5,9,61,20,,,,No,1097206
386,Mizoram,Lunglei,"Thangkhuma Building, Salem Veng",93,2,2,2,5,5,5,5,144,49,,,,No,1097206
387,Mizoram,Lunglei,"K.Lalliantluanga, Chanmari I, Lunglei",93,2,2,2,5,12,5,30,204,69,,,,No,1097206
388,Nagaland,Dimapur,Bank Colony,116,2,2,2,5,23,9,10,100,35,,,,No,1978502
389,Nagaland,Dimapur,Dhobinala,107,2,2,2,5,20,8,10,42,20,,,,No,1978502
390,Nagaland,Kohima,Opposite NST Office,114,2,2,2,5,6,5,14,58,33,,,,No,1978502
391,Nagaland,Kohima,Opposite War Cemetery,108,2,2,2,5,6,5,4,56,16,,,,No,1978502
392,Odisha,Angul,Industrial Estate,106,3,20,9,16,35,25,15,48,31,,,,No,41974218
393,Odisha,Angul,NALCO Township,105,5,15,10,20,30,25,3,12,7,,,,No,41974218
394,Odisha,Balasore,Sahadevkhunta,104,2,4,2,10,14,11,5,112,15,,,,No,41974218
395,Odisha,Balasore,DIC office,104,2,3,2,10,14,11,36,248,124,,,,No,41974218
396,Odisha,Balasore,Rasalpur near Balgopalpur I/A,104,6,10,8,11,14,12,75,273,145,,,,No,41974218
397,Odisha,Berhampur,Regional Office Orissa SPCB,103,2,20,2,15,25,19,27,217,90,,,,No,41974218
398,Odisha,Bhubneshwar,Capital Police Station,69,2,5,2,9,33,18,39,340,119,,,,No,41974218
399,Odisha,Bhubneshwar,IRC Village,93,2,8,2,14,26,20,39,154,99,,,,No,41974218
400,Odisha,Bhubneshwar,Office Premises Bhubaneswar,92,2,5,2,8,34,20,63,163,103,,,,No,41974218
401,Odisha,Bhubneshwar,"Water works, Palasuni, Rasalgarh",75,2,5,2,5,50,16,65,144,83,,,,No,41974218
402,Odisha,Bhubneshwar,"Patrapara, Khandagiri",99,2,2,2,5,23,14,69,141,83,,,,No,41974218
403,Odisha,Bhubneshwar,Chandrashekharpur,95,2,15,2,5,28,16,76,117,91,,,,No,41974218
404,Odisha,Bonaigarh,"Govt. Hospital Bonai At/Po/PS-Bonai Dist-
Sudargarh",105,5,18,8,7,23,12,31,107,64,,,,No,41974218
405,Odisha,Cuttack,"Traffic Tower, Badambadi",56,3,6,5,27,38,33,51,159,112,,,,No,41974218
406,Odisha,Cuttack,P.H.D Office Barabati,105,2,8,4,25,37,30,37,172,94,,,,No,41974218
407,Odisha,Cuttack,"R.O. Cuttack Office, Surya Vihar",105,2,9,4,25,42,31,26,258,103,,,,No,41974218
408,Odisha,Jharsuguda,R.O. Building Cox colony,106,5,24,10,11,31,18,57,169,93,,,,No,41974218
409,Odisha,Jharsuguda,"TRL Colony, M/s. TRL Krosaki Refractories Ltd.
PO: Bhepahar,",100,4,11,7,10,20,13,28,130,91,,,,No,41974218
410,Odisha,Kalinga Nagar,RO Office Building,89,2,3,3,6,21,13,22,290,100,,,,No,41974218
411,Odisha,Kalinga Nagar,"Maintenance Office of M/s NINL, Duburi",95,2,2,2,5,13,10,33,230,99,,,,No,41974218
412,Odisha,Konark,Konark Police Station,109,2,4,2,9,17,12,83,166,129,,,,No,41974218
413,Odisha,Paradeep,On roof of PPT Staff Quarter,98,14,35,19,9,21,12,63,246,106,,,,No,41974218
414,Odisha,Paradeep,On roof of PPL Gueest,98,12,33,19,8,17,11,67,213,106,,,,No,41974218
415,Odisha,Paradeep,On roof of STP building IFFCO,64,12,26,18,9,19,11,71,153,106,,,,No,41974218
416,Odisha,Puri,Sadar police station,55,2,2,2,11,19,15,80,139,109,,,,No,41974218
417,Odisha,Puri,Town Police Station,90,2,5,2,11,25,15,39,191,110,,,,No,41974218
418,Odisha,Rajgangpur,"DISIR, Rajgangpur",87,6,50,17,10,36,20,44,167,125,,,,No,41974218
419,Odisha,Rayagada,Regional Office Orissa SPCB,105,2,19,4,14,31,18,36,197,79,,,,No,41974218
420,Odisha,Rayagada,"LPS High School, Jaykaypur",104,2,14,4,14,27,19,36,317,119,,,,No,41974218
421,Odisha,Rourkela,"Regional Office, ORPB",104,2,13,7,5,18,14,38,286,113,,,,No,41974218
422,Odisha,Rourkela,Kalunga Industrial Estate,88,7,20,14,13,32,21,43,248,132,,,,No,41974218
423,Odisha,Rourkela,"IDL Police Out-post, Sonaparbat",105,5,15,6,10,20,11,52,134,91,,,,No,41974218
424,Odisha,Rourkela,"Kuarmunda, Sundergarh",105,4,15,7,8,21,11,27,167,88,,,,No,41974218
425,Odisha,Sambalpur,"Filter Plant, PHD Office, Modipara",100,3,39,5,17,43,21,20,295,146,,,,No,41974218
426,Odisha,Talcher,Coal Field Area,104,5,13,10,22,34,29,23,161,60,,,,No,41974218
427,Odisha,Talcher,T.T.P.S.Colony,104,6,15,10,23,34,28,19,149,66,,,,No,41974218
428,Puducherry,Karaikal,"B.Ed College (PKCE), Nehru Nagar",89,2,12,4,5,19,6,51,187,93,,,,No,1247953
429,Puducherry,Karaikal,"Govt. Tourist Home, Kovilpathu",93,2,19,4,5,24,8,93,265,167,,,,No,1247953
430,Puducherry,Karaikal,"M/s Puducherry Power Corporation Limited,
Polagam, T.R. Pattinam,",89,2,16,4,5,23,8,63,110,85,,,,No,1247953
431,Puducherry,Puducherry,"DSTC Office Upstairs, PHB 3rd Floor, AnnaNagar",84,3,5,4,10,15,13,43,184,89,,,,No,1247953
432,Puducherry,Puducherry,PIPDIC Ind. Estate Mettupalayam,74,3,5,4,11,16,12,53,287,85,,,,No,1247953
433,Puducherry,Puducherry,Chamber Of Commerce,87,3,6,4,8,14,10,55,183,125,,,,No,1247953
434,Punjab,"Aligarh
(Jagraon)*","Forest Office, Vill:Aligarh, Teh:Jagraon",119,4,9,6,11,30,22,41,206,96,,,,No,27743338
435,Punjab,Amritsar,R.O. Focal Point (earlier Nagina soap factory),99,9,15,12,25,42,34,20,71,35,,,,No,27743338
436,Punjab,Amritsar,"Vinod Chilling Center / Kochar Bhavan (earlier
A-1,Platers)",94,10,16,13,22,41,34,23,98,44,,,,No,27743338
437,Punjab,"Aspal Khurd
(Tapa)*","Vill:Aspal Khurd, Teh:Tapa",49,4,8,5,10,25,15,23,91,41,,,,No,27743338
438,Punjab,Bhatinda,"Bathinda Milk Producers, Dabwali Road",59,4,7,5,10,32,13,23,78,47,,,,No,27743338
439,Punjab,"Binjon
(Garshankar)*","CHC, Vill:Binjon, Teh: Garshankar",87,3,10,6,12,22,16,21,71,44,,,,No,27743338
440,Punjab,"Bishanpura
(Payal)*","Longowalia Yarns (Unit-II), Vill-Bishanpura, Teh:
Payal",119,4,15,6,9,30,19,21,65,39,,,,No,27743338
441,Punjab,"Changal
(Sangrur)*","Mastuana Sahib, Vill:Changal, Teh:Sangrur",36,4,7,5,9,23,13,30,442,122,,,,No,27743338
442,Punjab,"Chowkimann
(Jagraon)*","Ludhiana College of Engineering,
Vill:Chowkimann, Teh:Jagraon",133,3,10,6,18,30,25,64,576,178,,,,No,27743338
443,Punjab,"Dera Baba
Nanak",C-PYTE Building,115,4,8,7,9,15,12,51,818,176,,,,No,27743338
444,Punjab,Dera Bassi,"Punjab Chem and Crop Protection, Bhanakarpur
Rd",115,4,10,7,9,20,13,52,205,106,,,,No,27743338
445,Punjab,Dera Bassi,"Winsome Yarns Ltd., Barwala Road",109,5,9,6,9,20,13,65,160,108,,,,No,27743338
446,Punjab,"Fatehpur
(Samana)*","Baba Banda Singh Bahadur College,
Vill:Fatehpur, Teh:Samana",33,4,7,5,9,13,11,39,616,122,,,,No,27743338
447,Punjab,Gobindgarh,"Modi Oil and General Mills, Mandi",132,6,9,7,32,47,39,25,780,135,,,,No,27743338
448,Punjab,Gobindgarh,"Raj Steel Rolling Mills, Mandi",118,6,9,7,31,48,37,52,218,102,,,,No,27743338
449,Punjab,Gobindgarh,"United Rolling Mills, Mandi Gobindgarh",117,6,9,7,30,45,38,27,682,141,,,,No,27743338
450,Punjab,"Guru Ki Dhab
(Kotkapura)*","Vil:Guru Ki Dhab / Basti Himmatpura,
Teh:Kotkapura",5,4,5,5,11,12,12,13,566,81,,,,No,27743338
451,Punjab,"Jaito Sarja
(Batala)*","Royal Nursing College, Vill: Jaito Sarja, Teh:
Batala",96,3,11,7,11,23,18,33,428,99,,,,No,27743338
452,Punjab,Jalandhar,Municipal Council Tubewell No. 27,106,9,15,11,15,25,20,27,394,90,,,,No,27743338
453,Punjab,Jalandhar,Regional Office,119,9,14,11,13,25,20,71,132,96,,,,No,27743338
454,Punjab,Jalandhar,"Punjab Maltex , Kapurthala Road",107,8,14,10,13,25,18,57,142,90,,,,No,27743338
455,Punjab,Jalandhar,Focal Point,114,9,17,12,17,29,22,60,238,136,,,,No,27743338
456,Punjab,Khanna,"Markfed Vanaspati, Khanna",57,7,12,9,26,43,33,57,229,136,,,,No,27743338
457,Punjab,Khanna,"AS School, Khanna",123,4,11,8,18,43,31,70,193,107,,,,No,27743338
458,Punjab,"Kharaori
(Sirhind)*","Vill:Kharaori, Teh:Sirhind",116,4,6,5,8,19,11,26,660,111,,,,No,27743338
459,Punjab,"Kotladoom
(Ajnala)*","Satyam College, Ramtirath Road, Vill:
Kotladoom, Teh: Ajnala",65,6,9,7,12,24,17,38,794,156,,,,No,27743338
460,Punjab,"Lakho ke
Behram
(Ferozpur)*","Vill:Lakho ke Behram, Teh:Ferozpur",9,4,7,5,10,26,15,42,660,150,,,,No,27743338
461,Punjab,Ludhiana,Bharat Nagar Chowk / RO Gill Road,131,4,17,8,12,56,33,19,371,103,,,,No,27743338
462,Punjab,Ludhiana,"Nahar Spining Mlls, Dholewal Chawk",136,4,16,9,8,58,32,68,808,203,,,,No,27743338
463,Punjab,Ludhiana,"Ludhiana Coop. Milk Producer, Ferozpur Rd",141,5,14,9,20,42,30,66,224,138,,,,No,27743338
464,Punjab,Ludhiana,"PPCB Office Building, Vishavkarma Chowk",151,7,19,11,18,53,34,39,299,132,,,,No,27743338
465,Punjab,"Mrar Kalan
(Muktsar)*","Vill: Mrar Kalan, Teh:Muktsar",27,4,7,5,9,23,14,42,435,88,,,,No,27743338
466,Punjab,"Mukandpur
(Nawashahar)*","Govt. Senior Sec. School, Vill:Mukandpur,
Teh:Nawashahar",16,7,10,8,15,21,17,49,434,134,,,,No,27743338
467,Punjab,"Mureedke
(Batala)*","Johal Farm, Vill: Mureedke, Teh: Batala",61,2,11,7,12,21,16,74,144,112,,,,No,27743338
468,Punjab,"Naudhrani
(Malerkotla)*","Vill:Naudhrani, Teh:Malerkotla",43,4,6,5,9,23,13,38,626,120,,,,No,27743338
469,Punjab,Naya Nangal,Punjab Alkalis & Chemicals Ltd,108,5,8,6,9,19,13,45,494,168,,,,No,27743338
470,Punjab,Naya Nangal,"M/s NFL Guest House,Naya Nangal",123,4,9,6,5,18,12,59,798,140,,,,No,27743338
471,Punjab,Patiala,"Ceylon Industries, Factory Area, Patiala",110,4,7,5,9,14,11,85,446,219,,,,No,27743338
472,Punjab,Patiala,"Fire Brigade Station, Bahera Road, Patiala",114,4,7,5,7,15,11,70,201,111,,,,No,27743338
473,Punjab,"Peer
Mohammad
(Jalalabad)*","Vill:Peer Mohammad, Teh:Jalalabad",30,4,7,5,10,28,14,57,217,109,,,,No,27743338
474,Punjab,"Poohli
(Bhatinda)*","Vill: Poohli, Teh:Bhatinda",32,3,8,5,10,20,14,12,402,108,,,,No,27743338
475,Punjab,"Qila Bharian
(Sangrur)*","Gurdwara Gangsar Sahib, Vill:Qila Bharian,
Teh:Sangrur",27,4,7,5,10,22,13,61,239,110,,,,No,27743338
476,Punjab,"Rakhra
(Patiala)*","Shree Ganesh Group of Institute, Vill:Rakhra,
The:Patiala",86,4,8,5,8,16,12,42,369,89,,,,No,27743338
477,Punjab,"Rohila
(Samrala)*","Gopimal Kaur Sain Industries Pvt. Ltd, Vil:Rohila,
Teh:Samrala",66,4,8,6,8,29,18,30,215,93,,,,No,27743338
478,Punjab,"Tirathpur
(Amritsar I)*","United ITI, Vill: Tirathpur, Teh:Amritsar I (earlier
Sriguru Harkishan Public School,Rasulpur Kalan)",25,6,8,7,10,14,13,81,158,102,,,,No,27743338
479,Rajasthan,Alwar,Rajasthan State Pollution Control Board,101,4,12,8,23,76,31,61,169,94,,,,No,68548437
480,Rajasthan,Alwar,Gaurav Solvex Ltd. MIA,98,6,16,10,21,44,36,69,198,112,,,,No,68548437
481,Rajasthan,Alwar,"RIICO Pump House, MIA",102,5,17,10,28,47,35,86,600,190,,,,No,68548437
482,Rajasthan,Bharatpur,Khadi Gramoday Samiti,91,5,10,8,17,36,28,68,209,105,,,,No,68548437
483,Rajasthan,Bharatpur,RIICO office Building,100,6,10,7,20,30,25,45,358,121,,,,No,68548437
484,Rajasthan,Bharatpur,"RO, Building",97,5,8,7,19,26,22,21,874,133,,,,No,68548437
485,Rajasthan,Bhiwadi,R.O.Building,101,14,41,21,27,173,81,33,205,89,,,,No,68548437
486,Rajasthan,Bhiwadi,UIT Guest House,101,14,34,20,26,176,84,57,246,163,,,,No,68548437
487,Rajasthan,Bhiwadi,Uttam Strips Ltd,96,15,39,21,27,196,78,68,353,207,,,,No,68548437
488,Rajasthan,Chittorgarh,"Regional Office building, RSPCB, Near FCI
Godown, Chnaderiya",91,5,9,7,16,34,25,81,309,178,,,,No,68548437
489,Rajasthan,Chittorgarh,"Veterinary Hospital, Meeranagar",89,5,9,6,17,33,24,59,387,220,,,,No,68548437
490,Rajasthan,Chittorgarh,"PHED Pump House, Segawa",90,4,8,6,13,31,19,42,501,203,,,,No,68548437
491,Rajasthan,Jaipur,Ajmeri Gate,100,6,17,8,25,65,39,36,347,179,,,,Yes,68548437
492,Rajasthan,Jaipur,"RJPB Office,Jhalana Doongari",94,5,11,7,17,39,27,23,447,186,,,,Yes,68548437
493,Rajasthan,Jaipur,"District Education Officer, Chandpole",94,5,10,8,20,46,35,36,412,166,,,,Yes,68548437
494,Rajasthan,Jaipur,"RIICO Office, M.I.A.",96,5,17,7,20,43,30,24,438,169,,,,Yes,68548437
495,Rajasthan,Jaipur,"RSPCB, Vidyadhar Nagar",97,5,19,8,21,52,31,22,323,170,,,,Yes,68548437
496,Rajasthan,Jaipur,VKIA,93,6,22,10,16,60,37,30,289,170,,,,Yes,68548437
497,Rajasthan,Jaipur,"22,Godam, RIICO Office",96,5,36,7,18,47,30,20,224,106,,,,Yes,68548437
498,Rajasthan,Jaipur,Mansarovar Nagar Niigam,100,5,32,7,15,41,28,40,478,173,,,,Yes,68548437
499,Rajasthan,Jaipur,RIICO Office Sitapura Industrial Area,99,4,19,8,17,49,33,28,295,95,,,,Yes,68548437
500,Rajasthan,Jodhpur,"DIC Office, Industrial Estate",102,5,12,7,13,56,25,46,359,175,,,,No,68548437
501,Rajasthan,Jodhpur,Sojati Gate,90,5,14,7,14,52,24,28,367,121,,,,No,68548437
502,Rajasthan,Jodhpur,"Basni Industrial Area, RIICO Office",103,5,12,7,13,52,26,35,531,201,,,,No,68548437
503,Rajasthan,Jodhpur,Maha Mandir Police Thane,87,5,10,6,14,51,23,44,592,281,,,,No,68548437
504,Rajasthan,Jodhpur,"Office of Housing Board, Chopasani Road",96,5,11,6,13,50,23,42,328,159,,,,No,68548437
505,Rajasthan,Jodhpur,Shastri Nagar Police Thana,106,5,10,7,13,54,25,28,440,158,,,,No,68548437
506,Rajasthan,Jodhpur,Kudi Mahila Thana,83,5,10,6,11,46,22,28,472,126,,,,No,68548437
507,Rajasthan,Jodhpur,Sangariya Police Choki,87,5,11,7,13,54,23,46,560,241,,,,No,68548437
508,Rajasthan,Jodhpur,SoorsagarThana,83,5,10,6,13,49,23,37,378,185,,,,No,68548437
509,Rajasthan,Kota,"Regional Office, RJPB, Anantpura",103,5,24,8,19,37,28,50,628,190,,,,No,68548437
510,Rajasthan,Kota,Municipal Corporation Building,99,5,12,8,18,42,28,58,483,193,,,,No,68548437
511,Rajasthan,Kota,Samcore Glass Ltd.,97,5,14,7,17,34,25,33,799,276,,,,No,68548437
512,Rajasthan,Kota,FireStation Nagar Nigam Shrinathpuram,102,5,10,7,19,39,28,54,588,227,,,,No,68548437
513,Rajasthan,Kota,"RajasthanTechnical University,Rawatbhata",91,5,9,7,18,38,28,75,612,260,,,,No,68548437
514,Rajasthan,Kota,"Sewage Treatment Plant, Balita, Kota",99,5,9,6,18,38,29,60,854,259,,,,No,68548437
515,Rajasthan,Udaipur,Ambamata,107,3,18,5,10,45,25,32,479,176,,,,No,68548437
516,Rajasthan,Udaipur,Town Hall,104,3,22,10,16,49,33,40,454,182,,,,No,68548437
517,Rajasthan,Udaipur,"Regional Office,MIA",101,4,26,12,9,46,34,15,335,122,,,,No,68548437
518,Sikkim,Chungthang,Chungthang,69,3,9,6,5,6,5,38,378,147,,,,No,610577
519,Sikkim,Gangtok,"White Hall Complex, Tasi view point",66,3,11,5,5,10,7,32,393,141,,,,No,610577
520,Sikkim,Gangtok,"Metro Point Hospital Complex, Forest
Secretariate Deorali",68,3,11,5,5,10,7,21,573,177,,,,No,610577
521,Sikkim,Mangan,Mangan Police Station,66,2,11,5,5,10,5,22,310,143,,,,No,610577
522,Sikkim,Namchi,Namchi,76,3,8,5,5,6,5,42,409,106,,,,No,610577
523,Sikkim,Pelling,The Pelling Girls Hostel,89,2,15,7,5,12,6,31,289,119,,,,No,610577
524,Sikkim,Rangpo,Rangpo Fire Station,76,4,18,10,5,14,8,54,398,216,,,,No,610577
525,Sikkim,Ravangla,Ravangla Range Office,76,3,9,5,5,5,5,10,53,29,,,,No,610577
526,Sikkim,Singtam,Police Station Building,75,5,59,9,5,22,6,24,89,53,,,,No,610577
527,Tamilnadu,Chennai,"Govt. High School, Manali",85,12,17,14,14,22,17,17,89,51,,,,Yes,72147030
528,Tamilnadu,Chennai,Kathivakkam,94,10,16,14,13,20,16,4,59,28,,,,Yes,72147030
529,Tamilnadu,Chennai,Thiruvottiyur,76,11,16,13,13,19,16,21,34,27,,,,Yes,72147030
530,Tamilnadu,Chennai,Madras Medical College,94,2,35,4,5,42,11,7,80,34,,,,Yes,72147030
531,Tamilnadu,Chennai,"NEERI, CSIR CampusTaramani",97,2,24,3,5,80,12,9,99,68,,,,Yes,72147030
532,Tamilnadu,Chennai,Thiruvottiyur Municipal Office,96,2,58,6,5,65,16,18,44,27,,,,Yes,72147030
533,Tamilnadu,Chennai,Adiyar,92,5,12,8,10,19,15,24,99,56,,,,Yes,72147030
534,Tamilnadu,Chennai,Kilpauk,87,7,13,9,15,23,19,29,99,54,,,,Yes,72147030
535,Tamilnadu,Chennai,Thiyagaraya Nagar,93,8,14,10,16,49,21,19,76,50,,,,Yes,72147030
536,Tamilnadu,Chennai,Nunbakgum,96,4,19,10,9,28,20,30,91,60,,,,Yes,72147030
537,Tamilnadu,Chennai,Anna Nagar,90,6,12,9,12,35,18,24,158,77,,,,Yes,72147030
538,Tamilnadu,Coimbatore,"Poniarajapuram, On the top of DEL",88,4,10,5,12,33,22,15,90,47,,,,Yes,72147030
539,Tamilnadu,Coimbatore,G.D.Matric Hr.Sec.School,96,4,11,5,15,63,23,23,162,92,,,,Yes,72147030
540,Tamilnadu,Coimbatore,"SIDCO Office, Coimbatore/ Kurichi",97,4,9,6,17,38,23,19,177,67,,,,Yes,72147030
541,Tamilnadu,Cuddalore,Eachangadu Village,95,8,28,12,14,20,17,32,197,87,,,,No,72147030
542,Tamilnadu,Cuddalore,SIPCOT (Project Office),95,9,40,11,12,18,17,31,196,97,,,,No,72147030
543,Tamilnadu,Cuddalore,"DEE Office, Cuddalore",94,10,17,13,14,25,18,39,342,103,,,,No,72147030
544,Tamilnadu,Madurai,Highway (Project -I) Building,97,7,18,11,12,55,18,53,292,124,,,,No,72147030
545,Tamilnadu,Madurai,Fenner (I) Ltd. Kochadai,101,7,22,12,12,32,20,14,204,52,,,,No,72147030
546,Tamilnadu,Madurai,Kunnathur Chatram Avvai Girls HS School,95,7,22,14,14,37,22,15,141,48,,,,No,72147030
547,Tamilnadu,Mettur,Raman Nagar,106,6,11,7,16,32,22,22,121,61,,,,No,72147030
548,Tamilnadu,Mettur,SIDCO,121,6,11,8,17,36,24,41,67,51,,,,No,72147030
549,Tamilnadu,Salem,Sowdeswari College Building,94,5,11,8,18,43,26,37,58,46,,,,No,72147030
550,Tamilnadu,Trichy,Gandhi Market,92,11,25,18,15,30,24,50,68,60,,,,No,72147030
551,Tamilnadu,Trichy,Main Guard Gate,97,13,27,18,20,30,24,30,141,74,,,,No,72147030
552,Tamilnadu,Trichy,Bishop Heber College,96,9,22,14,13,26,19,36,139,84,,,,No,72147030
553,Tamilnadu,Trichy,Golden Rock,90,11,19,15,15,29,21,43,190,92,,,,No,72147030
554,Tamilnadu,Trichy,Central Bus Stand,91,8,24,18,19,33,25,19,97,44,,,,No,72147030
555,Tamilnadu,Tuticorin,"Fisheries College, Tuticorin Sipcot",101,9,18,13,8,17,11,20,124,60,,,,No,72147030
556,Tamilnadu,Tuticorin,Raja Agencies,101,9,20,14,8,16,11,27,127,57,,,,No,72147030
557,Tamilnadu,Tuticorin,AVM Jewellery Building,92,9,18,13,8,24,11,56,215,106,,,,No,72147030
558,Telangana,Adilabad,"Building of SCCL Manadamarri Club
Mandamarri, Mancherial",86,5,9,6,20,32,23,67,205,129,,,,No,35193978
559,Telangana,Hyderabad,Balanagar,107,3,7,5,24,90,36,24,208,87,,,,Yes,35193978
560,Telangana,Hyderabad,"Tarnaka, NEERI Lab. IICT Campus",90,2,13,6,5,27,13,47,211,104,,,,Yes,35193978
561,Telangana,Hyderabad,"Nacharam, Industrial Estate",90,2,15,6,5,24,11,64,253,125,,,,Yes,35193978
562,Telangana,Hyderabad,ABIDS Circle General Post Office,93,2,15,6,5,34,14,36,170,96,,,,Yes,35193978
563,Telangana,Hyderabad,"Uppal, Modern Foods & Industries IDA",107,4,6,5,22,79,33,55,178,117,,,,Yes,35193978
564,Telangana,Hyderabad,Jublee Hills,107,4,6,5,19,57,28,41,148,93,,,,Yes,35193978
565,Telangana,Hyderabad,Paradise,107,4,6,5,23,77,37,37,90,69,,,,Yes,35193978
566,Telangana,Hyderabad,Charminar,107,3,7,5,20,93,31,72,195,134,,,,Yes,35193978
567,Telangana,Hyderabad,Zoo Park,104,2,12,4,27,107,58,18,162,81,,,,Yes,35193978
568,Telangana,Hyderabad,"Jeedimetla Industrial Estate, Rangareddy Distt.",107,4,8,5,23,103,35,12,172,63,,,,Yes,35193978
569,Telangana,Karimnagar,"On the terrace of the DIC building, Karimnagar",91,5,11,9,26,55,39,19,178,73,,,,No,35193978
570,Telangana,Khammam,Station Name: CER Club Khamam,85,3,14,9,29,89,41,60,187,117,,,,No,35193978
571,Telangana,Khammam,Jalasoudha building,79,3,12,9,25,80,38,56,170,118,,,,No,35193978
572,Telangana,Kothur,Mehaboobnagar,91,4,13,9,27,81,44,40,175,112,,,,No,35193978
573,Telangana,Nalgonda,AP PCB Nalgonda,73,5,11,6,22,30,23,62,177,115,,,,No,35193978
574,Telangana,Nalgonda,"M/s. Srini Pharmaceuticals pvt. Ltd.Choutuppal
(V & M)",71,6,11,6,21,36,25,17,220,104,,,,No,35193978
575,Telangana,Nizamabad,"subashnagar,nizamabad dist",88,3,9,6,17,37,23,71,200,133,,,,No,35193978
576,Telangana,Patencheru,"Police Station, Medak, Ramachadrapuram",84,5,11,6,21,35,23,62,139,98,,,,No,35193978
577,Telangana,Ramagundam,"Godavarikhani, Ramagundam, Karimnagar",85,6,39,9,26,57,41,44,156,85,,,,No,35193978
578,Telangana,Sangareddy,Pashamylaram/Municipal Office,103,2,78,9,28,106,68,50,116,81,,,,No,35193978
579,Telangana,Sangareddy,Regional office Building of SANGAREDDY,77,4,7,5,22,32,23,61,153,106,,,,No,35193978
580,Telangana,Sangareddy,"M/s. Mylan Industries, Gaddapothara",77,4,11,6,21,31,23,41,100,57,,,,No,35193978
581,Telangana,Warangal,"KUDA Office, Hanumakonda",88,4,43,9,9,81,37,50,98,62,,,,No,35193978
582,Telangana,Warangal,"Mee-Seva Building ,Municipal Complex",86,3,11,8,26,86,39,38,74,60,,,,No,35193978
583,Tripura,Agartala,"SPCB, Pavivesh Bhawan, Pandit Nehru Complex,
Gorkhabasti, Kunjaban",104,5,23,11,10,26,16,38,114,81,,,,No,3673917
584,Tripura,Agartala,"Bordowali Bipani Bitan, Agartala MC, Bordowali,
Near Nagerjala",104,6,37,12,12,31,19,71,177,104,,,,No,3673917
585,Uttar Pradesh,Agra,"Regional Office, Bodla",92,3,7,5,14,31,21,17,267,101,,,,No,199812341
586,Uttar Pradesh,Agra,Nunhai,94,4,9,6,14,34,22,45,100,65,,,,No,199812341
587,Uttar Pradesh,Agra,Taj Mahal,299,2,26,4,5,58,18,28,106,78,,,,No,199812341
588,Uttar Pradesh,Agra,DIC Nunhai,109,2,16,4,5,65,24,64,170,86,,,,No,199812341
589,Uttar Pradesh,Agra,Etmad-uddaulah,113,2,13,4,5,64,22,65,142,84,,,,No,199812341
590,Uttar Pradesh,Agra,Rambagh,111,2,21,4,5,64,23,41,57,47,,,,No,199812341
591,Uttar Pradesh,Allahabad,Square crossing circle of Laxmi Talkies,99,2,15,5,11,63,34,83,159,104,,,,No,199812341
592,Uttar Pradesh,Allahabad,Bharat Yantra Nigam Ltd,99,2,15,4,7,51,29,49,450,201,,,,No,199812341
593,Uttar Pradesh,Allahabad,Alopibagh/Sewage Pumping Stations,117,2,12,4,27,96,57,62,574,237,,,,No,199812341
594,Uttar Pradesh,Allahabad,Jhonstonganj/co-operative Bank,115,2,12,4,18,111,54,17,605,181,,,,No,199812341
595,Uttar Pradesh,Allahabad,Rambagh/Parag Dairy,105,2,9,3,19,79,49,31,675,233,,,,No,199812341
596,Uttar Pradesh,Anpara,"Anpara Colony, Sonabhadra",96,11,23,18,17,35,28,15,644,209,,,,No,199812341
597,Uttar Pradesh,Anpara,"Renusagar Colony, Sonabhadra",94,11,24,18,19,34,28,16,424,193,,,,No,199812341
598,Uttar Pradesh,Bareily,IVRI Izatnaga,105,7,45,13,10,38,20,112,485,236,,,,No,199812341
599,Uttar Pradesh,Bareily,"Indian oetrol pump, Civil Line",104,10,44,16,18,40,24,93,437,194,,,,No,199812341
600,Uttar Pradesh,Firozabad,Center for Development of Glass Industry,103,6,12,8,19,44,30,51,448,262,,,,No,199812341
601,Uttar Pradesh,Firozabad,Tilak Nagar,103,6,12,8,21,40,31,69,464,241,,,,No,199812341
602,Uttar Pradesh,Firozabad,Raza ka Tal,105,6,11,8,19,37,31,58,364,223,,,,No,199812341
603,Uttar Pradesh,Gajraula,"Raunaq Auto Ltd, J.P. Nagar",99,5,37,18,10,51,30,50,320,204,,,,No,199812341
604,Uttar Pradesh,Gajraula,"Indira Chowk, J.P. Nagar",100,6,43,22,15,61,36,45,313,177,,,,No,199812341
605,Uttar Pradesh,Ghaziabad,"Atlas Cycles Industries, Sahibabad Ind. area",86,6,51,22,24,76,44,130,315,199,,,,Yes,199812341
606,Uttar Pradesh,Ghaziabad,Bulandshaar Road Industrial Area,95,7,46,20,29,73,42,141,679,267,,,,Yes,199812341
607,Uttar Pradesh,Gorakpur,"M. M.M. Engineering College, Gorakhpur",105,2,25,11,8,43,22,59,371,222,,,,No,199812341
608,Uttar Pradesh,Gorakpur,"India Glycol Ltd. Gida, Gorakhpur",105,20,58,40,32,75,59,71,324,223,,,,No,199812341
609,Uttar Pradesh,Gorakpur,"Jalkal, Muncipal Corporation, Golghar",105,13,52,34,23,76,53,83,330,234,,,,No,199812341
610,Uttar Pradesh,Jhansi,Manik Chawk / Jal chauraha,119,4,8,6,13,28,19,86,356,207,,,,No,199812341
611,Uttar Pradesh,Jhansi,Veeranga Nagar,119,4,16,6,12,27,17,93,487,242,,,,No,199812341
612,Uttar Pradesh,Kanpur,"Forest & Training Centre, Kidwai Nagar",94,6,9,8,38,65,52,50,602,254,,,,Yes,199812341
613,Uttar Pradesh,Kanpur,"Chamber Of Commerce Darshanpurwa / Deputy
ka Parao",90,7,9,8,42,65,52,56,625,236,,,,Yes,199812341
614,Uttar Pradesh,Kanpur,"Associated Chem Pvt Ltd, Fazalganj, Panki, Site-
5",78,7,9,8,44,64,55,51,321,142,,,,Yes,199812341
615,Uttar Pradesh,Kanpur,"Head Post Office, Govind Nagar / Dabauli /
Shastri NGR",71,6,9,8,40,61,51,169,442,270,,,,Yes,199812341
616,Uttar Pradesh,Kanpur,Jajmau / Awas Vikas,90,6,9,8,42,64,54,164,425,241,,,,Yes,199812341
617,Uttar Pradesh,Kanpur,"I.I.T. Campus, Kanpur",82,2,2,2,6,26,15,44,140,103,,,,Yes,199812341
618,Uttar Pradesh,Kanpur,Indian Institute of Technology,48,2,2,2,5,23,12,37,169,89,,,,Yes,199812341
619,Uttar Pradesh,Kanpur,"Dada Nagar, Kanpur",84,2,106,14,19,133,52,159,286,213,,,,Yes,199812341
620,Uttar Pradesh,Kanpur,"Ramadevi, Kanpur",90,2,11,4,24,80,43,173,329,228,,,,Yes,199812341
621,Uttar Pradesh,Khurja,Central Glass & Ceramic Research Institute,88,18,25,22,17,24,20,155,285,238,,,,No,199812341
622,Uttar Pradesh,Khurja,Ahirpara,83,16,22,20,15,65,19,128,269,189,,,,No,199812341
623,Uttar Pradesh,Lucknow,Mahanagar,89,4,15,8,17,40,29,145,273,202,,,,Yes,199812341
624,Uttar Pradesh,Lucknow,"Chandganj Garden, Aliganj",97,4,12,8,17,40,27,25,316,123,,,,Yes,199812341
625,Uttar Pradesh,Lucknow,"Kapoor Hotel, Hazratganj",87,5,13,9,17,59,30,13,337,148,,,,Yes,199812341
626,Uttar Pradesh,Lucknow,Talkatora,90,5,12,8,18,67,31,55,776,256,,,,Yes,199812341
627,Uttar Pradesh,Lucknow,Aminabad / S.M.K Chowk,108,5,25,9,20,62,30,41,639,293,,,,Yes,199812341
628,Uttar Pradesh,Lucknow,Nagar Nigam,101,5,16,8,19,43,28,187,413,226,,,,Yes,199812341
629,Uttar Pradesh,Lucknow,"Ansal Technical Institute Campus, Ansal API",95,5,13,8,18,45,27,185,255,201,,,,Yes,199812341
630,Uttar Pradesh,Lucknow,Vikas Khand,108,2,6,2,14,77,36,76,357,208,,,,Yes,199812341
631,Uttar Pradesh,Mathura,"RO. UPPCB, 65 Baldevpuri, Maholi Road",69,8,13,11,18,28,23,36,435,182,,,,No,199812341
632,Uttar Pradesh,Mathura,"CETP, Industrial Area, Mathura",70,10,16,13,22,33,28,90,685,253,,,,No,199812341
633,Uttar Pradesh,Meerut,Begum Bridge,60,7,12,8,64,78,73,35,547,223,,,,No,199812341
634,Uttar Pradesh,Meerut,Thana Railway Road / Kesarganj,53,6,8,6,39,46,43,74,534,240,,,,No,199812341
635,Uttar Pradesh,Moradabad,"Hindu College, Station Road",98,8,50,23,13,74,42,64,406,220,,,,No,199812341
636,Uttar Pradesh,Moradabad,"Central Police Hospital, Civil Lines",99,5,39,17,11,51,27,72,438,213,,,,No,199812341
637,Uttar Pradesh,Noida,"UP PPCB, E-12/1, Sector - 1",91,7,53,19,19,97,50,17,730,198,,,,No,199812341
638,Uttar Pradesh,Noida,Gee-Pee Electroplating and Eng. Work,89,6,53,21,15,103,54,89,179,143,,,,No,199812341
639,Uttar Pradesh,Raebareli,"Town Hall Colony, Ahmad Nagar, Gulab Road",69,7,10,9,11,17,15,104,196,163,,,,No,199812341
640,Uttar Pradesh,Raebareli,Khoya mandi Tiraha Lucknow Road Raebareli,70,11,16,14,16,21,19,172,230,185,,,,No,199812341
641,Uttar Pradesh,Raebareli,Amawan Road Ind. Area Raebareli,69,10,12,11,15,18,17,160,196,168,,,,No,199812341
642,Uttar Pradesh,Saharanpur,"SRE-A, IIT Roorkee, Saharanpur Campus",74,13,25,17,16,35,26,139,424,254,,,,No,199812341
643,Uttar Pradesh,Saharanpur,"UPCL S.E. Office, Near Clock Tower",81,13,28,18,10,35,27,102,369,200,,,,No,199812341
644,Uttar Pradesh,Unnao,"H. No. 5, Krishna Nagar",97,7,13,9,24,32,27,53,801,251,,,,No,199812341
645,Uttar Pradesh,Unnao,"IIA Building, Industrial Area, Site 10",89,8,12,9,26,32,28,45,1158,276,,,,No,199812341
646,Uttar Pradesh,Varanasi,"Regional Office, Jawahar Nagar",99,4,16,9,7,95,45,68,158,130,,,,No,199812341
647,Uttar Pradesh,Varanasi,Sigra,92,4,32,9,4,103,43,82,173,148,,,,No,199812341
648,Uttar Pradesh,Varanasi,Saket Nagar,31,4,12,9,17,39,28,71,171,146,,,,No,199812341
649,Uttar Pradesh,Varanasi,Banaras Hindu University,32,4,11,8,10,33,23,108,352,180,,,,No,199812341
650,Uttar Pradesh,Varanasi,Chandpur,29,6,13,11,19,49,32,116,377,186,,,,No,199812341
651,Uttarakhand,Dehradun,"Raipur Road, Near parag Diary",10,21,27,23,26,29,27,90,161,105,,,,No,10086292
652,Uttarakhand,Dehradun,"Clock Tower, PWD Guest House",15,23,26,25,27,29,28,114,181,158,,,,No,10086292
653,Uttarakhand,Dehradun,Himalaya Drug Co. Near ISBT,11,25,27,26,27,30,28,42,427,202,,,,No,10086292
654,Uttarakhand,Haldwani,Govt. Women Hospital,101,7,32,11,20,25,23,54,464,199,,,,No,10086292
655,Uttarakhand,Haridwar,"SIDCUL, Haridwar",6,13,22,19,15,26,23,89,236,182,,,,No,10086292
656,Uttarakhand,Kashipur,"BSNL Office, Kashipur",48,10,24,14,19,30,23,68,216,159,,,,No,10086292
657,Uttarakhand,Rishikesh,Nagar Palika Parishad,15,16,23,21,20,28,25,108,275,206,,,,No,10086292
658,Uttarakhand,Rudrapur,SIDCUL Office,57,10,24,13,19,29,22,96,275,184,,,,No,10086292
659,West Bengal,Alipurduar,Rabikanta High School,103,2,6,2,13,21,15,76,608,188,,,,No,91276115
660,West Bengal,Amtala,"P Roy Industrial Training Institute, Amtala",103,2,7,3,21,48,31,102,433,278,,,,No,91276115
661,West Bengal,Asansol,Asansol Municipal Corporation,104,10,77,13,29,49,35,109,138,126,,,,No,91276115
662,West Bengal,Asansol,"Kangsabati Spinning Mill, Barjora",104,10,20,12,29,46,35,60,190,125,,,,No,91276115
663,West Bengal,Asansol,"Burnpur Town Department, Burnpur",113,10,19,12,29,48,35,49,229,105,,,,No,91276115
664,West Bengal,Baharampur,Md. Mozzammal Hossain's House,104,8,14,11,44,65,52,93,207,133,,,,No,91276115
665,West Bengal,Balurghat,Balurghar College,104,2,7,2,13,23,16,101,241,119,,,,No,91276115
666,West Bengal,Bankura,Bankura Municipility,104,2,8,2,12,29,17,26,106,65,,,,No,91276115
667,West Bengal,Barasat,"Barasat Municipility, 73 Rishi Bankim Chandra
Road",104,5,21,10,37,73,49,25,226,94,,,,No,91276115
668,West Bengal,Bardhaman,"Bardhaman Town, Rajbati",103,2,11,2,14,37,19,117,267,144,,,,No,91276115
669,West Bengal,Barrackpore,Barrackpore Municiaplity,104,5,25,10,40,73,51,123,259,147,,,,No,91276115
670,West Bengal,Barrackpore,Dum Dum Telephone Exchange,104,4,26,9,34,73,48,123,255,145,,,,No,91276115
671,West Bengal,Barrackpore,Khardah Municipality,104,7,27,10,36,80,50,71,258,147,,,,No,91276115
672,West Bengal,Baruipur,"Bauipur Police Station, Baruipur",105,2,10,3,20,51,32,41,109,72,,,,No,91276115
673,West Bengal,Bolpur,Bolpur Municipility,104,2,8,2,13,33,18,48,139,77,,,,No,91276115
674,West Bengal,Chinsura,"Chinsura Municipility, Pipulpati Auto Stand",104,3,11,5,23,64,38,46,253,104,,,,No,91276115
675,West Bengal,Coochbehar,ABM Seal College,103,2,6,2,13,22,16,31,154,87,,,,No,91276115
676,West Bengal,Coochbehar,"Uttarbanga Krishi Visvavidyalaya, Pundibari",104,2,6,2,13,20,15,47,365,110,,,,No,91276115
677,West Bengal,Dankuni,"Krishnanagar Municipility, Dankuni",104,2,12,5,18,62,32,32,468,83,,,,No,91276115
678,West Bengal,Darjeeling,Bose Institute Campus,104,2,5,2,12,19,14,36,441,132,,,,No,91276115
679,West Bengal,Durgapur,"DMC Water Works, Angadpur",104,10,21,12,29,46,35,27,257,101,,,,No,91276115
680,West Bengal,Durgapur,"Kwality Hotel, Bhiringi More, Benachiti",104,10,21,12,29,49,35,56,134,78,,,,No,91276115
681,West Bengal,Durgapur,"Bidhannagar, PCBL Club, Muchipara",104,3,24,13,15,51,30,24,295,109,,,,No,91276115
682,West Bengal,Durgapur,"Dew India Limited, PCBL More, Durgapur",104,9,21,12,28,48,35,28,112,64,,,,No,91276115
683,West Bengal,Ghatal,"Annapurna Hotel, Ghatal-Panskura Bus Stand",104,9,16,12,29,42,35,24,105,63,,,,No,91276115
684,West Bengal,Haldia,"Debhog Milan Viyapith, Bhabanipur",104,9,16,12,29,43,36,20,307,100,,,,No,91276115
685,West Bengal,Haldia,"Bhunia Raichak, Driver's Hut, Bhunia",104,11,21,16,33,50,40,18,75,36,,,,No,91276115
686,West Bengal,Haldia,"Supermarket Building, Durgachak",104,10,20,14,31,47,38,123,261,148,,,,No,91276115
687,West Bengal,Haldia,WBIIDC Ruchi Soya Ind. Durgachak,104,10,21,15,32,48,39,121,273,146,,,,No,91276115
688,West Bengal,Howrah,Howrah Municipal Corporation,146,6,21,11,41,160,94,77,256,127,,,,No,91276115
689,West Bengal,Howrah,"Naskarpara Pump House, Ghuseri",146,5,20,10,26,94,56,119,240,143,,,,No,91276115
690,West Bengal,Howrah,"CDS & Health Centre, Bator",146,4,15,9,30,119,63,55,136,92,,,,No,91276115
691,West Bengal,Howrah,"Howrah Municipality School, Bandhaghat",146,6,23,13,29,134,77,60,133,87,,,,No,91276115
692,West Bengal,Jalpaiguri,Raninagar Jalpaigur,104,2,5,2,12,19,16,68,150,104,,,,No,91276115
693,West Bengal,Jhargram,Jhargram,104,9,14,11,28,39,34,61,119,92,,,,No,91276115
694,West Bengal,Kalimpong,Kalimpong Municipality,104,2,5,2,12,19,14,66,155,111,,,,No,91276115
695,West Bengal,Kalyani,"College of Medicine & JNM Hospital, Kalyani
Industrial Area",104,7,16,10,40,63,48,33,514,209,,,,No,91276115
696,West Bengal,Kharagpur,"AMD Building, TATA Bearing",104,11,20,16,34,47,40,23,441,166,,,,No,91276115
697,West Bengal,Kolkata,"Salt Lake, Rooftop of CK Market",143,2,10,4,20,62,37,23,437,159,,,,Yes,91276115
698,West Bengal,Kolkata,"KMC office Building, Moulali",157,2,19,8,29,91,51,33,462,181,,,,Yes,91276115
699,West Bengal,Kolkata,"Minto Park, Inside Park AJC Bose Road",147,2,13,6,24,72,42,28,102,64,,,,Yes,91276115
700,West Bengal,Kolkata,"Dunlop Bridge, National Sample Survey",144,2,20,9,26,93,52,57,117,80,,,,Yes,91276115
701,West Bengal,Kolkata,"Behala Chowrasta, Traffic Guard Building",157,2,17,7,24,78,47,22,79,36,,,,Yes,91276115
702,West Bengal,Kolkata,"Upanagari Sporting Club, Baishnabghata",144,2,2,4,24,24,37,40,229,89,,,,Yes,91276115
703,West Bengal,Kolkata,"Cossipore Police Station, B.T. Road",96,2,69,12,5,69,62,86,197,136,,,,Yes,91276115
704,West Bengal,Kolkata,"Dalhousie Square, Lal Bazzar Police Headqtr.",94,2,86,9,5,86,56,25,300,129,,,,Yes,91276115
705,West Bengal,Kolkata,Kasba,92,2,41,5,5,41,32,41,428,186,,,,Yes,91276115
706,West Bengal,Kolkata,RD Kasba,80,1,37,4,7,105,29,35,352,153,,,,Yes,91276115
707,West Bengal,Kolkata,"Infectious Diseases & BG Hospital, Beliaghata",143,2,10,4,22,70,39,38,409,194,,,,Yes,91276115
708,West Bengal,Kolkata,"CESC Building, Mandeville Gardens, Gariahat",144,2,15,5,24,71,41,33,385,167,,,,Yes,91276115
709,West Bengal,Kolkata,"Administrative Building, Hyde Road",143,2,18,8,27,86,51,32,309,132,,,,Yes,91276115
710,West Bengal,Kolkata,"KMC Drainage, Pumping Station, 9 Mominpur
Road, Mominpur",143,2,10,4,21,65,37,15,389,128,,,,Yes,91276115
711,West Bengal,Kolkata,Paribesh Bhawan,143,2,12,5,22,70,41,19,361,113,,,,Yes,91276115
712,West Bengal,Kolkata,"Milan Tirtha Club, Picnic Garden",144,2,8,4,21,62,35,13,358,107,,,,Yes,91276115
713,West Bengal,Kolkata,"Public Health Engineering Office Building,
Rajarhar",144,2,7,3,20,52,31,10,289,73,,,,Yes,91276115
714,West Bengal,Kolkata,"Tennis Club Biulding, 45-46 Canal West Road,",147,2,16,7,24,83,48,25,323,134,,,,Yes,91276115
715,West Bengal,Kolkata,"Elite India Rubber Products Pvt.Ltd., Topsia",143,2,19,7,25,84,48,36,342,149,,,,Yes,91276115
716,West Bengal,Kolkata,"Maniktala Fire Station Building, 17, Bagmari
Lane, Ultadanga",144,2,15,7,24,80,47,44,419,201,,,,Yes,91276115
717,West Bengal,Kolkata,Tollygunge,142,2,10,4,21,62,38,26,306,130,,,,Yes,91276115
718,West Bengal,Krishnanagar,"Krishnanagar Municipility, TN Thakur Road",104,8,20,10,38,71,49,32,319,148,,,,No,91276115
719,West Bengal,Malda,"WBPCB Office, Paribesh Bhaban, Vill.
Abhirampur",104,2,5,2,15,21,17,28,277,121,,,,No,91276115
720,West Bengal,Medinipur,Vidyasagar University,104,9,15,11,29,41,34,26,234,104,,,,No,91276115
721,West Bengal,Purulia,Purulia Municipility,104,2,10,2,12,27,17,31,383,176,,,,No,91276115
722,West Bengal,Raigunj,Raigunj College,103,2,6,2,13,20,16,37,398,174,,,,No,91276115
723,West Bengal,Rampurhat,Rampurhat Municipility,104,2,7,2,12,28,18,36,393,174,,,,No,91276115
724,West Bengal,Ranaghat,"Ranaghat Municipility, 11 school lane",104,7,20,10,40,72,51,26,318,131,,,,No,91276115
725,West Bengal,Raniganj,Raniganj Municipality,104,11,20,12,27,45,35,54,408,160,,,,No,91276115
726,West Bengal,Raniganj,"Mangalpur, SKS School Mangalpur",104,10,19,12,30,47,35,45,111,69,,,,No,91276115
727,West Bengal,Raniganj,Jamuria Municipality,104,11,20,12,30,47,35,54,116,82,,,,No,91276115
728,West Bengal,Rishra,Rishra Municipility,104,3,14,5,22,71,37,55,135,74,,,,No,91276115
729,West Bengal,Sankrail,Bharat Co-op Housing Society,104,2,13,5,19,61,32,31,108,67,,,,No,91276115
730,West Bengal,Sankrail,"Bagan Police Station, Bagan",104,2,10,5,21,50,33,62,136,84,,,,No,91276115
731,West Bengal,Sankrail,Dhulagar Gram Pachayat,104,2,12,5,20,56,34,35,361,143,,,,No,91276115
732,West Bengal,Sankrail,"P Mukherjee's House, Near SBI Amta",104,2,13,4,16,44,27,126,257,147,,,,No,91276115
733,West Bengal,Siliguri,Siliguri,104,2,8,2,12,25,17,124,254,146,,,,No,91276115
734,West Bengal,Suri,Suri Municipility,104,2,8,2,13,29,17,125,256,147,,,,No,91276115
735,West Bengal,Tamluk,"HP Gas Service Station, Maniktala",104,10,19,14,30,47,38,28,308,114,,,,No,91276115
736,West Bengal,Tribeni,Tribeni Health Center,104,3,10,5,19,54,31,17,311,98,,,,No,91276115
737,West Bengal,Uluberia,"ESI hospital nursing building, 3rd floor, Near
Sahib Mandir",104,2,11,5,19,52,32,24,265,95,,,,No,91276115