,State,City,Location,2019 SO2 Minimum,2019 SO2 Maximum,2019 SO2 Annual Average,No. of monitoring days ,2019 NO2 Minimum,2019 NO2 Maximum,2019 NO2 Annual Average,2019 PM10 Minimum,2019 PM10 Maximum,2019 PM10 Annual Average,2019 PM2.5 Minimum,2019 PM2.5 Maximum,2019 PM2.5 Annual Average,Is metropolitan city?,State Population 2011
1,Andhra Pradesh,Anantapur,Kamala Nagar,4,15,6,105,10,26,18,35,138,85,12,65,41,No,49386799
2,Andhra Pradesh,Anantapur,APIIC Zonl office industrial estate,4,10,5,106,9,24,14,19,119,62,10,53,24,No,49386799
3,Andhra Pradesh,Anantapur,"Cancer Unit. G.G.Hsharada Nagar, JNTU
Road",4,9,5,108,10,16,12,16,96,52,13,32,20,No,49386799
4,Andhra Pradesh,Anantapur,"D.No.6/5/545, Ram Nagar Colony",4,12,5,108,10,24,16,28,128,68,18,55,34,No,49386799
5,Andhra Pradesh,Chitoor,GNC Toll Gate Tirumala,2,19,5,107,11,105,37,17,117,58,7,66,24,No,49386799
6,Andhra Pradesh,Chitoor,"Near Nutrine Confectionery, Palamaner
Road",4,9,5,107,9,23,15,26,95,58,10,49,28,No,49386799
7,Andhra Pradesh,Chitoor,"O/O Mines and Geology, Old Collector
Office, Greamspet",4,6,5,105,10,22,15,28,77,53,12,41,27,No,49386799
8,Andhra Pradesh,Chitoor,"Sankar Foundary, Industrial Estate, Adjacent
of DIC Office",4,7,5,106,11,21,15,30,84,55,15,33,22,No,49386799
9,Andhra Pradesh,Chitoor,"Rangachari street, Shanthapeta.",4,6,5,92,10,20,14,17,76,47,12,30,16,No,49386799
10,Andhra Pradesh,Eluru,Ashram Diagnostic Centre,4,6,5,108,15,30,19,49,93,69,21,48,29,No,49386799
11,Andhra Pradesh,Eluru,District Headquarters hospital,4,6,5,108,17,30,19,48,73,59,13,31,18,No,49386799
12,Andhra Pradesh,Eluru,"M/s Laxmi Propylene Ltd., Plot.No. 25,
Industrial Park, Satrampadu",4,6,5,108,16,30,19,54,86,64,18,38,25,No,49386799
13,Andhra Pradesh,Eluru,"Somalingeswara nilayam D.N.7B-18-5,
Thooru Veedhi, Eastern street,
Paidichintaadu",4,6,5,108,17,25,19,41,102,61,11,33,19,No,49386799
14,Andhra Pradesh,Guntur,"Near Hindu College, Market Road",4,5,5,100,17,25,19,42,181,62,10,48,30,No,49386799
15,Andhra Pradesh,Guntur,"A.P. Pollution Control Board, D.No.4-5-
4/5C,4/3, Navabharath nagar, Ring Road",4,6,5,101,17,25,19,29,192,40,10,42,23,No,49386799
16,Andhra Pradesh,Guntur,"Distirct Industries Center office Buiding
Autonagar",4,5,5,100,16,25,19,35,78,57,8,69,24,No,49386799
17,Andhra Pradesh,Guntur,Government General hospital,4,6,5,101,17,24,19,35,162,52,6,107,30,No,49386799
18,Andhra Pradesh,Kadapa,"Near ICL Industries, Yerragunta, YSR",4,19,6,108,10,25,16,19,99,60,6,30,15,No,49386799
19,Andhra Pradesh,Kadapa,"Devi Diabetes & Hormone Centre, 7 Roads",4,18,5,106,10,27,15,19,93,52,6,59,16,No,49386799
20,Andhra Pradesh,Kadapa,"DIC Office,Kadapa",4,19,5,108,10,20,15,24,142,55,6,53,18,No,49386799
21,Andhra Pradesh,Kadapa,Rajiv Gandhi Institute of Medical Sciences,4,7,5,108,9,19,13,17,121,43,9,55,25,No,49386799
22,Andhra Pradesh,Kadapa,Municipal Primary School,4,14,5,107,10,23,15,20,91,57,13,58,34,No,49386799
23,Andhra Pradesh,Kakinada,Office Building Ramanayyapeta,4,13,8,102,11,24,18,18,221,63,17,56,34,No,49386799
24,Andhra Pradesh,Kakinada,"Gram Panchayathi building, Suryaraopeta",4,13,8,105,10,27,19,14,206,66,10,41,25,No,49386799
25,Andhra Pradesh,Kakinada,"MEE Seva / MEPMA Office, Sailipeta",4,13,9,105,10,29,20,18,186,59,27,38,33,No,49386799
26,Andhra Pradesh,Kakinada,"Petro Chemical Engineering Block, JNTU ,
Pithapuram Road",4,12,8,106,9,27,18,16,176,56,26,37,32,No,49386799
27,Andhra Pradesh,Kurnool,"Mourya Inn, Krishna Nagar",4,11,5,108,9,24,14,17,119,59,8,40,25,No,49386799
28,Andhra Pradesh,Kurnool,"APIIC Building Industrial estate, Kallur at IDA
Bobbili Growth Center",4,13,5,107,10,23,15,22,113,64,8,35,24,No,49386799
29,Andhra Pradesh,Kurnool,Rajvihar Circle,4,14,6,108,11,36,19,29,117,72,8,118,34,No,49386799
30,Andhra Pradesh,Kurnool,"Pump House, Venkataramana Colony",4,12,5,108,10,18,12,16,100,49,10,95,36,No,49386799
31,Andhra Pradesh,Nellore,"Venkatareddy Nagar, Vedayapalem",4,6,5,107,16,25,19,38,80,68,9,38,26,No,49386799
32,Andhra Pradesh,Nellore,"D. No.15-471, James Garden, Venkata
Ramapuram, Nellore, SPSR Nellore District",4,6,5,107,15,25,19,45,80,68,18,46,31,No,49386799
33,Andhra Pradesh,Nellore,Chandramouli nagar,4,6,5,107,16,27,19,41,74,64,15,43,25,No,49386799
34,Andhra Pradesh,Nellore,"Dr.P.V. Rama chandra Reddy Hospital,
Brindavnam",4,5,5,107,15,25,19,40,78,63,20,40,27,No,49386799
35,Andhra Pradesh,Ongole,Near Court Center,4,6,5,107,15,26,19,38,74,62,18,43,28,No,49386799
36,Andhra Pradesh,Ongole,"APIIC, Administrative Office, Growth Centre,
Gundlapalli",4,5,5,104,16,26,19,35,70,57,8,80,36,No,49386799
37,Andhra Pradesh,Ongole,Ongole Municipal Corporation,4,6,5,106,16,26,19,35,76,60,9,75,27,No,49386799
38,Andhra Pradesh,Ongole,Prakasam Milk Product Compay,4,6,5,105,16,26,19,27,70,58,7,99,36,No,49386799
39,Andhra Pradesh,"Rajahmundry/
Rajamahendrava
ram","Staff Clud Building, A.P. Paper Mill",5,14,9,98,11,29,19,17,186,64,7,49,27,No,49386799
40,Andhra Pradesh,"Rajahmundry/
Rajamahendrava
ram","GAIL Administrative Office, A.V. Apparao
Road",5,15,8,104,10,27,18,15,193,61,8,91,29,No,49386799
41,Andhra Pradesh,"Rajahmundry/
Rajamahendrava
ram","MCH Block ,District Hospital, Near Central
Prison, Lalacheruvu Road",4,12,8,105,10,27,18,17,221,64,10,127,41,No,49386799
42,Andhra Pradesh,"Rajahmundry/
Rajamahendrava
ram","APEPDCL, Circle Office Godavari Gattu",4,16,8,97,11,27,18,18,159,58,7,70,34,No,49386799
43,Andhra Pradesh,Srikakulam,"SAMKRG Pistons Quarters Bulding, Near
IDA, Pydibhimavaram",6,12,8,96,13,29,18,28,162,72,10,73,32,No,49386799
44,Andhra Pradesh,Srikakulam,District cooparative office at SKLM Old,5,11,8,106,11,28,18,25,137,60,8,58,35,No,49386799
45,Andhra Pradesh,Srikakulam,"APIIC, Kushalapuram",5,15,8,95,12,28,19,26,205,72,12,51,27,No,49386799
46,Andhra Pradesh,Srikakulam,"Muncipal corporation Office, Old Bustand",5,12,8,107,13,27,19,23,115,63,17,51,30,No,49386799
47,Andhra Pradesh,Tirupati,"Regional Science Centre, Chittoor Bypass",4,6,5,106,10,21,14,12,66,43,10,43,23,No,49386799
48,Andhra Pradesh,Tirupati,"Municipal Office, Tilak Road",4,8,5,107,11,29,17,19,99,63,19,114,55,No,49386799
49,Andhra Pradesh,Tirupati,"APPCB-Regional Office, 1st Floor, APSFC
Building, NT road",4,6,5,100,10,20,14,15,82,48,19,304,101,No,49386799
50,Andhra Pradesh,Tirupati,"Sri Venkateswara Guest House (TTD SV Rest
House), Near APSRTC Bus Stand",4,8,5,108,11,25,16,25,81,59,11,323,74,No,49386799
51,Andhra Pradesh,Vijaywada,"NTR Veterinary college of sciences,
Gannavaram",4,11,5,107,15,30,19,40,89,73,10,149,59,No,49386799
52,Andhra Pradesh,Vijaywada,"VR Siddhartha Engineering college , Kanuru",4,6,5,107,14,32,19,32,86,66,17,180,63,No,49386799
53,Andhra Pradesh,Vijaywada,"APIIC, IALA, IDA, Kondaplli",4,6,5,106,15,29,19,31,99,75,13,199,64,No,49386799
54,Andhra Pradesh,Vijaywada,Benz Circle,4,7,5,107,15,28,19,47,94,78,7,165,56,No,49386799
55,Andhra Pradesh,Vijaywada,Autonagar,4,7,5,108,15,29,19,50,97,80,13,38,27,No,49386799
56,Andhra Pradesh,Vijaywada,Police Control Room,5,6,5,89,16,30,20,48,99,81,28,50,39,No,49386799
57,Andhra Pradesh,Vijaywada,"A.P. Pollution Control Board, plot no. 41, Sri
Kanakadurga Officers colony, Gurunank
Road",4,7,5,108,14,30,19,42,97,71,20,40,29,No,49386799
58,Andhra Pradesh,Vijaywada,"Gram Panchayat Office, Yenamalakuduru",4,6,5,108,13,31,18,42,95,57,33,61,52,No,49386799
59,Andhra Pradesh,Vijaywada,"Indian Medical Association Hall,Eluru Road,
Governorpet",4,6,5,108,15,27,19,43,104,73,37,61,48,No,49386799
60,Andhra Pradesh,Vishakhapatnam,"Industrial Estate, Marripalem",5,13,9,108,11,31,21,31,167,86,13,46,30,No,49386799
61,Andhra Pradesh,Vishakhapatnam,"Panchayat Raj office, Mindi",5,11,8,105,10,28,18,28,171,71,12,46,27,No,49386799
62,Andhra Pradesh,Vishakhapatnam,Police Barracks,6,14,9,105,14,32,22,35,179,86,15,49,32,No,49386799
63,Andhra Pradesh,Vishakhapatnam,"INS-Virabahu, Naval Area",5,10,7,93,12,25,17,26,198,78,10,34,20,No,49386799
64,Andhra Pradesh,Vishakhapatnam,Seethammadhara,5,13,8,99,12,28,18,25,152,64,15,40,28,No,49386799
65,Andhra Pradesh,Vishakhapatnam,Ganapuram Area,6,13,9,107,11,32,22,34,270,91,8,32,22,No,49386799
66,Andhra Pradesh,Vishakhapatnam,"Pedagantyada (V), Gajuwada (M)",5,11,8,104,12,25,18,29,138,73,10,43,25,No,49386799
67,Andhra Pradesh,Vishakhapatnam,"CWMP, RAMKY, Parawada",5,14,9,106,10,30,21,29,157,69,20,59,39,No,49386799
68,Andhra Pradesh,Vishakhapatnam,MVP Raitu Bajar,5,15,7,102,13,38,17,27,119,63,17,60,40,No,49386799
69,Andhra Pradesh,Vizianagaram,"Industrial Growth Centre, APIIC Building at
IDA Bobbili",5,12,8,101,13,29,19,33,103,74,12,59,38,No,49386799
70,Andhra Pradesh,Vizianagaram,"APIIC Building, VT Agraharam,Industrial area",5,14,8,105,11,28,20,43,84,67,11,57,34,No,49386799
71,Andhra Pradesh,Vizianagaram,Muncipal Kaspa High School,6,12,8,102,11,28,19,43,110,63,10,39,23,No,49386799
72,Andhra Pradesh,Vizianagaram,Municipal Office,5,13,8,93,12,29,19,35,113,64,15,513,108,No,49386799
73,Arunachal Pradesh,Itnagar,PCCF's Office Compound,2,10,3,43,5,17,7,10,228,97,13,339,79,No,1383727
74,Arunachal Pradesh,Naharlagun,APSPCB Office compound,2,6,3,35,5,14,7,9,187,74,11,590,128,No,1383727
75,Assam,Bongaigaon,"Oil India Ltd. PS-6, Chirang",3,12,4,70,10,20,12,31,112,53,16,120,38,No,31205576
76,Assam,Bongaigaon,Barpara Office Building,3,11,4,86,10,18,12,21,80,35,13,61,30,No,31205576
77,Assam,Daranga,"BATAD, Sandoop Jhankar town of Bhutan,
Baska",4,11,7,94,10,21,14,17,134,53,12,63,31,No,31205576
78,Assam,Dibrugarh,Dibrugarh Office Building,4,9,5,89,9,18,11,15,125,36,14,81,32,No,31205576
79,Assam,Golaghat,Golaghat Office Building,4,8,6,80,9,16,12,17,85,45,15,77,38,No,31205576
80,Assam,Guwahati,"Head Office, Bamunimaidam",7,24,12,134,9,36,15,23,295,122,15,69,32,No,31205576
81,Assam,Guwahati,"Boragaon, IASST, Kamrup",5,12,7,114,12,21,16,21,180,79,12,83,31,No,31205576
82,Assam,Guwahati,"Guwahati University, Kamrup",5,11,7,117,11,22,16,18,167,74,15,78,30,No,31205576
83,Assam,Guwahati,"ITI Building, Gopinath Nagar",5,12,7,117,10,30,15,33,323,142,4,166,50,No,31205576
84,Assam,Guwahati,"Khanapara, Central Dairy, Kamrup",5,15,7,129,10,34,15,16,126,48,16,85,33,No,31205576
85,Assam,Guwahati,"Near Pragjyotish College, Santipur",5,11,7,133,11,27,16,20,287,115,15,68,29,No,31205576
86,Assam,Margherita,Coal India Office,4,9,6,91,9,18,12,16,93,48,15,90,35,No,31205576
87,Assam,Nagaon,"Water Resources Div., Christian Patty,
Nagaon College",5,10,7,97,11,20,15,35,269,105,14,68,29,No,31205576
88,Assam,Nalbari,"PWD Rural Div Office Complex, near Gordon
Boy's GS School",4,10,7,77,11,18,14,37,184,87,17,99,33,No,31205576
89,Assam,North Lakhimpur,"Bazar Patti, North Lakhimpur Town",5,10,7,86,11,17,14,18,131,56,5,114,41,No,31205576
90,Assam,Silchar,"Govt. Boys HS School, Janiganj",5,8,6,74,10,14,11,39,58,50,18,102,38,No,31205576
91,Assam,Silchar,"RLO, Ithkola Market, Ghaniwala Road",5,9,7,75,8,13,10,32,57,43,16,130,40,No,31205576
92,Assam,Sivasagar,Sibasagar Office Building,4,8,6,102,9,17,12,16,116,49,16,98,36,No,31205576
93,Assam,Sivasagar,"Usha Lodge, near ONGCL Colony",5,9,7,103,10,18,14,20,115,62,21,130,44,No,31205576
94,Assam,Tezpur,Tezpur Office Building,6,10,7,86,11,20,15,24,189,98,16,103,35,No,31205576
95,Assam,Tinsukia,"Digboi Carbon factory Campus, Borguri",4,8,6,94,6,16,12,15,100,43,16,113,35,No,31205576
96,Assam,Tinsukia,"Shreepuria, Borguri",4,8,6,98,9,17,12,17,96,48,16,93,33,No,31205576
97,Assam,Tinsukia,Shivdham,4,9,6,98,9,18,13,15,71,43,16,108,36,No,31205576
98,Bihar,Begusarai,Begusarai,9,19,12,104,16,39,22,37,164,117,18,112,37,No,104099452
99,Bihar,Darbhanga,"Smt Baby Kumari, Ashok Hotel,Kadirabad
Chowk",12,22,15,105,18,32,24,35,267,123,21,70,37,No,104099452
100,Bihar,Gaya,"Godam Road, Raja Market",6,15,11,104,15,34,21,13,145,71,21,67,35,No,104099452
101,Bihar,Muzaffarpur,"BSPCB Regional Office, Bela Industrial Area,
Bela",10,22,14,104,19,49,31,40,414,152,14,85,34,No,104099452
102,Bihar,Patna,"Beltron Bhawan, Shastri Nagar",2,7,2,59,13,61,33,40,531,187,16,83,35,Yes,104099452
103,Bihar,Patna,"Gandhi Maidan, Auto Exhaust Test Centre",2,14,4,75,29,121,69,37,746,288,14,98,35,Yes,104099452
104,Bihar,Rajgir,"Sujkund, Near Samuraji hotel",5,15,10,104,16,30,21,12,136,69,16,57,33,No,104099452
105,Bihar,Sasaram,"Takia,Ward no.2, Rhotas",6,13,10,105,16,27,20,12,116,61,18,109,46,No,104099452
106,Chandigarh,Chandigarh,"Modern Foods, Industrial Area",2,2,2,149,8,48,24,26,444,114,13,104,41,No,1055450
107,Chandigarh,Chandigarh,Sector-17 C,2,2,2,142,8,43,19,15,221,85,17,86,34,No,1055450
108,Chandigarh,Chandigarh,"Punjab Engineering College, Sector- 12",2,2,2,162,5,33,16,20,279,92,17,108,40,No,1055450
109,Chandigarh,Chandigarh,"Sector-39, IMTECH",2,2,2,155,8,85,18,19,263,96,17,89,34,No,1055450
110,Chandigarh,Chandigarh,Kaimbwala Village,2,2,2,140,8,53,16,19,267,96,18,112,41,No,1055450
111,Chattisgarh,Bilaspur,"Regional Office, CECB Vyapar Vihar",4,7,6,91,10,14,12,28,64,47,17,94,36,No,25545198
112,Chattisgarh,Durg-Bhillainagar,"Visak Hostel, Sector-4",5,8,7,77,13,19,16,70,86,78,17,98,45,No,25545198
113,Chattisgarh,Durg-Bhillainagar,"R.O., 5/32 Banglow Office Building",3,8,4,83,8,15,12,49,66,58,12,89,35,No,25545198
114,Chattisgarh,Durg-Bhillainagar,M.P. Laghu Udyog Nigam,7,11,9,84,17,25,22,67,99,92,6,43,19,No,25545198
115,Chattisgarh,Durg-Bhillainagar,"CSIDC Industrial Growth Center, Borai, Durg",7,10,8,81,15,25,18,75,98,87,7,52,22,No,25545198
116,Chattisgarh,Korba,"HIG 21,22.Near Ghantaghar, MP Extension",6,11,8,97,16,30,19,35,76,58,8,25,14,No,25545198
117,Chattisgarh,Korba,"Pragati Nagar NTPC Colony, Jamnipali",5,10,7,103,16,24,18,33,95,54,7,82,17,No,25545198
118,Chattisgarh,Korba,"I.T.I., Rampur",6,13,9,100,16,21,19,37,82,63,70,113,85,No,25545198
119,Chattisgarh,Raipur,"New HIG-9, Hirapur/Housing Board Complex
Kabir Nagar",11,19,15,67,19,34,26,30,73,55,14,79,52,No,25545198
120,Chattisgarh,Raipur,M/S Wool Worth India Pvt. Ltd. Sarora,13,25,17,40,20,42,33,37,90,73,1,76,27,No,25545198
121,Dadra & Nagar Haveli and Daman & Diu,"Baldevi (Dadra &
Nagar Haveli)","Baldevi Village, Athola, Dandul Faliya,
Teh:Dadra & Nagar Haveli",8,25,16,97,9,24,17,26,78,64,7,31,17,No,343709
122,Dadra & Nagar Haveli and Daman & Diu,Silvassa,"Khadoli Industrial Area, Khadoli",10,41,26,99,11,45,28,37,89,63,8,63,39,No,343709
123,Dadra & Nagar Haveli and Daman & Diu,Silvassa,"Chetan Guest House, Near Post Office,
Piperia, silvassa Char Rasta",11,41,25,100,10,40,26,49,98,74,6,56,18,No,343709
124,Dadra & Nagar Haveli and Daman & Diu,Daman,"Prima Plastic, Kadaiya Industrial Area,
Kadaiya",9,39,23,97,9,39,26,22,87,65,6,56,19,No,343709
125,Dadra & Nagar Haveli and Daman & Diu,Daman,"Mashal Chawk, Nani Daman",8,37,21,99,8,37,23,57,164,108,5,56,26,No,343709
126,Dadra & Nagar Haveli and Daman & Diu,Patlara (Daman),"Makat Faliya/ Ambavadi, Patlara Village,
Moti Daman Teh:Daman",8,25,15,100,9,28,17,50,153,102,6,75,30,No,343709
127,Delhi,Delhi,"N.Y. School, Sarojini Nagar, Delhi",2,9,3,88,28,180,92,27,143,99,18,86,46,No,16787941
128,Delhi,Delhi,Janakpuri,4,16,5,120,16,107,47,23,138,92,16,56,39,No,16787941
129,Delhi,Delhi,"Naraina Industrial Area, Delhi",2,23,4,88,28,195,98,27,91,63,12,49,35,No,16787941
130,Delhi,Delhi,Nizamuddin,4,17,5,116,24,175,72,20,460,154,10,68,29,No,16787941
131,Delhi,Delhi,Pritampura,4,18,5,127,11,148,46,24,593,211,12,70,32,No,16787941
132,Delhi,Delhi,Shahadra,4,18,6,113,19,90,47,38,565,217,16,74,36,No,16787941
133,Delhi,Delhi,Shahzada Bagh,4,21,5,109,31,120,63,41,483,178,11,47,27,No,16787941
134,Delhi,Delhi,Siri Fort,4,16,5,113,16,145,53,45,720,206,17,57,36,No,16787941
135,Delhi,Delhi,"Town Hall, Ayurvedic Dispensary, Chandni
Chowk, Delhi",2,10,4,88,43,209,117,31,508,188,11,59,23,No,16787941
136,Goa,Amona,"Amona, Bicholim",9,12,11,105,13,16,14,56,479,192,10,74,35,No,1458545
137,Goa,Assanora,"Assanora Junction, Bardez",9,12,11,104,13,16,14,32,552,185,20,55,40,No,1458545
138,Goa,Bicholim,Bicholim,9,12,11,103,13,17,14,47,836,258,11,67,30,No,1458545
139,Goa,Codli,"Codli Tisk, Ponda, Sanguem",9,12,10,103,11,17,14,32,166,72,7,90,38,No,1458545
140,Goa,Cuncolim,Cuncolim,9,13,11,102,13,17,14,22,129,57,5,89,39,No,1458545
141,Goa,Honda,"Honda Junction, Sattari",9,12,11,104,13,16,14,32,169,63,3,35,16,No,1458545
142,Goa,Kundaim,Kundaim Industrial Estate,9,13,11,104,13,17,14,30,160,60,23,102,46,No,1458545
143,Goa,Mapusa,Mapusa town,2,7,3,90,5,31,10,32,182,80,18,36,25,No,1458545
144,Goa,Margao,Margao Town,9,13,11,102,13,16,14,30,112,63,12,33,20,No,1458545
145,Goa,Mormugao,"Fire Brigade Station, Port Trust",2,8,3,68,5,45,13,21,138,62,15,38,24,No,1458545
146,Goa,Panaji,"Old GSPCB premises, Patto",2,17,3,77,5,31,13,14,268,72,12,53,28,No,1458545
147,Goa,Ponda,Ponda Town,9,12,11,105,13,16,14,31,198,59,18,41,26,No,1458545
148,Goa,Sanguem,"Near Railway Station at Kalem, Sanguem",9,12,11,103,13,17,14,16,437,100,1,34,14,No,1458545
149,Goa,Tilamol,"Quepem, Tilamol",10,13,11,102,13,16,14,14,518,87,3,24,12,No,1458545
150,Goa,Tuem,Tuem Industrial Estate,9,13,11,104,13,17,14,31,203,66,4,61,32,No,1458545
151,Goa,Usgao,"Usgao Plae, Junction, Ponda",9,12,11,96,13,17,14,32,145,57,2,38,13,No,1458545
152,Goa,Vasco,"Fuse Call Office, Mormugao",2,11,3,88,5,29,13,29,139,67,1,56,14,No,1458545
153,Gujarat,Ahmedabad,"Naroda, G.I.D.C., Ahmadabad",14,33,19,87,17,50,25,33,154,57,12,80,48,Yes,60439692
154,Gujarat,Ahmedabad,Cadilla Bridge Narol,12,37,20,86,16,52,24,32,152,64,12,60,34,Yes,60439692
155,Gujarat,Ahmedabad,"Bhagavathi Estate, Keval Kanta Road,
Rakhiyal",12,35,20,88,17,48,25,16,377,81,12,60,37,Yes,60439692
156,Gujarat,Ahmedabad,"Reliable Products, 61/62 Ilaben
estate,PiranaDump Site,Narol (previous
Dyno Wash)",11,39,22,87,18,57,28,75,323,132,25,59,47,Yes,60439692
157,Gujarat,Ahmedabad,L.D. Engg. College,14,33,20,88,17,52,24,83,422,150,30,58,45,Yes,60439692
158,Gujarat,Ahmedabad,"Shardaben Hospital, Saraspur",13,34,20,86,17,54,25,75,308,132,25,86,46,Yes,60439692
159,Gujarat,Ahmedabad,"R.C. Technical High School, Mirzapur",13,35,20,86,16,48,24,76,407,158,13,175,57,Yes,60439692
160,Gujarat,Ahmedabad,"AZL Behrampura, Ahmadabad",13,38,20,87,16,49,25,66,339,126,19,91,58,Yes,60439692
161,Gujarat,Ahmedabad,Sola L.T. Chanakyapuri Pumping Station,11,35,21,88,16,46,26,71,391,128,13,68,39,Yes,60439692
162,Gujarat,Anklesvar,Rallis India Ltd.,13,36,20,88,17,46,26,68,295,122,11,63,37,No,60439692
163,Gujarat,Anklesvar,"Durga Traders, Bhavanafarm Society",12,35,19,88,16,45,25,71,353,132,12,64,36,No,60439692
164,Gujarat,Jamnagar,Fisheries Office,11,39,19,87,14,43,25,70,381,138,25,38,30,No,60439692
165,Gujarat,Rajkot,Nr. Sardhara Industrial Corporation,13,36,21,87,18,46,26,59,213,119,30,48,41,No,60439692
166,Gujarat,Rajkot,GPCB Regional Offce,12,40,19,87,16,51,25,55,239,110,17,45,32,No,60439692
167,Gujarat,Surat,S.V.R. Engg. College,12,45,23,87,15,50,26,57,267,123,17,65,33,Yes,60439692
168,Gujarat,Surat,"B.R.C. High School, Udhna",12,46,26,83,15,50,29,68,256,128,6,44,19,Yes,60439692
169,Gujarat,Surat,Near Air India Office,9,41,22,88,13,52,26,56,332,125,10,32,19,Yes,60439692
170,Gujarat,Vadodara,"GPCB Office, Geri Vasahat",11,37,19,87,14,49,25,66,166,100,12,165,68,No,60439692
171,Gujarat,Vadodara,"Sterling Gelatin Guest House, Vill-Karakhadi
Padia",11,43,20,87,14,47,25,57,356,151,13,222,69,No,60439692
172,Gujarat,Vadodara,Dandia Bazaar,12,41,20,88,16,45,25,69,342,132,8,143,63,No,60439692
173,Gujarat,Vadodara,CETP Nandesari,13,46,22,85,16,60,27,47,269,107,4,174,40,No,60439692
174,Gujarat,Vadodara,Lubrizol,11,45,21,87,14,55,26,62,378,145,5,84,39,No,60439692
175,Gujarat,Vapi,"GEB, IIIrd Phase, GIDC",9,38,21,86,10,58,26,71,293,120,3,10,7,No,60439692
176,Gujarat,Vapi,"Vapi Nagar Palika, Vapi",9,35,18,87,10,45,23,68,375,151,3,10,7,No,60439692
177,Himachal Pradesh,Baddi,Industry Department Office Building,2,2,2,123,19,44,33,65,333,131,3,10,7,No,6864602
178,Himachal Pradesh,Baddi,AHC barotiwala,2,2,2,110,20,38,27,44,316,131,3,10,7,No,6864602
179,Himachal Pradesh,Baddi,Housing Board,2,2,2,48,23,49,33,45,284,108,3,17,9,No,6864602
180,Himachal Pradesh,Damtal,Regional Office,2,2,2,119,5,12,9,57,292,157,3,10,7,No,6864602
181,Himachal Pradesh,Damtal,Old Road,2,2,2,113,5,12,9,49,195,125,3,10,7,No,6864602
182,Himachal Pradesh,Dharamshala,Kotwali Bazar Dharamshala,2,2,2,84,5,10,6,74,327,163,3,10,7,No,6864602
183,Himachal Pradesh,Dharamshala,"Daari, Dharamshala",2,2,2,124,5,14,6,19,86,47,3,10,7,No,6864602
184,Himachal Pradesh,Gulaba,Behind green tax barrier,2,3,2,19,5,7,5,17,94,50,3,10,7,No,6864602
185,Himachal Pradesh,Kala Amb,Kala Amb Industrial Area,2,8,3,166,10,36,15,16,65,35,21,87,55,No,6864602
186,Himachal Pradesh,Kala Amb,Kala Amb Town/Trilokpur,2,8,3,161,9,20,14,16,114,38,15,64,40,No,6864602
187,Himachal Pradesh,Manali,"Nehru Park, Manali, Kullu",2,4,2,88,7,16,11,23,233,121,30,62,45,No,6864602
188,Himachal Pradesh,Manali,"HPSPCB, Hadimba Road, Manali, Kullu",2,2,2,72,5,7,5,18,188,82,30,70,44,No,6864602
189,Himachal Pradesh,Nalagarh,Municipal Council,2,2,2,114,18,56,25,26,217,79,34,75,50,No,6864602
190,Himachal Pradesh,Paonta Sahib,Paonta Sahib,2,8,3,165,9,21,13,19,113,49,13,70,26,No,6864602
191,Himachal Pradesh,Paonta Sahib,Gondhpur Industrial Area,2,5,3,120,11,19,15,18,60,35,16,37,30,No,6864602
192,Himachal Pradesh,Parwanoo,"Regional Office, Sector- 4",2,4,2,133,5,30,6,68,251,125,10,129,28,No,6864602
193,Himachal Pradesh,Parwanoo,Asst. Commissioner Building Sector I,2,4,2,122,5,34,6,26,188,79,14,110,30,No,6864602
194,Himachal Pradesh,Shimla,"Bus Stand, Winterfield",2,7,2,202,11,34,26,17,188,88,7,76,30,No,6864602
195,Himachal Pradesh,Sunder Nagar,"HPSPCB, BBMB Colony, Mandi",2,2,2,143,5,26,8,29,191,61,14,56,30,No,6864602
196,Himachal Pradesh,Sunder Nagar,"Muncipal Council, NH-21, Mandi",2,2,2,107,5,24,9,32,192,67,12,83,28,No,6864602
197,Himachal Pradesh,Vashisht,"Behind pollution check barrier, Bahang /
Station No.-II1, Bahang",2,4,2,44,5,11,5,19,137,59,24,89,51,No,6864602
198,Jammu & Kashmir,Jammu,"Regional Office, Jammu",2,5,3,66,6,26,17,5,193,69,18,97,40,No,12541302
199,Jammu & Kashmir,Jammu,"M.A. Stadium, Jewel Chowk",2,5,3,62,10,24,17,22,170,76,25,113,50,No,12541302
200,Jammu & Kashmir,Jammu,Bari Brahamana Industrial Area,2,4,3,73,9,25,17,30,79,60,24,106,50,No,12541302
201,Jharkhand,Barajamda,Barajamda U.M. Office,13,35,17,91,18,28,23,51,71,62,35,93,51,No,32988134
202,Jharkhand,Dhanbad,R.O. Dhanbad,11,16,14,102,30,43,36,26,96,48,29,71,39,No,32988134
203,Jharkhand,Dhanbad,"EMTI, Bastacola",11,18,13,75,28,44,34,94,178,140,23,169,55,No,32988134
204,Jharkhand,Dhanbad,"CGM Office, Kusunda",10,17,13,100,28,43,34,89,175,136,31,93,58,No,32988134
205,Jharkhand,Jamshedpur,Bistupur Vehical Testing Centre,30,44,39,93,37,54,48,70,186,139,10,91,32,No,32988134
206,Jharkhand,Jamshedpur,Golmuri Vehicle Testing Centre,31,42,38,91,37,52,47,43,269,120,9,66,35,No,32988134
207,Jharkhand,Jharia,M.A.D.A.,12,17,14,105,29,41,35,42,237,76,20,88,37,No,32988134
208,Jharkhand,Ranchi,"Albert Ekka Chowk, Main Road",11,27,18,96,35,121,37,52,858,136,17,79,47,No,32988134
209,Jharkhand,Saraikela,"RO Building, Adityapur",30,43,37,91,39,53,46,90,362,185,40,93,51,No,32988134
210,Jharkhand,Sindri,BIT / PDIL,10,16,13,73,24,40,33,50,98,76,22,93,53,No,32988134
211,Karnataka,Bagalkote,Bagalkote KSPCB Office Premises,2,2,2,85,8,32,17,73,286,162,19,164,48,No,61095297
212,Karnataka,Bangalore,"Graphite India, White Field Road",2,2,2,83,15,41,27,171,397,275,19,93,49,No,61095297
213,Karnataka,Bangalore,"AMCO Batteries, Mysore Road",2,2,2,107,18,41,28,77,437,273,12,125,44,No,61095297
214,Karnataka,Bangalore,"KHB Industrial Area, Yelahanka",2,2,2,80,11,39,24,61,197,139,26,52,36,No,61095297
215,Karnataka,Bangalore,Peenya Industrial Area,2,2,2,52,18,38,30,81,171,138,20,45,33,No,61095297
216,Karnataka,Bangalore,Victoria hospital,2,2,2,103,14,38,25,109,427,302,25,48,35,No,61095297
217,Karnataka,Bangalore,Yeshwanthpura police station,2,2,2,100,14,38,28,73,168,109,10,76,29,No,61095297
218,Karnataka,Bangalore,"Jnanabharathi, Bangalore University",4,12,7,102,9,32,17,66,236,135,17,57,38,No,61095297
219,Karnataka,Bangalore,"TERI office, Vital Medi healthcare Pvt Ltd",2,2,2,108,14,40,27,24,204,137,15,59,42,No,61095297
220,Karnataka,Belgaum,Karnataka SPCB Office Building,2,9,2,52,9,27,16,16,117,45,25,52,39,No,61095297
221,Karnataka,Bidar,KSPCB Office Premises,2,4,2,59,5,16,9,56,186,91,9,50,28,No,61095297
222,Karnataka,Bijapur,KSPCB Office Premises,2,2,2,36,9,33,17,52,152,89,10,122,42,No,61095297
223,Karnataka,Chitradurga,KSPCB Office Premises,2,20,6,105,5,11,6,42,184,80,12,79,42,No,61095297
224,Karnataka,Devanagere,"Regional Office building, KSPCB",2,20,6,94,5,14,8,53,183,104,27,35,32,No,61095297
225,Karnataka,Devanagere,"Mothi Theatre, Gandhi Circle, P.B. Road /
Traffic Police Station",5,30,20,80,9,41,19,24,131,56,24,33,29,No,61095297
226,Karnataka,Devanagere,"HPF Intakewell, Kumarapattnam",2,13,5,102,5,11,7,41,165,79,32,38,35,No,61095297
227,Karnataka,Gulburga,Government Hospital,2,4,3,58,8,28,13,11,84,43,46,82,57,No,61095297
228,Karnataka,Hassan,KSRTC bus stand building,2,5,3,104,14,27,20,44,146,87,32,67,57,No,61095297
229,Karnataka,Hubli-Dharwad,"Lakkamanahalli Industrial Area, Dharwad",4,6,4,105,13,23,17,18,169,87,22,43,31,No,61095297
230,Karnataka,Hubli-Dharwad,"Rani Chennamma Circle, Hubli",4,6,5,104,14,26,21,14,155,71,20,43,29,No,61095297
231,Karnataka,Kolar,"KSPCB Office Premises, Kolar",2,2,2,98,17,40,27,32,208,93,19,67,54,No,61095297
232,Karnataka,Mandya,"KSPCB Building, Bandigowda Badarahe",2,9,2,107,11,27,14,18,98,52,14,36,22,No,61095297
233,Karnataka,Mangalore,Baikampady Industrial Area,5,9,7,92,9,11,10,19,100,52,13,43,25,No,61095297
234,Karnataka,Mysore,"K.R.Circle, Visvesvaraya Bldg",2,12,2,111,12,34,15,38,212,115,13,44,22,No,61095297
235,Karnataka,Raichur,"KSPCB Office Premises, Raichur",2,7,2,77,5,27,11,17,81,42,40,50,45,No,61095297
236,Karnataka,Shimaga,"The VISL, Oxygen Plant, Shimoga",3,50,24,100,5,14,6,32,240,87,13,74,35,No,61095297
237,Karnataka,Timukuru,KSPCB Office Premises,2,2,2,103,17,42,27,27,49,37,14,110,55,No,61095297
238,Kerala,Alappuzha,"District Office, Alissery Road",2,2,2,107,5,5,5,47,81,62,13,67,30,No,33406061
239,Kerala,Alappuzha,"DC Mills, Pathirappally",2,2,2,25,5,5,5,58,91,76,11,69,30,No,33406061
240,Kerala,Alappuzha,William Goodacre Power House Bridge,2,5,2,71,5,10,5,60,152,109,4,80,41,No,33406061
241,Kerala,Kochi,"Eloor I, FACT, Ambalamughal",2,5,3,107,6,31,19,34,81,43,9,70,33,Yes,33406061
242,Kerala,Kochi,Eloor II,2,5,3,102,10,43,23,23,80,47,7,148,55,Yes,33406061
243,Kerala,Kochi,Irumpanam,2,3,2,105,5,35,11,30,70,52,13,78,42,Yes,33406061
244,Kerala,Kochi,Ernakulum South,2,2,2,65,5,32,13,17,186,74,34,56,45,Yes,33406061
245,Kerala,Kochi,VYTTILA,2,2,2,105,5,33,12,11,79,33,33,46,41,Yes,33406061
246,Kerala,Kochi,MG Road Bank Ernakulum,2,2,2,105,5,31,12,41,145,75,21,56,41,Yes,33406061
247,Kerala,Kochi,KALAMASSERY / CSIR Complex,2,3,2,103,5,31,10,23,84,49,4,131,45,Yes,33406061
248,Kerala,Kochi,Kuttipadam,2,12,5,42,7,20,13,37,84,67,21,53,40,Yes,33406061
249,Kerala,Kollam,"KSPCB, District Office, Kadappakada",2,3,2,110,5,8,5,40,83,52,30,58,46,No,33406061
250,Kerala,Kollam,KMML Chavara,2,5,3,110,5,9,7,27,144,49,13,29,24,No,33406061
251,Kerala,Kottayam,Kottayam,2,3,2,119,12,13,12,32,127,50,45,69,61,No,33406061
252,Kerala,Kottayam,Vadavathoor,2,4,3,119,12,14,13,12,118,42,21,199,102,No,33406061
253,Kerala,Kozhikode,Kozhikode City,2,2,2,103,5,13,5,20,91,51,30,338,160,Yes,33406061
254,Kerala,Kozhikode,Nallalam,2,2,2,67,5,11,5,11,181,42,6,405,91,Yes,33406061
255,Kerala,Malapuram,"Kakkanchery, Sijmak oils",2,2,2,107,9,21,15,15,90,40,10,350,94,No,33406061
256,Kerala,Palakkad,SEPR Refractories India Ltd.,2,10,2,98,5,28,7,16,120,50,26,394,135,No,33406061
257,Kerala,Pathanamthitta,"KSPCB, Makkamkunnu",2,2,2,100,14,19,17,19,64,42,14,300,76,No,33406061
258,Kerala,"Thiruvananthapu
ram",PRS Hospital/COSMO,3,20,9,105,8,29,15,32,50,45,42,261,91,No,33406061
259,Kerala,"Thiruvananthapu
ram",SMV School,4,22,9,105,7,32,16,40,55,46,42,265,93,No,33406061
260,Kerala,"Thiruvananthapu
ram",VELI / HiTech Chackai,6,28,10,105,10,40,18,27,52,41,15,457,102,No,33406061
261,Kerala,"Thiruvananthapu
ram",PETTAH / Sasthamangalam(plamadou),4,18,8,105,8,34,16,21,38,30,1,430,105,No,33406061
262,Kerala,Thissur,"KSPCB, District Office, Poonkunnam",2,12,3,104,5,20,6,14,119,44,47,283,95,No,33406061
263,Kerala,Thissur,Thissur/ Peringandoor,2,10,3,74,5,12,5,12,110,44,48,281,94,No,33406061
264,Kerala,Wayanad,Sulthan Bathery,2,2,2,104,5,5,5,21,70,35,49,293,95,No,33406061
265,Kerala,Wayanad,Wayanad,2,2,2,79,5,5,5,11,144,51,17,388,114,No,33406061
266,Madhya Pradesh,Amlai,HJI,10,19,14,60,15,26,21,31,37,34,16,398,108,No,72626809
267,Madhya Pradesh,Amlai,OPM,9,16,12,69,14,22,18,22,65,41,3,259,66,No,72626809
268,Madhya Pradesh,Bhopal,"Hamidia Road, MP Hastshilp Vikas Nigam",2,28,11,72,5,39,21,29,68,43,11,170,86,No,72626809
269,Madhya Pradesh,Bhopal,CETP Govindpura,2,16,9,88,8,32,17,23,68,43,33,170,87,No,72626809
270,Madhya Pradesh,Bhopal,"Nutan Subhash School, T.T. Nagar",2,5,2,36,5,11,9,26,82,43,16,462,117,No,72626809
271,Madhya Pradesh,Bhopal,"Kolar Thana, Kolar Road, Bhopal",2,20,10,69,5,53,20,27,70,39,12,454,115,No,72626809
272,Madhya Pradesh,Bhopal,"AKVN Office, Industrial Area Mandideep,
Raisen",8,22,14,71,9,56,27,22,55,38,43,297,95,No,72626809
273,Madhya Pradesh,Bhopal,"Barkatuallah University, Hoshgabad Road,
Bhopal",2,13,7,74,5,30,13,14,41,28,49,289,94,No,72626809
274,Madhya Pradesh,Bhopal,"Main Road, Hemu Colony, Bairagarh, Bhopal",2,14,8,77,5,41,17,15,37,26,46,141,81,No,72626809
275,Madhya Pradesh,Bhopal,Arera Colony,2,11,3,82,5,24,10,65,118,92,47,114,66,No,72626809
276,Madhya Pradesh,Chhindwara,"HIG -33, Front of Geetanali Park Housing
Board Colony, Chadagaon",2,6,3,96,8,21,14,54,101,78,13,43,24,No,72626809
277,Madhya Pradesh,Chhindwara,"Hindustan Unileaver, Narsinghpur Road,",2,4,3,88,7,19,14,90,320,181,53,127,73,No,72626809
278,Madhya Pradesh,Dewas,EID Perry (I) Limited,9,33,19,94,16,35,26,88,244,152,10,121,35,No,72626809
279,Madhya Pradesh,Dewas,Dewas Metal Section,10,33,19,93,13,35,26,71,172,122,21,177,73,No,72626809
280,Madhya Pradesh,Dewas,Vikas Nagar,11,32,20,96,16,35,26,89,337,195,20,148,63,No,72626809
281,Madhya Pradesh,Gwalior,Dindayal Nagar,5,26,12,90,8,44,23,140,420,230,43,121,60,No,72626809
282,Madhya Pradesh,Gwalior,Maharaj Bada,2,32,13,93,10,46,24,82,244,138,17,181,62,No,72626809
283,Madhya Pradesh,Indore,"M.P. Laghu Udyog, Pologround",4,13,9,103,7,67,18,53,241,149,13,177,52,Yes,72626809
284,Madhya Pradesh,Indore,"Kothari Market, M.G. Road",3,20,9,109,7,30,17,55,189,119,14,173,52,Yes,72626809
285,Madhya Pradesh,Indore,"Telephone Nagar, 26 A, Kanadia Road",5,12,9,109,12,33,18,29,121,73,14,175,57,Yes,72626809
286,Madhya Pradesh,Jabalpur,Vijay Nagar,2,2,2,101,11,19,14,36,138,83,11,68,32,No,72626809
287,Madhya Pradesh,Jabalpur,Udaipur Beverage Racchai,11,16,13,101,15,22,19,51,98,80,,,,No,72626809
288,Madhya Pradesh,Katni,"HIG-4 Housing Board Colony Jhinjhri, Katni",7,18,10,96,17,36,27,57,97,79,,,,No,72626809
289,Madhya Pradesh,Katni,"Calderys Works Refactories India Private
Limited, Guest House, Katni",8,12,11,72,21,36,29,45,96,78,,,,No,72626809
290,Madhya Pradesh,Nagda,Chem. D. Labour Club,7,26,14,79,7,25,12,41,382,135,,,,No,72626809
291,Madhya Pradesh,Nagda,B C I Labour Club,4,13,8,80,8,21,13,46,215,143,,,,No,72626809
292,Madhya Pradesh,Nagda,Grasim Kalyan Kendra,5,17,9,75,9,20,15,28,130,81,,,,No,72626809
293,Madhya Pradesh,Prithampur,"Vikas Bhavan, Sector-2",6,14,10,94,11,22,18,25,132,77,,,,No,72626809
294,Madhya Pradesh,Prithampur,"RCC Over Head Tank No. 1, Sector-3",6,14,10,112,11,24,18,22,120,73,,,,No,72626809
295,Madhya Pradesh,Sagar,Pt.Deendayal Nagar,2,6,4,96,5,21,14,49,128,74,,,,No,72626809
296,Madhya Pradesh,Sagar,"Katra Bazar, Sagar",2,5,3,101,5,32,13,85,101,94,,,,No,72626809
297,Madhya Pradesh,Satna,Sub-divisional Office E/M Light Machniery,2,6,4,73,7,20,11,80,172,99,,,,No,72626809
298,Madhya Pradesh,Satna,"MPPCB,Dharwari GaliNo.5,House No.318",2,6,3,75,5,34,10,83,115,97,,,,No,72626809
299,Madhya Pradesh,Singrauli,Jayant Township,18,61,31,83,20,112,49,30,59,45,,,,No,72626809
300,Madhya Pradesh,Singrauli,"N.T.P.C., Vidyanagar",17,64,31,81,19,107,49,35,61,47,,,,No,72626809
301,Madhya Pradesh,Singrauli,Waidhan,13,63,30,87,19,94,47,42,93,66,,,,No,72626809
302,Madhya Pradesh,Ujjain,District Office,9,14,11,66,10,15,13,53,108,85,,,,No,72626809
303,Madhya Pradesh,Ujjain,Regional Office,7,14,10,75,8,16,11,46,115,86,,,,No,72626809
304,Madhya Pradesh,Ujjain,Mahakal Temple,7,15,11,51,8,16,12,19,123,75,,,,No,72626809
305,Madhya Pradesh,Ujjain,Chamunda Mata Chouraha,8,15,11,49,10,21,12,20,120,69,,,,No,72626809
306,Maharashtra,Akola,"LRT Commerce College, Civil Lines, Akola",11,14,12,88,12,15,13,73,185,137,,,,No,112374333
307,Maharashtra,Akola,"MIDC Water Work, Phash-II, MIDC Akola",11,18,15,143,12,19,15,8,133,110,,,,No,112374333
308,Maharashtra,Akola,"College Of Engineering & Tech, Akola",11,18,14,196,12,19,15,30,360,189,,,,No,112374333
309,Maharashtra,Ambernath,Ambernath Municipal Council Office,12,47,27,131,21,129,66,37,485,197,,,,No,112374333
310,Maharashtra,Amravati,"Apurva Oil Industries, A-23, MIDC",8,24,14,215,9,25,15,32,492,189,,,,No,112374333
311,Maharashtra,Amravati,"Elect. Dept., Govt College Engineering",8,16,13,92,9,18,14,60,115,95,,,,No,112374333
312,Maharashtra,Amravati,"Rajkamal Square, Vaneeta Samaj",8,24,14,154,9,25,15,37,107,64,,,,No,112374333
313,Maharashtra,Aurangabad,S.B.E.S. College,6,24,14,144,19,68,37,38,109,74,,,,No,112374333
314,Maharashtra,Aurangabad,Collector Ofiice,6,23,12,127,10,65,33,56,107,80,,,,No,112374333
315,Maharashtra,Aurangabad,"C.A.D.A. Ofiice, Garkheda",7,24,14,91,22,65,37,60,74,66,,,,No,112374333
316,Maharashtra,Badlapur,BIWA Office,11,58,27,187,19,120,60,60,81,71,,,,No,112374333
317,Maharashtra,Bhiwandi,"Prematai Hall, Near Dhamankar Naka",22,44,32,101,31,69,44,60,81,69,,,,No,112374333
318,Maharashtra,Bhiwandi,"Fire Brigade Office, I.G.M. Hospital",22,44,32,165,31,69,44,26,330,118,,,,No,112374333
319,Maharashtra,Bhiwandi,"Regional Office, M.P.C. Board, Kalyan",22,44,31,237,31,69,43,54,134,96,,,,No,112374333
320,Maharashtra,Chandrapur,Grampanchat Ghughus,4,7,4,94,12,49,28,56,102,77,,,,No,112374333
321,Maharashtra,Chandrapur,M.I.D.C. Chandrapur,4,5,4,101,18,46,29,56,136,96,,,,No,112374333
322,Maharashtra,Chandrapur,Nagar Parishad,3,5,4,163,10,85,30,43,96,74,,,,No,112374333
323,Maharashtra,Chandrapur,"Gadchandur Gram Panchayat, Rajura",4,5,4,97,18,47,29,43,104,70,,,,No,112374333
324,Maharashtra,Chandrapur,"MIDC, Tadali",4,6,4,97,14,45,29,49,97,77,,,,No,112374333
325,Maharashtra,Chandrapur,"Muncipal Council, Ballarshah",4,5,4,99,19,43,29,17,319,108,,,,No,112374333
326,Maharashtra,Dombivali,Dombivali MIDC Phase-II,11,54,27,190,20,120,60,63,82,68,,,,No,112374333
327,Maharashtra,Jalgaon,B. J. Market,9,16,12,94,28,36,32,63,85,70,,,,No,112374333
328,Maharashtra,Jalgaon,Girna water tank,9,15,12,213,27,38,32,21,85,68,,,,No,112374333
329,Maharashtra,Jalgaon,MIDC Jalgaon,9,15,12,154,27,38,33,85,357,223,,,,No,112374333
330,Maharashtra,Jalna,"Bachat Bhawan, Near S P Office",8,12,10,104,33,51,39,44,148,90,,,,No,112374333
331,Maharashtra,Jalna,"Krishidhan Seeds Ltd, MIDC Area",8,12,10,172,33,52,40,23,193,85,,,,No,112374333
332,Maharashtra,Kolhapur,"University Campus, Shivaji University",7,19,13,80,10,33,20,76,278,170,,,,No,112374333
333,Maharashtra,Kolhapur,"Ruikar Trust, S.T. Stand",7,41,22,147,10,82,38,54,220,110,,,,No,112374333
334,Maharashtra,Kolhapur,"Mahadwar Road, Near Mahalaxmi Temple",7,41,22,203,10,82,37,61,205,119,,,,No,112374333
335,Maharashtra,Latur,MIDC Water Works,4,7,5,239,18,27,21,17,295,106,,,,No,112374333
336,Maharashtra,Latur,Kshewraj Vidyalaya Shyam nagar,4,7,5,104,18,27,21,49,90,60,,,,No,112374333
337,Maharashtra,Latur,Sidhheshwar Sahakari Bank Ganjgolai,4,7,5,172,18,27,20,47,89,59,,,,No,112374333
338,Maharashtra,Mumbai,"Bank of India, Kalbadevi /Branch, Kalbadevi/
VARSOVA",2,4,2,84,5,73,27,46,93,61,,,,Yes,112374333
339,Maharashtra,Mumbai,"Parel TT, Ambedkar Road",2,4,2,88,7,73,30,83,120,98,,,,Yes,112374333
340,Maharashtra,Mumbai,Worli,2,5,2,87,6,71,26,75,120,96,,,,Yes,112374333
341,Maharashtra,Nagpur,Institution of Engineers,9,23,13,100,29,57,39,36,82,62,,,,Yes,112374333
342,Maharashtra,Nagpur,"Govt. Polytechnic College, Sadar",8,23,14,96,29,60,41,41,158,98,,,,Yes,112374333
343,Maharashtra,Nagpur,MIDC Office Hingana Road,8,22,14,100,23,56,42,41,158,96,,,,Yes,112374333
344,Maharashtra,Nagpur,"MIDC Industrial Area, MIDC Office, Hingna",2,24,6,82,5,63,22,54,152,84,,,,Yes,112374333
345,Maharashtra,Nagpur,"Nagpur Coop Building, Maskasath, Itwari",2,12,5,79,6,41,18,57,148,88,,,,Yes,112374333
346,Maharashtra,Nagpur,"NEERI Lab, Nehru Marg, Highway No. 7",2,21,5,74,8,83,21,55,147,85,,,,Yes,112374333
347,Maharashtra,Nagpur,"MPCB Office Premises, Civil Lines",7,22,12,321,22,56,38,33,262,118,,,,Yes,112374333
348,Maharashtra,Nashik,R.T.O. Colony Tank,2,19,10,154,8,42,22,21,591,136,,,,No,112374333
349,Maharashtra,Nashik,"VIP Industrial Area, MIDC Satpura",2,17,10,104,8,42,22,43,441,122,,,,No,112374333
350,Maharashtra,Nashik,Nashik Municipal Council Building,2,18,9,218,8,42,22,53,183,103,,,,No,112374333
351,Maharashtra,Nashik,"MPCB Sub R.O. Udyog Bhawan, Nashik",2,30,9,305,6,72,21,54,214,103,,,,No,112374333
352,Maharashtra,Navi Mumbai,"T.B.I.A, Rabale Airoli, TTC",13,23,17,103,17,75,48,66,199,109,,,,No,112374333
353,Maharashtra,Navi Mumbai,"Dr. D.Y. Patil College, Nerul, TTC",13,23,17,229,22,67,45,3,403,74,,,,No,112374333
354,Maharashtra,Navi Mumbai,"MPCB Lab, Mhape, TTC",12,25,17,168,35,73,47,3,586,112,,,,No,112374333
355,Maharashtra,Navi Mumbai,CIDCO Nodal Office Kharghar,13,25,18,103,35,68,48,3,898,131,,,,No,112374333
356,Maharashtra,Navi Mumbai,"Water Pump House, Panvel, Taloja",12,25,17,168,35,75,48,46,149,73,,,,No,112374333
357,Maharashtra,Navi Mumbai,"MIDC Collom Facility Building, Taloja",12,25,17,229,28,75,47,23,169,65,,,,No,112374333
358,Maharashtra,"Pimpri-
Chinchwad","Bank of Baroda Builing, Near M.C Builiding",6,75,28,199,23,176,78,23,162,66,,,,No,112374333
359,Maharashtra,Pune,"Maratha Chamber of commerce, Bhosari",14,90,33,62,21,178,72,23,162,61,,,,Yes,112374333
360,Maharashtra,Pune,State Electricity Board BLDG Nalstop,6,90,32,113,25,254,87,24,312,61,,,,Yes,112374333
361,Maharashtra,Pune,Swargate Police Chawki,15,90,46,33,48,178,101,34,69,55,,,,Yes,112374333
362,Maharashtra,Sangli,"Udyog bhavan / SRO, MPCB Sangli",6,13,9,99,10,87,34,31,83,53,,,,No,112374333
363,Maharashtra,Sangli,Sangli- Miraj Primary school Building,6,21,10,226,10,102,42,31,79,54,,,,No,112374333
364,Maharashtra,Sangli,Krishna Valley School,6,15,9,163,10,102,39,31,74,53,,,,No,112374333
365,Maharashtra,Solapur,WIT Campus,11,21,17,102,31,39,35,31,74,53,,,,No,112374333
366,Maharashtra,Solapur,Voronoko School / Chitale Clinic,11,21,16,144,31,39,35,31,74,55,,,,No,112374333
367,Maharashtra,Thane,"Maternity Hospital, Dhobighat, Thane East",15,26,19,24,33,40,37,13,219,76,,,,No,112374333
368,Maharashtra,Thane,"Shahu Market,Naupada, Thane West",15,31,21,49,33,45,37,14,331,123,,,,No,112374333
369,Maharashtra,Thane,"Kolshet and Balkum, Thane West",13,31,20,73,32,45,36,14,331,125,,,,No,112374333
370,Maharashtra,Ulhasnagar,Smt. C. H. M. College Campus,11,37,21,99,18,83,48,82,331,181,,,,No,112374333
371,Maharashtra,Ulhasnagar,"Octroi Naka, Pawai-Chowk, Vithalwadi",12,48,27,107,24,110,63,14,148,61,,,,No,112374333
372,Manipur,Imphal,Secretariat Building,3,18,9,57,5,52,21,14,203,69,,,,No,2855794
373,Meghalaya,Byrnihat,"EPIP, Ri-Bhoi district",2,28,15,121,5,18,13,14,179,70,,,,No,2966889
374,Meghalaya,Dawki,"Terrace building, Jaintia Hills District",2,24,7,121,5,18,13,54,88,73,,,,No,2966889
375,Meghalaya,Khliehriat,"O/o BDO, C & R.D. Block-Khliehriat",2,4,3,122,5,15,11,54,89,75,,,,No,2966889
376,Meghalaya,Nongstoin,"Office Premises of E.E, PHED",2,8,2,121,5,21,13,62,232,124,,,,No,2966889
377,Meghalaya,Shillong,"Boards Office Permises, Lumpyngngad",2,3,2,106,5,13,7,58,232,135,,,,No,2966889
378,Meghalaya,Shillong,State Tuberculosis Hospital,2,9,6,121,5,26,20,47,232,127,,,,No,2966889
379,Meghalaya,Shillong,"Forest Rest House, Polo Hills",2,6,3,117,5,16,11,17,187,76,,,,No,2966889
380,Meghalaya,Shillong,"41/2 mile, Mylliem Range Office",2,6,2,119,5,16,9,34,319,113,,,,No,2966889
381,Meghalaya,Tura,"PHED, Araimille, West Garo Hills District",2,4,3,116,5,16,12,38,180,109,,,,No,2966889
382,Meghalaya,"Umiam /
Umsning","Umiam Industrial Complex, Ri-Bhoi District",2,6,3,120,5,15,12,17,199,103,,,,No,2966889
383,Mizoram,Aizawl,"Khatla, M.G-Road, Mizoram SPCB",2,2,2,103,5,15,11,16,167,53,,,,No,1097206
384,Mizoram,Aizawl,Laipuitlang,2,2,2,106,5,5,5,17,55,43,,,,No,1097206
385,Mizoram,Aizawl,Bawngkawn,2,2,2,102,5,17,9,8,36,30,,,,No,1097206
386,Mizoram,Aizawl,"Dawrpui Y.M.A, Building, Dawrpui",2,2,2,102,5,21,11,16,43,30,,,,No,1097206
387,Mizoram,Aizawl,"Lengpui Airport, Model Veng, Lengpui",2,2,2,94,5,5,5,17,69,50,,,,No,1097206
388,Mizoram,Champhai,"D.T.O Office Building, Kahrawt veng",2,2,2,101,5,5,5,17,42,34,,,,No,1097206
389,Mizoram,Champhai,"Lalzidinga building, Vengthlang",2,2,2,101,5,5,5,12,58,31,,,,No,1097206
390,Mizoram,Kolasib,"H. Lalthuama Building, Project Veng",2,2,2,101,5,5,5,14,40,31,,,,No,1097206
391,Mizoram,Kolasib,"Synod Bookroom, Building Diakkawn",2,2,2,101,5,5,5,17,136,94,,,,No,1097206
392,Mizoram,Lunglei,"Thangkhuma Building, Salem Veng",2,2,2,96,5,5,5,10,211,84,,,,No,1097206
393,Mizoram,Lunglei,"K.Lalliantluanga, Chanmari I, Lunglei",2,2,2,96,5,5,5,11,31,20,,,,No,1097206
394,Nagaland,Dimapur,Bank Colony,2,2,2,139,5,32,8,10,99,46,,,,No,1978502
395,Nagaland,Dimapur,Dhobinala,2,2,2,121,5,24,13,35,95,56,,,,No,1978502
396,Nagaland,Dimapur,"Signal point, Dimapur, Nagaland SPCB
House no-288, Tenyiphe-I, Chumukiedima,
Dimapur
Vidya Bhawan School, Lane 17, Nagarjan,
Kuda Village, Dimapur
House no 24, Near community Hall, Viola
colony, Dimapur
ERJO Motors, Burma Camp, Dimapur",2,2,2,103,5,5,5,14,89,34,,,,No,1978502
397,Nagaland,Dimapur,"Signal point, Dimapur, Nagaland SPCB
House no-288, Tenyiphe-I, Chumukiedima,
Dimapur
Vidya Bhawan School, Lane 17, Nagarjan,
Kuda Village, Dimapur
House no 24, Near community Hall, Viola
colony, Dimapur
ERJO Motors, Burma Camp, Dimapur",2,2,2,103,5,25,7,13,31,21,,,,No,1978502
398,Nagaland,Dimapur,"Signal point, Dimapur, Nagaland SPCB
House no-288, Tenyiphe-I, Chumukiedima,
Dimapur
Vidya Bhawan School, Lane 17, Nagarjan,
Kuda Village, Dimapur
House no 24, Near community Hall, Viola
colony, Dimapur
ERJO Motors, Burma Camp, Dimapur",2,2,2,48,5,5,5,22,37,29,,,,No,1978502
399,Nagaland,Dimapur,"Signal point, Dimapur, Nagaland SPCB
House no-288, Tenyiphe-I, Chumukiedima,
Dimapur
Vidya Bhawan School, Lane 17, Nagarjan,
Kuda Village, Dimapur
House no 24, Near community Hall, Viola
colony, Dimapur
ERJO Motors, Burma Camp, Dimapur",2,2,2,48,5,5,5,3,35,16,,,,No,1978502
400,Nagaland,Dimapur,"Signal point, Dimapur, Nagaland SPCB
House no-288, Tenyiphe-I, Chumukiedima,
Dimapur
Vidya Bhawan School, Lane 17, Nagarjan,
Kuda Village, Dimapur
House no 24, Near community Hall, Viola
colony, Dimapur
ERJO Motors, Burma Camp, Dimapur",2,2,2,48,5,16,9,15,141,30,,,,No,1978502
401,Nagaland,Kohima,Opposite NST Office,2,2,2,138,5,10,5,3,9,7,,,,No,1978502
402,Nagaland,Kohima,Opposite War Cemetery,2,2,2,121,5,12,5,7,21,10,,,,No,1978502
403,Odisha,Angul,Industrial Estate,6,19,11,102,18,33,27,19,232,97,,,,No,41974218
404,Odisha,Angul,NALCO Township,8,15,10,102,22,34,26,46,247,125,,,,No,41974218
405,Odisha,Balasore,Sahadevkhunta,2,2,2,104,10,12,11,15,104,49,,,,No,41974218
406,Odisha,Balasore,DIC office,2,2,2,104,10,13,11,20,188,75,,,,No,41974218
407,Odisha,Balasore,Rasalpur near Balgopalpur I/A,6,9,7,104,11,14,11,15,102,61,,,,No,41974218
408,Odisha,Berhampur,Regional Office Orissa SPCB,2,11,4,107,13,46,19,20,92,53,,,,No,41974218
409,Odisha,Bhubneshwar,Capital Police Station,2,7,2,97,11,37,19,27,128,80,,,,No,41974218
410,Odisha,Bhubneshwar,IRC Village,2,5,2,94,12,24,16,21,163,77,,,,No,41974218
411,Odisha,Bhubneshwar,Office Premises Bhubaneswar,2,4,2,100,11,22,16,25,299,112,,,,No,41974218
412,Odisha,Bhubneshwar,"Water works, Palasuni, Rasalgarh",2,7,2,69,10,51,17,48,189,107,,,,No,41974218
413,Odisha,Bhubneshwar,"Patrapara, Khandagiri",2,5,2,101,12,33,14,34,223,92,,,,No,41974218
414,Odisha,Bhubneshwar,Chandrashekharpur,2,6,2,91,13,22,15,69,103,85,,,,No,41974218
415,Odisha,Bonaigarh,"Govt. Hospital Bonai At/Po/PS-Bonai Dist-
Sudargarh",5,17,9,104,11,26,16,69,113,84,,,,No,41974218
416,Odisha,Cuttack,"Traffic Tower, Badambadi",3,8,5,58,14,31,19,26,115,89,,,,No,41974218
417,Odisha,Cuttack,P.H.D Office Barabati,2,35,6,104,13,33,18,33,151,65,,,,No,41974218
418,Odisha,Cuttack,"R.O. Cuttack Office, Surya Vihar",3,10,6,104,14,38,22,67,206,108,,,,No,41974218
419,Odisha,Jharsuguda,R.O. Building Cox colony,6,29,7,108,11,43,13,41,234,105,,,,No,41974218
420,Odisha,Jharsuguda,"TRL Colony, M/s. TRL Krosaki Refractories
Ltd. PO: Bhepahar,",5,23,8,106,11,27,18,47,218,100,,,,No,41974218
421,Odisha,Kalinga Nagar,Over the Guest House of M/s NINL,2,2,2,55,13,22,18,43,126,90,,,,No,41974218
422,Odisha,Kalinga Nagar,"Maintenance Office of M/s NINL, Duburi",2,2,2,77,11,27,17,38,237,97,,,,No,41974218
423,Odisha,Konark,Konark Police Station,2,3,2,101,11,16,13,42,244,93,,,,No,41974218
424,Odisha,Paradeep,On roof of PPT Staff Quarter,10,30,18,101,6,16,11,58,209,118,,,,No,41974218
425,Odisha,Paradeep,On roof of PPL Gueest,9,26,18,101,6,20,10,51,235,108,,,,No,41974218
426,Odisha,Paradeep,On roof of STP building IFFCO,14,27,19,83,6,12,10,57,362,109,,,,No,41974218
427,Odisha,Puri,Sadar police station,2,2,2,46,13,18,15,54,224,100,,,,No,41974218
428,Odisha,Puri,Town Police Station,2,6,2,75,13,22,15,79,160,106,,,,No,41974218
429,Odisha,Rajgangpur,"DISIR, Rajgangpur",6,23,12,103,11,37,19,92,394,106,,,,No,41974218
430,Odisha,Rayagada,Regional Office Orissa SPCB,2,12,4,104,11,22,17,46,209,122,,,,No,41974218
431,Odisha,Rayagada,"LPS High School, Jaykaypur",2,9,4,101,12,21,17,27,438,114,,,,No,41974218
432,Odisha,Rourkela,"Regional Office, ORPB",5,16,8,104,10,22,14,50,102,72,,,,No,41974218
433,Odisha,Rourkela,Kalunga Industrial Estate,6,16,12,104,9,26,17,72,343,146,,,,No,41974218
434,Odisha,Rourkela,"IDL Police Out-post, Sonaparbat",5,10,6,104,10,16,11,76,342,149,,,,No,41974218
435,Odisha,Rourkela,"Kuarmunda, Sundergarh",4,14,8,104,8,22,12,69,316,138,,,,No,41974218
436,Odisha,Sambalpur,"Filter Plant, PHD Office, Modipara",4,36,6,105,19,46,24,87,141,115,,,,No,41974218
437,Odisha,Talcher,Coal Field Area,8,14,10,104,23,35,28,87,163,109,,,,No,41974218
438,Odisha,Talcher,T.T.P.S.Colony,6,14,11,104,24,33,29,73,272,150,,,,No,41974218
439,Puducherry,Karaikal,"B.Ed College (PKCE), Nehru Nagar",2,3,2,88,5,11,5,17,112,63,,,,No,1247953
440,Puducherry,Karaikal,"Govt. Tourist Home, Kovilpathu",2,3,2,91,5,10,6,15,118,66,,,,No,1247953
441,Puducherry,Karaikal,"M/s Puducherry Power Corporation Limited,
Polagam, T.R. Pattinam,",2,3,2,82,5,9,5,52,178,87,,,,No,1247953
442,Puducherry,Puducherry,"DSTC Office Upstairs, PHB 3rd Floor,
AnnaNagar",3,6,5,92,9,17,13,78,242,174,,,,No,1247953
443,Puducherry,Puducherry,PIPDIC Ind. Estate Mettupalayam,4,6,5,87,10,16,13,73,160,90,,,,No,1247953
444,Puducherry,Puducherry,Chamber Of Commerce,2,6,4,85,6,14,10,54,213,142,,,,No,1247953
445,Punjab,Aligarh (Jagraon),"Forest Office, Vill:Aligarh, Teh:Jagraon",4,12,6,103,9,37,17,29,266,92,,,,No,27743338
446,Punjab,Amritsar,"R.O. Focal Point (earlier Nagina soap
factory)",11,14,13,62,25,38,33,54,207,119,,,,No,27743338
447,Punjab,Amritsar,"Vinod Chilling Center / Kochar Bhavan
(earlier A-1,Platers)",11,19,13,60,26,46,35,35,209,93,,,,No,27743338
448,Punjab,"Aspal Khurd
(Tapa)","Vill:Aspal Khurd, Teh:Tapa",4,8,5,124,9,18,12,18,68,35,,,,No,27743338
449,Punjab,"Bara Pind
(Goraya)","Vill:Bara Pind, Teh:Goraya",4,11,7,83,10,26,20,22,118,46,,,,No,27743338
450,Punjab,Bhatinda,"Bathinda Milk Producers, Dabwali Road",2,8,5,84,5,21,13,17,92,42,,,,No,27743338
451,Punjab,"Binjon
(Garshankar)","CHC, Vill:Binjon, Teh: Garshankar",4,24,7,80,9,19,14,21,81,47,,,,No,27743338
452,Punjab,"Bishanpura
(Payal)","Longowalia Yarns (Unit-II), Vill-Bishanpura,
Teh: Payal",4,20,10,93,9,39,21,21,87,50,,,,No,27743338
453,Punjab,"Changal
(Sangrur)","Mastuana Sahib, Vill:Changal, Teh:Sangrur",4,7,5,106,6,26,13,15,68,34,,,,No,27743338
454,Punjab,"Chowkimann
(Jagraon)","Ludhiana College of Engineering,
Vill:Chowkimann, Teh:Jagraon",4,12,7,102,9,32,19,22,199,73,,,,No,27743338
455,Punjab,Dera Baba Nanak,C-PYTE Building,3,9,7,67,11,17,13,46,313,155,,,,No,27743338
456,Punjab,Dera Bassi,"Punjab Chem and Crop Protection,
Bhanakarpur Rd",4,8,6,107,9,26,13,76,366,185,,,,No,27743338
457,Punjab,Dera Bassi,"Winsome Yarns Ltd., Barwala Road",4,7,5,114,9,18,12,64,213,107,,,,No,27743338
458,Punjab,"Fatehpur
(Samana)","Baba Banda Singh Bahadur College,
Vill:Fatehpur, Teh:Samana",4,7,5,38,10,13,11,53,338,150,,,,No,27743338
459,Punjab,Gobindgarh,"Modi Oil and General Mills, Mandi",6,9,7,126,13,44,36,53,194,106,,,,No,27743338
460,Punjab,Gobindgarh,"Raj Steel Rolling Mills, Mandi",5,9,7,133,13,40,35,23,249,102,,,,No,27743338
461,Punjab,Gobindgarh,"United Rolling Mills, Mandi Gobindgarh",5,9,7,130,15,98,36,19,374,137,,,,No,27743338
462,Punjab,"Guru Ki Dhab
(Kotkapura)","Vil:Guru Ki Dhab / Basti Himmatpura,
Teh:Kotkapura",2,8,5,22,7,26,13,53,240,105,,,,No,27743338
463,Punjab,"Jaito Sarja
(Batala)","Royal Nursing College, Vill: Jaito Sarja, Teh:
Batala",4,7,6,37,11,18,14,20,170,68,,,,No,27743338
464,Punjab,Jalandhar,Municipal Council Tubewell No. 27,8,24,12,81,18,49,25,25,199,70,,,,No,27743338
465,Punjab,Jalandhar,Regional Office,9,23,11,73,18,47,24,41,174,101,,,,No,27743338
466,Punjab,Jalandhar,"Punjab Maltex , Kapurthala Road",5,20,10,59,12,40,22,51,150,94,,,,No,27743338
467,Punjab,Jalandhar,Focal Point,8,15,12,62,20,34,25,79,107,95,,,,No,27743338
468,Punjab,Khanna,"Markfed Vanaspati, Khanna",5,25,10,112,7,73,26,91,219,147,,,,No,27743338
469,Punjab,Khanna,"AS School, Khanna",5,64,13,116,11,45,27,86,238,140,,,,No,27743338
470,Punjab,"Kharaori
(Sirhind)","Vill:Kharaori, Teh:Sirhind",4,8,6,126,10,29,13,84,229,138,,,,No,27743338
471,Punjab,"Kotladoom
(Ajnala)","Satyam College, Ramtirath Road, Vill:
Kotladoom, Teh: Ajnala",5,8,7,62,11,18,13,74,212,124,,,,No,27743338
472,Punjab,Ludhiana,Bharat Nagar Chowk / RO Gill Road,6,20,11,120,13,39,23,21,109,60,,,,No,27743338
473,Punjab,Ludhiana,"Nahar Spining Mlls, Dholewal Chawk",6,49,14,126,11,46,25,62,315,151,,,,No,27743338
474,Punjab,Ludhiana,"Ludhiana Coop. Milk Producer, Ferozpur Rd",5,40,10,137,5,48,24,57,329,144,,,,No,27743338
475,Punjab,Ludhiana,"PPCB Office Building, Vishavkarma Chowk",6,64,13,131,20,86,32,35,296,120,,,,No,27743338
476,Punjab,"Mrar Kalan
(Muktsar)","Vill: Mrar Kalan, Teh:Muktsar",4,9,5,42,10,26,14,62,259,131,,,,No,27743338
477,Punjab,"Mukandpur
(Nawashahar)","Govt. Senior Sec. School, Vill:Mukandpur,
Teh:Nawashahar",5,12,8,78,13,26,17,78,368,192,,,,No,27743338
478,Punjab,"Mureedke
(Batala)","Johal Farm, Vill: Mureedke, Teh: Batala",4,10,7,98,8,18,12,45,289,137,,,,No,27743338
479,Punjab,"Naudhrani
(Malerkotla)","Vill:Naudhrani, Teh:Malerkotla",4,8,5,104,9,25,13,68,190,100,,,,No,27743338
480,Punjab,Naya Nangal,Punjab Alkalis & Chemicals Ltd,5,8,6,95,9,22,12,49,395,128,,,,No,27743338
481,Punjab,Naya Nangal,"M/s NFL Guest House,Naya Nangal",4,7,5,108,9,23,12,35,331,139,,,,No,27743338
482,Punjab,Patiala,"Ceylon Industries, Factory Area, Patiala",4,7,5,128,9,30,12,53,383,151,,,,No,27743338
483,Punjab,Patiala,"Fire Brigade Station, Bahera Road, Patiala",4,8,5,132,10,23,12,33,392,135,,,,No,27743338
484,Punjab,"Peer Mohammad
(Jalalabad)","Vill:Peer Mohammad, Teh:Jalalabad",4,6,5,23,10,13,12,80,498,187,,,,No,27743338
485,Punjab,Poohli (Bhatinda),"Vill: Poohli, Teh:Bhatinda",4,7,5,23,10,26,15,55,228,111,,,,No,27743338
486,Punjab,"Qila Bharian
(Sangrur)","Gurdwara Gangsar Sahib, Vill:Qila Bharian,
Teh:Sangrur",4,8,5,112,10,27,13,58,247,134,,,,No,27743338
487,Punjab,Rakhra (Patiala),"Shree Ganesh Group of Institute,
Vill:Rakhra, The:Patiala",5,7,5,53,11,13,12,21,142,87,,,,No,27743338
488,Punjab,Rohila (Samrala),"Gopimal Kaur Sain Industries Pvt. Ltd,
Vil:Rohila, Teh:Samrala",5,19,10,120,9,42,20,55,198,108,,,,No,27743338
489,Punjab,"Tirathpur
(Amritsar I)","United ITI, Vill: Tirathpur, Teh:Amritsar I
(earlier Sriguru Harkishan Public
School,Rasulpur Kalan)",5,8,7,58,10,14,13,40,159,88,,,,No,27743338
490,Rajasthan,Alwar,Rajasthan State Pollution Control Board,6,13,9,98,22,40,30,39,154,93,,,,No,68548437
491,Rajasthan,Alwar,Gaurav Solvex Ltd. MIA,8,18,13,103,28,45,37,74,190,101,,,,No,68548437
492,Rajasthan,Alwar,"RIICO Pump House, MIA",8,17,12,105,27,45,34,78,197,102,,,,No,68548437
493,Rajasthan,Bharatpur,Khadi Gramoday Samiti,7,12,8,97,23,38,27,69,133,102,,,,No,68548437
494,Rajasthan,Bharatpur,RIICO office Building,6,10,7,99,5,34,25,64,337,114,,,,No,68548437
495,Rajasthan,Bharatpur,"RO, Building",7,8,7,102,20,30,24,49,178,104,,,,No,68548437
496,Rajasthan,Bhiwadi,R.O.Building,8,63,28,101,15,78,44,64,129,98,,,,No,68548437
497,Rajasthan,Bhiwadi,UIT Guest House,7,33,24,38,31,79,53,21,575,159,,,,No,68548437
498,Rajasthan,Bhiwadi,Uttam Strips Ltd,6,40,25,97,12,79,42,25,202,93,,,,No,68548437
499,Rajasthan,Chittorgarh,"Regional Office building, RSPCB, Near FCI
Godown, Chnaderiya",5,20,8,102,18,91,29,75,244,154,,,,No,68548437
500,Rajasthan,Chittorgarh,"Veterinary Hospital, Meeranagar",5,16,7,97,15,83,27,72,349,197,,,,No,68548437
501,Rajasthan,Chittorgarh,"PHED Pump House, Segawa",4,14,6,97,14,64,23,79,274,164,,,,No,68548437
502,Rajasthan,Jaipur,Ajmeri Gate,5,15,7,107,17,50,34,83,561,213,,,,Yes,68548437
503,Rajasthan,Jaipur,"RJPB Office,Jhalana Doongari",4,12,6,104,13,33,21,69,474,218,,,,Yes,68548437
504,Rajasthan,Jaipur,"District Education Officer, Chandpole",6,23,7,101,22,72,34,61,324,167,,,,Yes,68548437
505,Rajasthan,Jaipur,"RIICO Office, M.I.A.",5,14,6,104,15,42,23,101,442,245,,,,Yes,68548437
506,Rajasthan,Jaipur,"RSPCB, Vidyadhar Nagar",5,27,7,104,5,50,27,149,442,290,,,,Yes,68548437
507,Rajasthan,Jaipur,VKIA,5,31,10,104,16,55,31,103,415,231,,,,Yes,68548437
508,Rajasthan,Jaipur,"22,Godam, RIICO Office",5,10,6,107,14,40,24,40,292,168,,,,Yes,68548437
509,Rajasthan,Jaipur,Mansarovar Nagar Niigam,5,10,6,99,15,39,24,39,311,162,,,,Yes,68548437
510,Rajasthan,Jaipur,RIICO Office Sitapura Industrial Area,4,16,7,103,16,47,27,31,204,97,,,,Yes,68548437
511,Rajasthan,Jodhpur,"DIC Office, Industrial Estate",3,23,7,86,10,53,25,63,377,163,,,,No,68548437
512,Rajasthan,Jodhpur,Sojati Gate,4,12,7,80,11,56,26,37,225,103,,,,No,68548437
513,Rajasthan,Jodhpur,"Basni Industrial Area, RIICO Office",3,13,7,87,10,50,25,52,323,151,,,,No,68548437
514,Rajasthan,Jodhpur,Maha Mandir Police Thane,4,10,7,84,11,58,26,34,279,108,,,,No,68548437
515,Rajasthan,Jodhpur,"Office of Housing Board, Chopasani Road",3,11,7,82,10,53,25,46,413,160,,,,No,68548437
516,Rajasthan,Jodhpur,Shastri Nagar Police Thana,3,12,7,87,11,57,26,51,498,193,,,,No,68548437
517,Rajasthan,Jodhpur,Kudi Mahila Thana,5,8,6,50,17,43,25,65,281,142,,,,No,68548437
518,Rajasthan,Jodhpur,Sangariya Police Choki,5,9,6,47,18,44,27,63,225,128,,,,No,68548437
519,Rajasthan,Jodhpur,SoorsagarThana,5,9,6,47,15,52,26,63,221,120,,,,No,68548437
520,Rajasthan,Kota,"Regional Office, RJPB, Anantpura",5,11,7,99,19,32,24,60,507,187,,,,No,68548437
521,Rajasthan,Kota,Municipal Corporation Building,5,11,7,104,19,31,24,76,396,220,,,,No,68548437
522,Rajasthan,Kota,Samcore Glass Ltd.,5,13,7,109,19,37,24,46,489,172,,,,No,68548437
523,Rajasthan,Kota,FireStation Nagar Nigam Shrinathpuram,5,11,7,104,20,31,25,54,412,205,,,,No,68548437
524,Rajasthan,Kota,"RajasthanTechnical University,Rawatbhata",5,12,7,103,19,33,25,69,512,244,,,,No,68548437
525,Rajasthan,Kota,"Sewage Treatment Plant, Balita, Kota",5,9,6,107,18,45,24,81,613,245,,,,No,68548437
526,Rajasthan,Udaipur,Ambamata,3,13,6,103,11,44,27,102,520,248,,,,No,68548437
527,Rajasthan,Udaipur,Town Hall,4,23,13,105,15,52,32,110,634,344,,,,No,68548437
528,Rajasthan,Udaipur,"Regional Office,MIA",5,26,14,104,13,53,33,85,973,293,,,,No,68548437
529,Sikkim,Chungthang,Chungthang,3,10,5,90,5,5,5,30,382,152,,,,No,610577
530,Sikkim,Gangtok,"White Hall Complex, Tasi view point",4,10,6,77,5,25,10,21,251,116,,,,No,610577
531,Sikkim,Mangan,Mangan Police Station,3,7,5,101,5,8,5,22,303,115,,,,No,610577
532,Sikkim,Namchi,Namchi,4,7,6,99,5,8,5,21,272,115,,,,No,610577
533,Sikkim,Pelling,The Pelling Girls Hostel,2,11,5,93,5,11,5,21,373,160,,,,No,610577
534,Sikkim,Rangpo,Rangpo Fire Station,3,16,8,94,5,18,8,19,348,116,,,,No,610577
535,Sikkim,Ravangla,Ravangla Range Office,2,28,5,98,5,8,5,55,254,131,,,,No,610577
536,Sikkim,Singtam,Police Station Building,4,8,6,93,5,8,6,61,258,152,,,,No,610577
537,Tamilnadu,Chennai,"Govt. High School, Manali",12,18,15,58,15,21,18,92,254,186,,,,Yes,72147030
538,Tamilnadu,Chennai,Kathivakkam,11,17,14,62,14,20,17,16,47,28,,,,Yes,72147030
539,Tamilnadu,Chennai,Thiruvottiyur,11,16,14,62,14,19,16,21,83,49,,,,Yes,72147030
540,Tamilnadu,Chennai,Madras Medical College,2,22,3,86,5,65,21,13,62,34,,,,Yes,72147030
541,Tamilnadu,Chennai,"NEERI, CSIR CampusTaramani",2,6,2,86,5,43,16,22,856,41,,,,Yes,72147030
542,Tamilnadu,Chennai,Thiruvottiyur Municipal Office,2,50,5,87,5,68,23,9,77,28,,,,Yes,72147030
543,Tamilnadu,Chennai,Adiyar,5,13,8,52,11,20,15,30,100,64,,,,Yes,72147030
544,Tamilnadu,Chennai,Kilpauk,8,13,10,66,14,26,19,13,38,25,,,,Yes,72147030
545,Tamilnadu,Chennai,Thiyagaraya Nagar,8,16,11,68,14,24,20,33,70,54,,,,Yes,72147030
546,Tamilnadu,Chennai,Nunbakgum,8,14,11,60,15,29,20,42,81,63,,,,Yes,72147030
547,Tamilnadu,Chennai,Anna Nagar,8,14,10,53,15,27,19,41,116,62,,,,Yes,72147030
548,Tamilnadu,Coimbatore,"Poniarajapuram, On the top of DEL",4,72,6,86,14,19,16,38,87,61,,,,Yes,72147030
549,Tamilnadu,Coimbatore,G.D.Matric Hr.Sec.School,4,9,6,69,14,22,18,12,138,67,,,,Yes,72147030
550,Tamilnadu,Coimbatore,"SIDCO Office, Coimbatore/ Kurichi",5,9,7,77,16,25,19,17,128,39,,,,Yes,72147030
551,Tamilnadu,Cuddalore,Eachangadu Village,11,15,13,94,18,19,18,11,186,85,,,,No,72147030
552,Tamilnadu,Cuddalore,SIPCOT (Project Office),9,13,11,81,15,18,17,28,98,59,,,,No,72147030
553,Tamilnadu,Cuddalore,"DEE Office, Cuddalore",12,18,15,75,17,25,21,53,231,101,,,,No,72147030
554,Tamilnadu,Madurai,Highway (Project -I) Building,9,14,12,70,13,21,18,47,181,88,,,,No,72147030
555,Tamilnadu,Madurai,Fenner (I) Ltd. Kochadai,10,16,13,67,14,23,19,48,141,82,,,,No,72147030
556,Tamilnadu,Madurai,Kunnathur Chatram Avvai Girls HS School,10,16,13,75,14,22,18,55,183,97,,,,No,72147030
557,Tamilnadu,Mettur,Raman Nagar,5,10,6,79,17,33,21,13,96,41,,,,No,72147030
558,Tamilnadu,Mettur,SIDCO,5,9,6,77,18,36,22,21,140,68,,,,No,72147030
559,Tamilnadu,Salem,Sowdeswari College Building,4,26,7,77,8,42,21,23,204,61,,,,No,72147030
560,Tamilnadu,Trichy,Gandhi Market,8,16,13,68,13,21,18,47,55,52,,,,No,72147030
561,Tamilnadu,Trichy,Main Guard Gate,10,19,15,67,14,22,19,41,280,52,,,,No,72147030
562,Tamilnadu,Trichy,Bishop Heber College,9,15,11,75,12,22,16,49,70,62,,,,No,72147030
563,Tamilnadu,Trichy,Golden Rock,8,14,12,72,13,22,17,46,95,71,,,,No,72147030
564,Tamilnadu,Trichy,Central Bus Stand,10,19,15,69,14,24,20,32,139,83,,,,No,72147030
565,Tamilnadu,Tuticorin,"Fisheries College, Tuticorin Sipcot",6,16,10,72,8,20,11,31,144,82,,,,No,72147030
566,Tamilnadu,Tuticorin,Raja Agencies,9,15,12,66,9,22,12,18,74,38,,,,No,72147030
567,Tamilnadu,Tuticorin,AVM Jewellery Building,7,16,10,83,7,20,11,17,244,71,,,,No,72147030
568,Telangana,Adilabad,"Building of SCCL Manadamarri Club
Mandamarri, Mancherial",4,7,5,108,23,27,25,21,183,50,,,,No,35193978
569,Telangana,Hyderabad,Balanagar,4,11,6,106,22,123,51,19,148,79,,,,Yes,35193978
570,Telangana,Hyderabad,"Tarnaka, NEERI Lab. IICT Campus",2,9,5,89,5,41,15,31,140,82,,,,Yes,35193978
571,Telangana,Hyderabad,"Nacharam, Industrial Estate",2,9,5,88,5,45,15,27,101,60,,,,Yes,35193978
572,Telangana,Hyderabad,ABIDS Circle General Post Office,2,9,5,88,5,42,16,23,120,60,,,,Yes,35193978
573,Telangana,Hyderabad,"Uppal, Modern Foods & Industries IDA",4,10,6,112,21,73,44,18,140,82,,,,Yes,35193978
574,Telangana,Hyderabad,Jublee Hills,4,11,5,119,23,83,42,41,112,83,,,,Yes,35193978
575,Telangana,Hyderabad,Paradise,4,13,6,119,24,96,51,55,126,91,,,,Yes,35193978
576,Telangana,Hyderabad,Charminar,3,10,5,119,17,68,38,44,127,83,,,,Yes,35193978
577,Telangana,Hyderabad,Zoo Park,2,9,4,115,9,141,48,50,85,74,,,,Yes,35193978
578,Telangana,Hyderabad,"Jeedimetla Industrial Estate, Rangareddy
Distt.",3,11,6,119,18,77,47,36,386,148,,,,Yes,35193978
579,Telangana,Karimnagar,"On the terrace of the DIC building,
Karimnagar",6,14,9,86,45,68,55,3,130,49,,,,No,35193978
580,Telangana,Khammam,CER Club Khamam,7,14,9,101,28,74,53,3,129,48,,,,No,35193978
581,Telangana,Khammam,Jalasoudha building,6,11,9,102,44,66,52,3,123,57,,,,No,35193978
582,Telangana,Kothur,Mehaboobnagar,7,13,9,104,47,67,59,50,235,117,,,,No,35193978
583,Telangana,Nalgonda,AP PCB Nalgonda,3,7,5,99,23,28,25,47,261,116,,,,No,35193978
584,Telangana,Nalgonda,"M/s. Srini Pharmaceuticals pvt.
Ltd.Choutuppal (V & M)",4,7,6,99,24,29,26,46,208,110,,,,No,35193978
585,Telangana,Nizamabad,"subashnagar,nizamabad dist",4,6,5,99,23,27,25,37,381,108,,,,No,35193978
586,Telangana,Patencheru,"Police Station, Medak, Ramachadrapuram",4,7,5,93,22,28,25,12,381,104,,,,No,35193978
587,Telangana,Ramagundam,"Godavarikhani, Ramagundam, Karimnagar",7,13,9,97,45,65,55,44,381,131,,,,No,35193978
588,Telangana,Sangareddy,Pashamylaram/Municipal Office,2,52,8,104,7,109,39,87,140,106,,,,No,35193978
589,Telangana,Sangareddy,Regional office Building of SANGAREDDY,3,6,5,98,23,27,25,72,118,95,,,,No,35193978
590,Telangana,Sangareddy,"M/s. Mylan Industries, Gaddapothara",5,7,6,99,24,29,25,72,109,86,,,,No,35193978
591,Telangana,Warangal,"KUDA Office, Hanumakonda",6,11,9,99,33,66,52,92,141,111,,,,No,35193978
592,Telangana,Warangal,"Mee-Seva Building ,Municipal Complex",6,11,9,98,40,60,51,48,75,57,,,,No,35193978
593,Tripura,Agartala,"SPCB, Pavivesh Bhawan, Pandit Nehru
Complex, Gorkhabasti, Kunjaban",2,6,4,83,8,15,10,53,75,61,,,,No,3673917
594,Tripura,Agartala,"Bordowali Bipani Bitan, Agartala MC,
Bordowali, Near Nagerjala",2,6,4,83,9,16,11,53,72,63,,,,No,3673917
595,Uttar Pradesh,Agra,"Regional Office, Bodla",3,6,4,90,10,33,21,45,106,83,,,,No,199812341
596,Uttar Pradesh,Agra,Nunhai,3,12,5,94,11,45,29,61,144,107,,,,No,199812341
597,Uttar Pradesh,Agra,Taj Mahal,2,34,4,298,5,71,19,12,381,104,,,,No,199812341
598,Uttar Pradesh,Agra,DIC Nunhai,2,21,4,126,5,69,28,39,102,70,,,,No,199812341
599,Uttar Pradesh,Agra,Etmad-uddaulah,2,35,4,131,5,67,27,53,116,88,,,,No,199812341
600,Uttar Pradesh,Agra,Rambagh,2,20,4,124,5,58,23,63,110,88,,,,No,199812341
601,Uttar Pradesh,Allahabad,Square crossing circle of Laxmi Talkies,2,16,9,106,10,51,39,57,108,87,,,,No,199812341
602,Uttar Pradesh,Allahabad,Bharat Yantra Nigam Ltd,2,19,8,108,7,57,34,28,65,48,,,,No,199812341
603,Uttar Pradesh,Allahabad,Alopibagh/Sewage Pumping Stations,2,5,3,76,29,88,49,83,125,105,,,,No,199812341
604,Uttar Pradesh,Allahabad,Jhonstonganj/co-operative Bank,2,3,2,98,26,72,42,47,505,192,,,,No,199812341
605,Uttar Pradesh,Allahabad,Rambagh/Parag Dairy,2,5,3,102,26,69,46,49,494,228,,,,No,199812341
606,Uttar Pradesh,Anpara,"Anpara Colony, Sonabhadra",10,22,17,95,19,32,29,13,509,150,,,,No,199812341
607,Uttar Pradesh,Anpara,"Renusagar Colony, Sonabhadra",11,21,17,97,21,32,28,23,501,207,,,,No,199812341
608,Uttar Pradesh,Baghpat,"Sarvodaya Hospital, Tatiri Merrut, Baghpat
Road",6,37,11,93,10,54,21,23,496,173,,,,No,199812341
609,Uttar Pradesh,Baghpat,"Weavetex Overseas Hostel, Khekra, Baghpat",7,37,11,94,10,57,21,21,477,165,,,,No,199812341
610,Uttar Pradesh,Bareily,IVRI Izatnaga,10,45,22,107,18,38,27,136,488,258,,,,No,199812341
611,Uttar Pradesh,Bareily,"Indian oetrol pump, Civil Line",13,62,31,107,25,65,36,116,405,208,,,,No,199812341
612,Uttar Pradesh,Firozabad,Center for Development of Glass Industry,6,12,8,104,17,42,31,119,400,252,,,,No,199812341
613,Uttar Pradesh,Firozabad,Tilak Nagar,6,12,8,104,20,41,31,82,251,171,,,,No,199812341
614,Uttar Pradesh,Firozabad,Raza ka Tal,6,12,8,103,22,41,31,80,332,220,,,,No,199812341
615,Uttar Pradesh,Gajraula,"Raunaq Auto Ltd, J.P. Nagar",8,43,22,94,16,55,35,42,287,176,,,,No,199812341
616,Uttar Pradesh,Gajraula,"Indira Chowk, J.P. Nagar",10,50,28,92,14,67,40,41,264,166,,,,No,199812341
617,Uttar Pradesh,Ghaziabad,"Atlas Cycles Industries, Sahibabad Ind. area",5,30,15,93,23,65,46,73,475,168,,,,Yes,199812341
618,Uttar Pradesh,Ghaziabad,Bulandshaar Road Industrial Area,5,26,13,87,21,61,43,93,480,175,,,,Yes,199812341
619,Uttar Pradesh,Ghaziabad,"Khora Colony, Ghaziabad
Vinoba Bhave Park, Lohia Nagar, Ghaziabad
M. M.M. Engineering College, Gorakhpur",7,35,12,86,10,85,26,79,547,163,,,,Yes,199812341
620,Uttar Pradesh,Ghaziabad,"Khora Colony, Ghaziabad
Vinoba Bhave Park, Lohia Nagar, Ghaziabad
M. M.M. Engineering College, Gorakhpur",7,30,12,85,10,82,27,103,679,237,,,,Yes,199812341
621,Uttar Pradesh,Gorakpur,"Khora Colony, Ghaziabad
Vinoba Bhave Park, Lohia Nagar, Ghaziabad
M. M.M. Engineering College, Gorakhpur",2,26,10,93,10,42,19,63,464,215,,,,No,199812341
622,Uttar Pradesh,Gorakpur,"India Glycol Ltd. Gida, Gorakhpur",18,62,33,101,28,80,48,54,488,215,,,,No,199812341
623,Uttar Pradesh,Gorakpur,"Jalkal, Muncipal Corporation, Golghar",9,55,24,92,20,75,37,57,439,211,,,,No,199812341
624,Uttar Pradesh,Greater Noida,"Holland Tractor, Greater Noida",6,48,12,88,10,87,26,126,421,213,,,,No,199812341
625,Uttar Pradesh,Greater Noida,"Honda Power, Greater Noida",6,48,12,88,9,86,26,96,382,244,,,,No,199812341
626,Uttar Pradesh,Hapur,"Srinagar Colony, Railway Road, Hapur",5,28,13,89,13,41,23,46,616,231,,,,No,199812341
627,Uttar Pradesh,Hapur,"Jindal Pipes Ltd, Hapur",5,28,16,70,13,42,27,49,694,232,,,,No,199812341
628,Uttar Pradesh,Jhansi,Manik Chawk / Jal chauraha,4,20,7,117,11,33,19,72,514,184,,,,No,199812341
629,Uttar Pradesh,Jhansi,Veeranga Nagar,3,18,6,116,9,30,17,92,505,184,,,,No,199812341
630,Uttar Pradesh,Kanpur,"Forest & Training Centre, Kidwai Nagar",6,20,8,93,34,63,48,103,336,218,,,,Yes,199812341
631,Uttar Pradesh,Kanpur,Chamber Of Commerce Darshanpurwa /,6,11,8,94,35,69,53,164,443,351,,,,Yes,199812341
632,Uttar Pradesh,Kanpur,"Associated Chem Pvt Ltd, Fazalganj, Panki,
Site-5",7,11,8,83,37,66,54,136,429,315,,,,Yes,199812341
633,Uttar Pradesh,Kanpur,"Head Post Office, Govind Nagar / Dabauli /
Shastri NGR",6,10,8,83,33,59,52,93,501,189,,,,Yes,199812341
634,Uttar Pradesh,Kanpur,Jajmau / Awas Vikas,6,9,8,93,41,63,50,91,489,190,,,,Yes,199812341
635,Uttar Pradesh,Kanpur,"I.I.T. Campus, Kanpur",2,2,2,100,9,24,14,51,520,208,,,,Yes,199812341
636,Uttar Pradesh,Kanpur,IIT 12 parameter,2,2,2,164,7,66,14,64,577,248,,,,Yes,199812341
637,Uttar Pradesh,Kanpur,"Dada Nagar, Kanpur",3,17,6,91,15,55,41,31,237,105,,,,Yes,199812341
638,Uttar Pradesh,Kanpur,"Ramadevi, Kanpur",2,4,2,89,21,75,36,24,207,86,,,,Yes,199812341
639,Uttar Pradesh,Khurja,Central Glass & Ceramic Research Institute,19,26,22,95,18,24,20,120,288,210,,,,No,199812341
640,Uttar Pradesh,Khurja,Ahirpara,19,23,20,92,18,21,19,119,280,221,,,,No,199812341
641,Uttar Pradesh,Lucknow,Mahanagar,4,19,8,225,21,43,30,94,336,228,,,,Yes,199812341
642,Uttar Pradesh,Lucknow,"Chandganj Garden, Aliganj",4,19,8,270,21,43,31,112,298,192,,,,Yes,199812341
643,Uttar Pradesh,Lucknow,"Kapoor Hotel, Hazratganj",4,19,8,187,21,43,31,102,261,188,,,,Yes,199812341
644,Uttar Pradesh,Lucknow,Talkatora,4,19,8,268,20,43,30,11,399,124,,,,Yes,199812341
645,Uttar Pradesh,Lucknow,Aminabad / S.M.K Chowk,4,19,8,279,20,43,31,28,331,117,,,,Yes,199812341
646,Uttar Pradesh,Lucknow,Nagar Nigam,4,19,8,268,20,43,30,26,600,228,,,,Yes,199812341
647,Uttar Pradesh,Lucknow,"Ansal Technical Institute Campus, Ansal API",4,19,8,266,20,43,30,32,746,273,,,,Yes,199812341
648,Uttar Pradesh,Lucknow,Vikas Khand,2,2,2,68,16,70,37,21,401,204,,,,Yes,199812341
649,Uttar Pradesh,Mathura,"RO. UPPCB, 65 Baldevpuri, Maholi Road",8,15,11,81,17,32,26,19,384,186,,,,No,199812341
650,Uttar Pradesh,Mathura,"CETP, Industrial Area, Mathura",10,17,13,83,19,40,29,40,411,207,,,,No,199812341
651,Uttar Pradesh,Meerut,Begum Bridge,9,12,10,59,70,85,78,40,411,206,,,,No,199812341
652,Uttar Pradesh,Meerut,Thana Railway Road / Kesarganj,7,8,7,59,40,56,48,40,411,219,,,,No,199812341
653,Uttar Pradesh,Moradabad,"Hindu College, Station Road",8,60,32,91,11,83,51,31,411,205,,,,No,199812341
654,Uttar Pradesh,Moradabad,"Central Police Hospital, Civil Lines",5,39,20,90,13,59,32,40,411,206,,,,No,199812341
655,Uttar Pradesh,Muzaffarnagar,"Sahara Parivar Office, Kamal Cinema,
Building, Railway Station Road",6,13,8,97,14,46,33,34,411,207,,,,No,199812341
656,Uttar Pradesh,Muzaffarnagar,"Lekhpal Bhawan, Tehsil Sadar Campus",7,15,9,97,21,51,35,34,411,202,,,,No,199812341
657,Uttar Pradesh,Noida,"UP PPCB, E-12/1, Sector - 1",5,31,14,97,16,147,61,29,464,209,,,,No,199812341
658,Uttar Pradesh,Noida,Gee-Pee Electroplating and Eng. Work,5,30,15,96,18,147,64,110,188,153,,,,No,199812341
659,Uttar Pradesh,Noida,"Subros, Noida
Golf Course, Noida",6,39,12,92,10,80,26,138,191,170,,,,No,199812341
660,Uttar Pradesh,Noida,"Subros, Noida
Golf Course, Noida",7,39,11,90,10,82,27,216,237,225,,,,No,199812341
661,Uttar Pradesh,Raebareli,"Town Hall Colony, Ahmad Nagar, Gulab
Road",7,10,9,54,13,16,15,189,213,200,,,,No,199812341
662,Uttar Pradesh,Raebareli,"Khoya mandi Tiraha Lucknow Road
Raebareli",12,16,14,54,17,21,19,61,464,275,,,,No,199812341
663,Uttar Pradesh,Raebareli,Amawan Road Ind. Area Raebareli,7,11,10,54,14,18,17,110,399,204,,,,No,199812341
664,Uttar Pradesh,Saharanpur,"SRE-A, IIT Roorkee, Saharanpur Campus",9,25,16,92,18,26,23,47,417,194,,,,No,199812341
665,Uttar Pradesh,Saharanpur,"UPCL S.E. Office, Near Clock Tower",10,23,16,91,19,27,24,60,360,187,,,,No,199812341
666,Uttar Pradesh,Unnao,"H. No. 5, Krishna Nagar",7,11,9,74,24,30,26,47,1073,235,,,,No,199812341
667,Uttar Pradesh,Unnao,"IIA Building, Industrial Area, Site 10",8,11,9,74,26,29,27,56,569,233,,,,No,199812341
668,Uttar Pradesh,Varanasi,"Regional Office, Jawahar Nagar",4,14,9,98,9,83,35,73,803,188,,,,No,199812341
669,Uttar Pradesh,Varanasi,Sigra,3,14,9,191,7,84,34,97,492,191,,,,No,199812341
670,Uttar Pradesh,Varanasi,Saket Nagar,6,15,10,93,20,47,32,80,372,153,,,,No,199812341
671,Uttar Pradesh,Varanasi,Banaras Hindu University,6,12,9,91,15,42,30,95,394,170,,,,No,199812341
672,Uttar Pradesh,Varanasi,Chandpur,9,16,11,88,26,64,41,95,345,167,,,,No,199812341
673,Uttarakhand,Dehradun,"Raipur Road, Near parag Diary",21,26,23,69,26,30,28,50,344,167,,,,No,10086292
674,Uttarakhand,Dehradun,"Clock Tower, PWD Guest House",23,27,25,70,27,31,29,52,334,165,,,,No,10086292
675,Uttarakhand,Dehradun,Himalaya Drug Co. Near ISBT,23,28,26,68,27,32,29,79,174,105,,,,No,10086292
676,Uttarakhand,Haldwani,Govt. Women Hospital,5,32,8,103,21,46,28,142,185,166,,,,No,10086292
677,Uttarakhand,Haridwar,"SIDCUL, Haridwar",16,23,20,66,20,27,24,41,388,196,,,,No,10086292
678,Uttarakhand,Kashipur,"BSNL Office, Kashipur",13,24,14,97,22,31,23,41,388,194,,,,No,10086292
679,Uttarakhand,Rishikesh,Nagar Palika Parishad,19,25,22,78,25,29,27,77,305,176,,,,No,10086292
680,Uttarakhand,Rudrapur,SIDCUL Office,12,23,14,87,21,30,23,63,236,142,,,,No,10086292
681,West Bengal,Alipurduar,Rabikanta High School,2,11,7,103,13,48,33,94,356,210,,,,No,91276115
682,West Bengal,Alipurduar,Jaigaon Police Station,2,12,7,102,15,50,34,93,150,127,,,,No,91276115
683,West Bengal,Alipurduar,Birpara Police Station,2,13,7,104,13,48,32,128,218,171,,,,No,91276115
684,West Bengal,Amtala,"P Roy Industrial Training Institute, Amtala",2,12,7,104,26,53,40,145,260,205,,,,No,91276115
685,West Bengal,Asansol,Asansol Municipal Corporation,8,18,15,104,26,53,43,92,218,111,,,,No,91276115
686,West Bengal,Asansol,"Kangsabati Spinning Mill, Barjora",7,19,15,104,23,55,44,104,161,131,,,,No,91276115
687,West Bengal,Asansol,"Burnpur Town Department, Burnpur",11,18,15,104,27,53,44,109,236,132,,,,No,91276115
688,West Bengal,Baharampur,Baharampur Municipality,2,22,7,104,16,49,25,99,215,137,,,,No,91276115
689,West Bengal,Balurghat,Balurghar College,2,12,6,104,13,50,33,110,277,132,,,,No,91276115
690,West Bengal,Bankura,Bankura Municipility,2,14,2,104,14,32,20,43,157,78,,,,No,91276115
691,West Bengal,Barasat,"Barasat Municipility, 73 Rishi Bankim",2,20,8,103,11,50,27,44,156,83,,,,No,91276115
692,West Bengal,Bardhaman,"Bardhaman Town, Rajbati",2,14,2,104,15,33,20,47,210,79,,,,No,91276115
693,West Bengal,Barrackpore,Barrackpore Municiaplity,2,19,8,104,15,44,27,33,254,84,,,,No,91276115
694,West Bengal,Barrackpore,Dum Dum Telephone Exchange,3,16,8,103,17,53,28,84,261,182,,,,No,91276115
695,West Bengal,Barrackpore,Khardah Municipality,4,21,8,103,16,51,28,94,262,184,,,,No,91276115
696,West Bengal,Baruipur,"Bauipur Police Station, Baruipur",2,16,7,104,28,58,40,98,258,187,,,,No,91276115
697,West Bengal,Bolpur,Bolpur Municipility,2,15,2,104,15,33,20,67,455,107,,,,No,91276115
698,West Bengal,Chinsura,"Chinsura Municipility, Pipulpati Auto Stand",2,18,7,104,15,47,26,47,217,89,,,,No,91276115
699,West Bengal,Coochbehar,ABM Seal College,2,14,7,104,13,49,33,61,141,99,,,,No,91276115
700,West Bengal,Coochbehar,"Uttarbanga Krishi Visvavidyalaya, Pundibari",2,11,6,104,13,47,32,57,567,118,,,,No,91276115
701,West Bengal,Dankuni,"Krishnanagar Municipility, Dankuni",2,18,7,104,13,44,25,63,136,103,,,,No,91276115
702,West Bengal,Darjeeling,Bose Institute Campus,2,10,5,104,13,45,30,69,307,112,,,,No,91276115
703,West Bengal,Durgapur,"DMC Water Works, Angadpur",9,17,15,104,24,53,44,71,305,116,,,,No,91276115
704,West Bengal,Durgapur,"Kwality Hotel, Bhiringi More, Benachiti",2,18,15,104,24,56,43,82,445,117,,,,No,91276115
705,West Bengal,Durgapur,"Bidhannagar, PCBL Club, Muchipara",7,22,11,103,24,48,32,28,270,87,,,,No,91276115
706,West Bengal,Durgapur,"Dew India Limited, PCBL More, Durgapur",2,18,15,104,20,53,44,62,140,98,,,,No,91276115
707,West Bengal,Ghatal,"Annapurna Hotel, Ghatal-Panskura Bus
Stand",2,22,10,107,30,48,39,53,324,112,,,,No,91276115
708,West Bengal,Haldia,"Debhog Milan Viyapith, Bhabanipur",4,19,9,107,31,50,39,45,173,80,,,,No,91276115
709,West Bengal,Haldia,"Bhunia Raichak, Driver's Hut, Bhunia",3,22,10,105,28,48,38,44,179,79,,,,No,91276115
710,West Bengal,Haldia,"Supermarket Building, Durgachak",2,20,9,106,30,49,38,58,349,107,,,,No,91276115
711,West Bengal,Haldia,WBIIDC Ruchi Soya Ind. Durgachak,2,20,9,106,30,47,37,42,85,57,,,,No,91276115
712,West Bengal,Howrah,Howrah Municipal Corporation,5,26,13,105,31,52,42,102,262,183,,,,No,91276115
713,West Bengal,Howrah,"Naskarpara Pump House, Ghuseri",3,21,11,107,30,57,39,92,272,182,,,,No,91276115
714,West Bengal,Howrah,"CDS & Health Centre, Bator",6,23,12,104,32,49,40,87,249,136,,,,No,91276115
715,West Bengal,Howrah,"Howrah Municipality School, Bandhaghat",4,23,12,104,32,49,40,93,253,192,,,,No,91276115
716,West Bengal,Jalpaiguri,Raninagar Jalpaigur,2,12,6,106,14,49,33,39,278,93,,,,No,91276115
717,West Bengal,Jhargram,Jhargram,3,19,9,105,29,48,37,37,280,89,,,,No,91276115
718,West Bengal,Kalimpong,Kalimpong Municipality,2,10,6,104,13,47,31,47,171,85,,,,No,91276115
719,West Bengal,Kalyani,"College of Medicine & JNM Hospital, Kalyani
Industrial Area",2,20,7,104,15,49,26,35,269,85,,,,No,91276115
720,West Bengal,Kharagpur,"AMD Building, TATA Bearing",5,24,13,106,31,52,41,33,221,84,,,,No,91276115
721,West Bengal,Kolkata,"Salt Lake, Rooftop of CK Market",2,13,7,104,24,59,38,75,453,254,,,,Yes,91276115
722,West Bengal,Kolkata,"KMC office Building, Moulali",2,18,9,104,31,86,46,44,442,127,,,,Yes,91276115
723,West Bengal,Kolkata,"Minto Park, Inside Park AJC Bose Road",3,15,8,104,23,72,40,54,338,153,,,,Yes,91276115
724,West Bengal,Kolkata,"Dunlop Bridge, National Sample Survey",4,18,10,104,27,84,47,56,367,164,,,,Yes,91276115
725,West Bengal,Kolkata,"Behala Chowrasta, Traffic Guard Building",3,18,8,104,25,77,42,50,131,76,,,,Yes,91276115
726,West Bengal,Kolkata,"Upanagari Sporting Club, Baishnabghata",2,17,8,104,27,69,42,36,169,79,,,,Yes,91276115
727,West Bengal,Kolkata,"Cossipore Police Station, B.T. Road",2,35,10,80,5,206,54,42,95,58,,,,Yes,91276115
728,West Bengal,Kolkata,"Dalhousie Square, Lal Bazzar Police Headqtr.",2,36,9,80,5,141,51,75,534,113,,,,Yes,91276115
729,West Bengal,Kolkata,Kasba,2,37,5,79,5,105,30,46,651,194,,,,Yes,91276115
730,West Bengal,Kolkata,RD CPCB,2,22,4,111,6,89,33,24,258,89,,,,Yes,91276115
731,West Bengal,Kolkata,"Infectious Diseases & BG Hospital,
Beliaghata",2,18,8,104,25,65,40,42,394,118,,,,Yes,91276115
732,West Bengal,Kolkata,"CESC Building, Mandeville Gardens,
Gariahat",2,13,7,104,27,71,40,26,316,101,,,,Yes,91276115
733,West Bengal,Kolkata,"Administrative Building, Hyde Road",3,20,11,104,33,68,50,21,385,125,,,,Yes,91276115
734,West Bengal,Kolkata,"KMC Drainage, Pumping Station, 9
Mominpur Road, Mominpur",2,14,7,104,27,60,38,27,334,100,,,,Yes,91276115
735,West Bengal,Kolkata,Paribesh Bhawan,2,20,7,104,26,67,40,30,379,104,,,,Yes,91276115
736,West Bengal,Kolkata,"Milan Tirtha Club, Picnic Garden",2,22,9,104,27,65,47,14,568,126,,,,Yes,91276115
737,West Bengal,Kolkata,"Public Health Engineering Office Building,
Rajarhar",2,20,7,104,25,63,39,16,610,103,,,,Yes,91276115
738,West Bengal,Kolkata,"Tennis Club Biulding, 45-46 Canal West
Road, Fariapukur, Shyambazar",3,17,9,104,29,71,43,18,318,91,,,,Yes,91276115
739,West Bengal,Kolkata,"Elite India Rubber Products Pvt.Ltd., Topsia",3,17,9,104,28,81,45,14,354,102,,,,Yes,91276115
740,West Bengal,Kolkata,"Maniktala Fire Station Building, 17, Bagmari
Lane, Ultadanga",3,23,9,104,29,78,44,23,281,96,,,,Yes,91276115
741,West Bengal,Kolkata,Tollygunge,2,12,7,104,25,56,40,23,281,80,,,,Yes,91276115
742,West Bengal,Krishnanagar,"Krishnanagar Municipility, TN Thakur Road",2,15,7,104,15,44,26,71,334,151,,,,No,91276115
743,West Bengal,Madhyamgram,Madhyamgram Municipality,2,20,8,103,11,50,27,29,259,78,,,,No,91276115
744,West Bengal,Malda,"WBPCB Office, Paribesh Bhaban, Vill.
Abhirampur",2,13,7,105,14,49,34,19,312,98,,,,No,91276115
745,West Bengal,Medinipur,Vidyasagar University,4,18,9,107,30,47,38,40,260,94,,,,No,91276115
746,West Bengal,Purulia,Purulia Municipility,2,13,2,104,14,32,20,27,279,92,,,,No,91276115
747,West Bengal,Raigunj,Raigunj College,2,28,7,104,13,48,32,35,350,110,,,,No,91276115
748,West Bengal,Rampurhat,Rampurhat Municipility,2,12,2,104,15,33,20,27,356,114,,,,No,91276115
749,West Bengal,Ranaghat,"Ranaghat Municipility, 11 school lane",2,17,7,104,15,57,26,29,339,115,,,,No,91276115
750,West Bengal,Raniganj,Raniganj Municipality,10,19,15,104,24,52,44,23,282,89,,,,No,91276115
751,West Bengal,Raniganj,"Mangalpur, SKS School Mangalpur",8,18,15,104,20,54,44,72,316,107,,,,No,91276115
752,West Bengal,Raniganj,Jamuria Municipality,7,20,15,104,19,53,44,57,567,118,,,,No,91276115
753,West Bengal,Rishra,Rishra Municipility,2,21,8,104,11,51,27,54,218,101,,,,No,91276115
754,West Bengal,Sankrail,Bharat Co-op Housing Society,2,23,9,104,29,50,37,35,181,80,,,,No,91276115
755,West Bengal,Sankrail,"Bagan Police Station, Bagan",3,23,10,104,30,50,38,55,135,95,,,,No,91276115
756,West Bengal,Sankrail,Dhulagar Gram Pachayat,5,23,12,106,30,49,40,46,160,78,,,,No,91276115
757,West Bengal,Sankrail,"P Mukherjee's House, Near SBI Amta",4,34,11,104,31,48,38,58,158,102,,,,No,91276115
758,West Bengal,Siliguri,Siliguri,2,13,6,104,17,46,33,65,409,112,,,,No,91276115
759,West Bengal,Suri,Suri Municipility,2,15,2,104,15,34,20,86,263,188,,,,No,91276115
760,West Bengal,Tamluk,"HP Gas Service Station, Maniktala",3,23,10,106,30,59,38,89,254,185,,,,No,91276115
761,West Bengal,Tribeni,Tribeni Health Center,2,16,7,104,12,43,25,78,261,186,,,,No,91276115
762,West Bengal,Uluberia,"ESI hospital nursing building, 3rd floor, Near
Sahib Mandir",3,23,10,104,30,50,39,51,574,118,,,,No,91276115