,State,City,Location,2020 SO2 Minimum,2020 SO2 Maximum,2020 SO2 Annual Average,2020 NO2 Minimum,2020 NO2 Maximum,2020 NO2 Annual Average,2020 PM10 Minimum,2020 PM10 Maximum,2020 PM10 Annual Average,2020 PM2.5 Minimum,2020 PM2.5 Maximum,2020 PM2.5 Annual Average,Is metropolitan city?,State Population 2011
0,Andhra Pradesh,Anantapur,Kamala Nagar,5.0,13.0,6.0,10.0,30.0,15.0,30,247,66.0,18,47,31.0,No,49386799.0
1,Andhra Pradesh,Anantapur,APIIC Zonl office industrial estate,4.0,12.0,6.0,10.0,23.0,15.0,28,92,60.0,4,92,23.0,No,49386799.0
2,Andhra Pradesh,Anantapur,"D.No.6/5/545, Ram Nagar Colony",4.0,12.0,5.0,10.0,27.0,14.0,25,93,54.0,8,30,13.0,No,49386799.0
3,Andhra Pradesh,Chitoor,GNC Toll Gate Tirumala,2.0,10.0,5.0,5.0,55.0,17.0,9,121,44.0,13,39,24.0,No,49386799.0
4,Andhra Pradesh,Chitoor,"Near Nutrine Confectionery, Palamaner Road",4.0,6.0,5.0,9.0,18.0,12.0,25,104,48.0,8,40,21.0,No,49386799.0
5,Andhra Pradesh,Chitoor,"O/O Mines and Geology, Old Collector Office,
Greamspet",4.0,11.0,5.0,9.0,17.0,11.0,21,105,41.0,4,47,26.0,No,49386799.0
6,Andhra Pradesh,Chitoor,"Sankar Foundary, Industrial Estate, Adjacent of
DIC Office",4.0,6.0,5.0,9.0,19.0,11.0,25,90,42.0,12,45,32.0,No,49386799.0
7,Andhra Pradesh,Chitoor,"Rangachari street, Shanthapeta.",4.0,6.0,4.0,9.0,17.0,11.0,20,89,39.0,4,36,19.0,No,49386799.0
8,Andhra Pradesh,Eluru,Ashram Diagnostic Centre,4.0,6.0,5.0,14.0,23.0,18.0,25,74,61.0,10,67,34.0,No,49386799.0
9,Andhra Pradesh,Eluru,"M/s Laxmi Propylene Ltd., Plot.No. 25, Industrial
Park, Satrampadu",4.0,6.0,5.0,14.0,22.0,17.0,28,72,60.0,15,27,23.0,No,49386799.0
10,Andhra Pradesh,Eluru,"Somalingeswara nilayam D.N.7B-18-5, Thooru
Veedhi, Eastern street, Paidichintaadu",4.0,6.0,5.0,14.0,22.0,17.0,22,70,60.0,16,26,20.0,No,49386799.0
11,Andhra Pradesh,Guntur,"Near Hindu College, Market Road",4.0,6.0,5.0,15.0,66.0,18.0,34,133,62.0,10,36,23.0,No,49386799.0
12,Andhra Pradesh,Kadapa,"Near ICL Industries, Yerragunta, YSR",4.0,16.0,6.0,14.0,25.0,17.0,25,103,42.0,13,30,23.0,No,49386799.0
13,Andhra Pradesh,Kadapa,"Devi Diabetes & Hormone Centre, 7 Roads",4.0,17.0,6.0,10.0,24.0,14.0,25,85,47.0,17,29,24.0,No,49386799.0
14,Andhra Pradesh,Kadapa,"DIC Office,Kadapa",4.0,15.0,6.0,10.0,22.0,13.0,22,79,44.0,13,29,21.0,No,49386799.0
15,Andhra Pradesh,Kadapa,Rajiv Gandhi Institute of Medical Sciences,4.0,15.0,5.0,10.0,36.0,14.0,24,86,53.0,15,29,20.0,No,49386799.0
16,Andhra Pradesh,Kadapa,Municipal Primary School,4.0,15.0,5.0,9.0,22.0,12.0,16,70,37.0,8,81,34.0,No,49386799.0
17,Andhra Pradesh,Kakinada,Office Building Ramanayyapeta,4.0,13.0,7.0,9.0,24.0,13.0,21,89,49.0,5,77,31.0,No,49386799.0
18,Andhra Pradesh,Kakinada,"Gram Panchayathi building, Suryaraopeta",5.0,13.0,8.0,9.0,22.0,13.0,12,151,50.0,8,69,32.0,No,49386799.0
19,Andhra Pradesh,Kakinada,"MEE Seva / MEPMA Office, Sailipeta",5.0,12.0,7.0,10.0,23.0,14.0,11,170,54.0,5,57,24.0,No,49386799.0
20,Andhra Pradesh,Kakinada,"Petro Chemical Engineering Block, JNTU ,
Pithapuram Road",4.0,11.0,7.0,9.0,19.0,13.0,12,129,48.0,10,75,38.0,No,49386799.0
21,Andhra Pradesh,Kurnool,"Mourya Inn, Krishna Nagar",4.0,19.0,5.0,9.0,20.0,12.0,12,115,48.0,11,65,30.0,No,49386799.0
22,Andhra Pradesh,Kurnool,"APIIC Building Industrial estate, Kallur at IDA
Bobbili Growth Center",4.0,13.0,6.0,9.0,24.0,13.0,18,85,45.0,6,82,31.0,No,49386799.0
23,Andhra Pradesh,Kurnool,Rajvihar Circle,5.0,16.0,6.0,9.0,28.0,14.0,12,121,57.0,7,55,25.0,No,49386799.0
24,Andhra Pradesh,Kurnool,"Pump House, Venkataramana Colony",4.0,20.0,5.0,10.0,22.0,16.0,25,94,69.0,9,38,24.0,No,49386799.0
25,Andhra Pradesh,Nellore,"Venkatareddy Nagar, Vedayapalem",4.0,12.0,5.0,9.0,23.0,12.0,14,73,39.0,10,48,24.0,No,49386799.0
26,Andhra Pradesh,Nellore,"D. No.15-471, James Garden, Venkata
Ramapuram, Nellore, SPSR Nellore District",4.0,5.0,5.0,12.0,26.0,17.0,41,72,60.0,9,219,49.0,No,49386799.0
27,Andhra Pradesh,Nellore,Chandramouli nagar,4.0,5.0,5.0,14.0,24.0,17.0,42,75,60.0,17,153,57.0,No,49386799.0
28,Andhra Pradesh,Nellore,"Dr.P.V. Rama chandra Reddy Hospital,
Brindavnam",4.0,5.0,5.0,14.0,24.0,17.0,39,67,54.0,15,158,53.0,No,49386799.0
29,Andhra Pradesh,Ongole,Near Court Center,4.0,6.0,5.0,12.0,25.0,17.0,37,103,54.0,7,250,71.0,No,49386799.0
30,Andhra Pradesh,Ongole,"APIIC, Administrative Office, Growth Centre,
Gundlapalli",4.0,11.0,5.0,12.0,23.0,17.0,31,77,51.0,11,186,55.0,No,49386799.0
31,Andhra Pradesh,Ongole,Ongole Municipal Corporation,4.0,6.0,5.0,11.0,24.0,17.0,29,69,48.0,9,187,55.0,No,49386799.0
32,Andhra Pradesh,Ongole,Prakasam Milk Product Compay,4.0,6.0,5.0,11.0,20.0,17.0,29,75,49.0,7,236,63.0,No,49386799.0
33,Andhra Pradesh,"Rajahmundry/
Rajamahendravaram","Staff Clud Building, A.P. Paper Mill",5.0,14.0,9.0,12.0,20.0,17.0,28,73,49.0,7,197,56.0,No,49386799.0
34,Andhra Pradesh,"Rajahmundry/
Rajamahendravaram","GAIL Administrative Office, A.V. Apparao Road",5.0,11.0,8.0,10.0,24.0,15.0,13,144,61.0,23,59,30.0,No,49386799.0
35,Andhra Pradesh,"Rajahmundry/
Rajamahendravaram","APEPDCL, Circle Office Godavari Gattu",5.0,16.0,8.0,9.0,23.0,13.0,12,141,54.0,18,38,28.0,No,49386799.0
36,Andhra Pradesh,Srikakulam,"SAMKRG Pistons Quarters Bulding, Near IDA,
Pydibhimavaram",5.0,14.0,7.0,9.0,23.0,13.0,14,170,60.0,15,32,24.0,No,49386799.0
37,Andhra Pradesh,Srikakulam,District cooparative office at SKLM Old Bridge,5.0,12.0,7.0,12.0,22.0,18.0,21,177,65.0,21,56,37.0,No,49386799.0
38,Andhra Pradesh,Srikakulam,"APIIC, Kushalapuram",5.0,13.0,7.0,11.0,23.0,18.0,24,158,63.0,19,46,34.0,No,49386799.0
39,Andhra Pradesh,Srikakulam,"Muncipal corporation Office, Old Bustand",5.0,13.0,7.0,11.0,26.0,17.0,22,113,60.0,12,37,19.0,No,49386799.0
40,Andhra Pradesh,Tirupati,"Regional Science Centre, Chittoor Bypass",4.0,5.0,4.0,10.0,27.0,17.0,23,149,56.0,11,30,17.0,No,49386799.0
41,Andhra Pradesh,Tirupati,"Municipal Office, Tilak Road",4.0,7.0,5.0,9.0,16.0,11.0,21,98,37.0,13,41,21.0,No,49386799.0
42,Andhra Pradesh,Tirupati,"APPCB-Regional Office, 1st Floor, APSFC Building,
NT road",4.0,12.0,5.0,9.0,23.0,12.0,28,95,49.0,9,35,18.0,No,49386799.0
43,Andhra Pradesh,Tirupati,"Sri Venkateswara Guest House (TTD SV Rest
House), Near APSRTC Bus Stand",4.0,6.0,5.0,9.0,17.0,11.0,18,97,37.0,10,35,22.0,No,49386799.0
44,Andhra Pradesh,Vijaywada,"NTR Veterinary college of sciences, Gannavaram",4.0,5.0,5.0,9.0,20.0,12.0,27,99,47.0,9,47,20.0,No,49386799.0
45,Andhra Pradesh,Vijaywada,"VR Siddhartha Engineering college , Kanuru",4.0,12.0,5.0,14.0,20.0,17.0,39,83,58.0,12,31,23.0,No,49386799.0
46,Andhra Pradesh,Vijaywada,"APIIC, IALA, IDA, Kondaplli",4.0,6.0,5.0,14.0,20.0,17.0,31,68,47.0,18,45,33.0,No,49386799.0
47,Andhra Pradesh,Vijaywada,Benz Circle,4.0,7.0,5.0,13.0,19.0,17.0,39,83,60.0,15,43,31.0,No,49386799.0
48,Andhra Pradesh,Vijaywada,Autonagar,4.0,6.0,5.0,12.0,33.0,17.0,38,102,61.0,18,44,32.0,No,49386799.0
49,Andhra Pradesh,Vijaywada,Police Control Room,4.0,12.0,5.0,13.0,22.0,17.0,37,90,60.0,12,39,28.0,No,49386799.0
50,Andhra Pradesh,Vijaywada,"A.P. Pollution Control Board, plot no. 41, Sri
Kanakadurga Officers colony, Gurunank Road",4.0,6.0,5.0,14.0,21.0,17.0,40,88,59.0,10,30,22.0,No,49386799.0
51,Andhra Pradesh,Vijaywada,"Gram Panchayat Office, Yenamalakuduru",4.0,13.0,5.0,14.0,26.0,17.0,33,88,54.0,20,676,123.0,No,49386799.0
52,Andhra Pradesh,Vijaywada,"Indian Medical Association Hall,Eluru Road,
Governorpet",4.0,6.0,5.0,13.0,29.0,16.0,32,88,48.0,22,865,145.0,No,49386799.0
53,Andhra Pradesh,Vishakhapatnam,"Industrial Estate, Marripalem",5.0,15.0,9.0,14.0,28.0,17.0,40,96,58.0,21,445,114.0,No,49386799.0
54,Andhra Pradesh,Vishakhapatnam,"Panchayat Raj office, Mindi",5.0,14.0,8.0,13.0,30.0,20.0,28,172,87.0,18,334,76.0,No,49386799.0
55,Andhra Pradesh,Vishakhapatnam,Police Barracks,5.0,18.0,9.0,11.0,26.0,18.0,27,154,76.0,13,43,30.0,No,49386799.0
56,Andhra Pradesh,Vishakhapatnam,Seethammadhara,5.0,15.0,7.0,12.0,29.0,20.0,23,156,75.0,20,43,30.0,No,49386799.0
57,Andhra Pradesh,Vishakhapatnam,Ganapuram Area,5.0,15.0,9.0,11.0,29.0,18.0,21,119,57.0,20,43,31.0,No,49386799.0
58,Andhra Pradesh,Vishakhapatnam,"Pedagantyada (V), Gajuwada (M)",5.0,17.0,7.0,13.0,30.0,20.0,30,188,91.0,20,50,29.0,No,49386799.0
59,Andhra Pradesh,Vishakhapatnam,"CWMP, RAMKY, Parawada",5.0,20.0,8.0,12.0,29.0,17.0,19,180,74.0,23,54,33.0,No,49386799.0
60,Andhra Pradesh,Vishakhapatnam,MVP Raitu Bajar,5.0,14.0,7.0,13.0,31.0,19.0,23,196,77.0,20,46,32.0,No,49386799.0
61,Andhra Pradesh,Vizianagaram,"Industrial Growth Centre, APIIC Building at IDA
Bobbili",5.0,12.0,7.0,12.0,29.0,17.0,21,135,60.0,18,47,32.0,No,49386799.0
62,Andhra Pradesh,Vizianagaram,"APIIC Building, VT Agraharam,Industrial area",5.0,17.0,8.0,11.0,20.0,16.0,31,116,65.0,20,42,29.0,No,49386799.0
63,Andhra Pradesh,Vizianagaram,Muncipal Kaspa High School,5.0,15.0,8.0,7.0,25.0,17.0,30,119,63.0,3,80,36.0,No,49386799.0
64,Andhra Pradesh,Vizianagaram,Municipal Office,5.0,13.0,7.0,11.0,24.0,18.0,29,101,58.0,5,70,23.0,No,49386799.0
65,Assam,Bongaigaon,"Oil India Ltd. PS-6, Chirang",3.0,11.0,4.0,11.0,25.0,18.0,31,109,58.0,20,42,30.0,No,31205576.0
66,Assam,Bongaigaon,Barpara Office Building,3.0,10.0,4.0,10.0,17.0,11.0,33,112,52.0,19,42,29.0,No,31205576.0
67,Assam,Daranga,"BATAD, Sandoop Jhankar town of Bhutan, Baska",5.0,9.0,6.0,9.0,16.0,11.0,30,98,47.0,21,57,34.0,No,31205576.0
68,Assam,Dibrugarh,Dibrugarh Office Building,4.0,8.0,5.0,9.0,16.0,12.0,13,76,29.0,21,40,28.0,No,31205576.0
69,Assam,Golaghat,Golaghat Office Building,4.0,8.0,6.0,8.0,17.0,11.0,11,62,26.0,23,52,33.0,No,31205576.0
70,Assam,Guwahati,"Head Office, Bamunimaidam",5.0,13.0,8.0,9.0,16.0,12.0,16,92,51.0,10,44,28.0,No,31205576.0
71,Assam,Guwahati,"Boragaon, IASST, Kamrup",4.0,9.0,6.0,6.0,25.0,13.0,22,329,107.0,11,36,25.0,No,31205576.0
72,Assam,Guwahati,"Guwahati University, Kamrup",3.0,8.0,6.0,10.0,18.0,13.0,14,184,56.0,10,42,25.0,No,31205576.0
73,Assam,Guwahati,"ITI Building, Gopinath Nagar",4.0,10.0,6.0,8.0,18.0,13.0,14,165,62.0,18,176,41.0,No,31205576.0
74,Assam,Guwahati,"Khanapara, Central Dairy, Kamrup",4.0,8.0,6.0,7.0,17.0,13.0,29,279,104.0,10,38,23.0,No,31205576.0
75,Assam,Guwahati,"Near Pragjyotish College, Santipur",4.0,9.0,6.0,8.0,17.0,13.0,16,256,93.0,10,36,24.0,No,31205576.0
76,Assam,Margherita,Coal India Office,4.0,8.0,6.0,7.0,18.0,13.0,39,307,94.0,10,86,28.0,No,31205576.0
77,Assam,Nagaon,"Water Resources Div., Christian Patty, Nagaon
College",3.0,8.0,6.0,8.0,17.0,12.0,10,63,31.0,10,78,27.0,No,31205576.0
78,Assam,Nalbari,"PWD Rural Div Office Complex, near Gordon
Boy's GS School",5.0,7.0,6.0,6.0,17.0,13.0,27,197,74.0,15,45,32.0,No,31205576.0
79,Assam,North Lakhimpur,"Bazar Patti, North Lakhimpur Town",4.0,7.0,5.0,9.0,15.0,13.0,18,125,54.0,11,40,31.0,No,31205576.0
80,Assam,Silchar,"Govt. Boys HS School, Janiganj",5.0,10.0,7.0,10.0,15.0,13.0,13,98,46.0,10,50,25.0,No,31205576.0
81,Assam,Silchar,"RLO, Ithkola Market, Ghaniwala Road",4.0,10.0,7.0,8.0,14.0,11.0,29,58,50.0,10,68,29.0,No,31205576.0
82,Assam,Sivasagar,Sibasagar Office Building,4.0,8.0,5.0,7.0,12.0,10.0,14,46,36.0,10,49,24.0,No,31205576.0
83,Assam,Sivasagar,"Usha Lodge, near ONGCL Colony",4.0,8.0,6.0,9.0,16.0,11.0,14,81,43.0,11,58,34.0,No,31205576.0
84,Assam,Tezpur,Tezpur Office Building,4.0,9.0,6.0,9.0,16.0,12.0,22,82,54.0,13,60,42.0,No,31205576.0
85,Assam,Tinsukia,"Digboi Carbon factory Campus, Borguri",4.0,8.0,5.0,7.0,15.0,13.0,13,124,53.0,12,53,34.0,No,31205576.0
86,Assam,Tinsukia,"Shreepuria, Borguri",4.0,8.0,6.0,8.0,17.0,12.0,12,86,38.0,12,35,23.0,No,31205576.0
87,Assam,Patna,"Beltron Bhawan, Shastri Nagar",2.0,7.0,3.0,9.0,16.0,12.0,13,96,42.0,12,40,30.0,Yes,31205576.0
88,Assam,Patna,"Gandhi Maidan, Auto Exhaust Test Centre
(Parivesh Bhawan)",2.0,12.0,3.0,5.0,98.0,33.0,21,423,150.0,11,92,26.0,Yes,31205576.0
89,Chandigarh,Chandigarh,"Modern Foods, Industrial Area",2.0,2.0,2.0,12.0,82.0,25.0,12,384,142.0,12,67,28.0,No,1055450.0
90,Chandigarh,Chandigarh,Sector-17 C,2.0,2.0,2.0,5.0,45.0,20.0,16,322,110.0,13,59,41.0,No,1055450.0
91,Chandigarh,Chandigarh,"Punjab Engineering College, Sector- 12",2.0,2.0,2.0,5.0,32.0,15.0,14,230,84.0,10,43,27.0,No,1055450.0
92,Chandigarh,Chandigarh,"Sector-39, IMTECH",2.0,2.0,2.0,5.0,28.0,13.0,13,221,85.0,2,64,20.0,No,1055450.0
93,Chandigarh,Chandigarh,Kaimbwala Village,2.0,2.0,2.0,5.0,36.0,15.0,11,293,93.0,34,95,61.0,No,1055450.0
94,Chattisgarh,Bilaspur,"Regional Office, CECB Vyapar Vihar",4.0,7.0,5.0,5.0,52.0,13.0,11,237,90.0,4,36,12.0,No,25545198.0
95,Chattisgarh,Durg-Bhillainagar,"Visak Hostel, Sector-4",4.0,8.0,5.0,11.0,14.0,12.0,39,63,55.0,13,72,34.0,No,25545198.0
96,Chattisgarh,Durg-Bhillainagar,"R.O., 5/32 Banglow Office Building",3.0,7.0,4.0,6.0,15.0,9.0,41,76,59.0,17,74,44.0,No,25545198.0
97,Chattisgarh,Durg-Bhillainagar,M.P. Laghu Udyog Nigam,4.0,10.0,7.0,5.0,14.0,7.0,36,68,48.0,3,38,10.0,No,25545198.0
98,Chattisgarh,Durg-Bhillainagar,"CSIDC Industrial Growth Center, Borai, Durg",4.0,9.0,7.0,6.0,19.0,12.0,37,89,67.0,7,54,20.0,No,25545198.0
99,Chattisgarh,Korba,"HIG 21,22.Near Ghantaghar, MP Extension",4.0,9.0,7.0,6.0,16.0,11.0,43,84,64.0,7,37,21.0,No,25545198.0
100,Chattisgarh,Korba,"Pragati Nagar NTPC Colony, Jamnipali",5.0,8.0,7.0,16.0,19.0,17.0,32,91,46.0,12,30,17.0,No,25545198.0
101,Chattisgarh,Korba,"I.T.I., Rampur",6.0,10.0,8.0,15.0,19.0,17.0,31,74,40.0,13,26,19.0,No,25545198.0
102,Chattisgarh,Raipur,"New HIG-9, Hirapur/Housing Board Complex
Kabir Nagar",8.0,20.0,13.0,16.0,19.0,18.0,40,109,53.0,12,59,31.0,No,25545198.0
103,Chattisgarh,Raipur,M/S Wool Worth India Pvt. Ltd. Sarora,6.0,18.0,13.0,14.0,34.0,22.0,25,93,48.0,17,69,33.0,No,25545198.0
104,Dadra & Nagar Haveli and Daman & Diu,"Baldevi (Dadra &
Nagar Haveli)","Baldevi Village, Athola, Dandul Faliya, Teh:Dadra
& Nagar Haveli",6.0,14.0,11.0,13.0,33.0,24.0,25,89,58.0,16,64,34.0,No,
105,Dadra & Nagar Haveli and Daman & Diu,Silvassa,"Khadoli Industrial Area, Khadoli",9.0,24.0,17.0,9.0,20.0,15.0,24,78,51.0,4,39,14.0,No,
106,Dadra & Nagar Haveli and Daman & Diu,Silvassa,"Chetan Guest House, Near Post Office, Piperia,
silvassa Char Rasta",9.0,23.0,16.0,13.0,29.0,22.0,31,86,51.0,11,77,32.0,No,
107,Dadra & Nagar Haveli and Daman & Diu,Daman,"Prima Plastic, Kadaiya Industrial Area, Kadaiya",8.0,22.0,16.0,12.0,27.0,21.0,38,87,55.0,11,76,35.0,No,
108,Dadra & Nagar Haveli and Daman & Diu,Daman,"Mashal Chawk, Nani Daman",7.0,15.0,12.0,12.0,27.0,21.0,33,96,68.0,9,70,28.0,No,
109,Dadra & Nagar Haveli and Daman & Diu,Patlara (Daman),"Makat Faliya/ Ambavadi, Patlara Village, Moti
Daman Teh:Daman",6.0,13.0,10.0,12.0,21.0,17.0,50,125,96.0,8,66,34.0,No,
110,Dadra & Nagar Haveli and Daman & Diu,Patlara (Daman),"ITO, BSZ Marg",4.0,12.0,5.0,9.0,18.0,14.0,45,126,90.0,4,14,8.0,No,
111,Dadra & Nagar Haveli and Daman & Diu,Patlara (Daman),Janakpuri,4.0,13.0,5.0,20.0,101.0,57.0,40,123,92.0,11,90,32.0,No,
112,Dadra & Nagar Haveli and Daman & Diu,Patlara (Daman),Nizamuddin,4.0,9.0,4.0,31.0,135.0,71.0,33,100,78.0,13,82,30.0,No,
113,Dadra & Nagar Haveli and Daman & Diu,Patlara (Daman),Pritampura,4.0,25.0,5.0,19.0,100.0,56.0,31,78,64.0,3,21,10.0,No,
114,Dadra & Nagar Haveli and Daman & Diu,Patlara (Daman),Shahadra,4.0,10.0,4.0,25.0,97.0,52.0,63,508,228.0,2,28,11.0,No,
115,Dadra & Nagar Haveli and Daman & Diu,Patlara (Daman),Shahzada Bagh,4.0,8.0,4.0,38.0,172.0,70.0,46,953,234.0,13,33,22.0,No,
116,Dadra & Nagar Haveli and Daman & Diu,Patlara (Daman),Siri Fort,4.0,9.0,4.0,20.0,100.0,60.0,34,814,179.0,7,28,15.0,No,
117,Goa,Amona,"Amona, Bicholim",6.0,11.0,8.0,11.0,15.0,13.0,54,557,213.0,9,56,18.0,No,1458545.0
118,Goa,Assanora,"Assanora Junction, Bardez",6.0,11.0,9.0,11.0,15.0,13.0,24,425,153.0,12,50,32.0,No,1458545.0
119,Goa,Bicholim,Bicholim,6.0,11.0,9.0,11.0,15.0,13.0,35,81,57.0,13,32,24.0,No,1458545.0
120,Goa,Codli,"Codli Tisk, Ponda, Sanguem",6.0,11.0,8.0,11.0,15.0,13.0,33,82,56.0,11,64,27.0,No,1458545.0
121,Goa,Cuncolim,Cuncolim,5.0,12.0,9.0,11.0,15.0,13.0,39,91,60.0,10,40,20.0,No,1458545.0
122,Goa,Honda,"Honda Junction, Sattari",5.0,11.0,9.0,11.0,15.0,13.0,38,103,56.0,8,68,25.0,No,1458545.0
123,Goa,Kundaim,Kundaim Industrial Estate,6.0,11.0,9.0,11.0,15.0,13.0,45,96,66.0,9,63,33.0,No,1458545.0
124,Goa,Mapusa,Mapusa town,2.0,7.0,2.0,5.0,24.0,9.0,39,94,62.0,7,33,14.0,No,1458545.0
125,Goa,Margao,Margao Town,6.0,11.0,8.0,11.0,15.0,13.0,33,90,61.0,10,57,28.0,No,1458545.0
126,Goa,Mormugao,"MPT Quarters Baina (earlier Fire Brigade Station,
Port Trust)",2.0,5.0,2.0,5.0,22.0,8.0,8,85,40.0,13,162,66.0,No,1458545.0
127,Goa,Panaji,"Old GSPCB premises, Patto",2.0,4.0,2.0,5.0,23.0,10.0,37,85,56.0,1,58,19.0,No,1458545.0
128,Goa,Ponda,Ponda Town,6.0,11.0,8.0,11.0,15.0,13.0,15,113,49.0,1,40,11.0,No,1458545.0
129,Goa,Sanguem,"Near Railway Station at Kalem, Sanguem",5.0,11.0,8.0,11.0,14.0,13.0,15,193,56.0,12,28,22.0,No,1458545.0
130,Goa,Tilamol,"Quepem, Tilamol",6.0,11.0,9.0,11.0,15.0,13.0,38,85,57.0,2,54,22.0,No,1458545.0
131,Goa,Tuem,Tuem Industrial Estate,6.0,11.0,8.0,11.0,15.0,13.0,38,83,55.0,16,40,28.0,No,1458545.0
132,Goa,Usgao,"Usgao Plae, Junction, Ponda",6.0,11.0,9.0,11.0,15.0,13.0,37,106,65.0,12,38,27.0,No,1458545.0
133,Goa,Vasco,"Fuse Call Office, Mormugao",2.0,10.0,2.0,5.0,33.0,9.0,37,80,55.0,12,145,67.0,No,1458545.0
134,Gujarat,Ahmedabad,"Naroda, G.I.D.C., Ahmadabad",5.0,22.0,14.0,7.0,26.0,17.0,43,104,64.0,31,132,67.0,Yes,60439692.0
135,Gujarat,Ahmedabad,Cadilla Bridge Narol,5.0,21.0,14.0,7.0,27.0,18.0,19,179,61.0,8,115,49.0,Yes,60439692.0
136,Gujarat,Ahmedabad,"Bhagavathi Estate, Keval Kanta Road, Rakhiyal",5.0,21.0,14.0,7.0,36.0,18.0,35,172,108.0,14,40,24.0,Yes,60439692.0
137,Gujarat,Ahmedabad,"Reliable Products, 61/62 Ilaben
estate,PiranaDump Site,Narol (previous Dyno
Wash)",5.0,26.0,15.0,7.0,31.0,19.0,30,131,102.0,17,42,25.0,Yes,60439692.0
138,Gujarat,Ahmedabad,L.D. Engg. College,5.0,22.0,13.0,7.0,27.0,16.0,35,176,93.0,18,67,41.0,Yes,60439692.0
139,Gujarat,Ahmedabad,"Shardaben Hospital, Saraspur",5.0,22.0,14.0,7.0,31.0,18.0,57,317,137.0,2,63,40.0,Yes,60439692.0
140,Gujarat,Ahmedabad,"R.C. Technical High School, Mirzapur",5.0,22.0,14.0,7.0,27.0,18.0,29,135,80.0,22,58,37.0,Yes,60439692.0
141,Gujarat,Ahmedabad,"AZL Behrampura, Ahmadabad",6.0,22.0,14.0,8.0,38.0,18.0,38,130,98.0,12,180,49.0,Yes,60439692.0
142,Gujarat,Anklesvar,Rallis India Ltd.,7.0,23.0,15.0,9.0,29.0,21.0,36,167,101.0,12,266,57.0,No,60439692.0
143,Gujarat,Anklesvar,"Durga Traders, Bhavanafarm Society",7.0,23.0,15.0,8.0,29.0,21.0,36,190,92.0,6,56,32.0,No,60439692.0
144,Gujarat,Jamnagar,Fisheries Office,6.0,25.0,14.0,8.0,28.0,17.0,38,127,94.0,6,121,37.0,No,60439692.0
145,Gujarat,Rajkot,Nr. Sardhara Industrial Corporation,7.0,25.0,15.0,8.0,30.0,18.0,34,120,89.0,9,105,31.0,No,60439692.0
146,Gujarat,Rajkot,GPCB Regional Offce,6.0,23.0,13.0,9.0,27.0,16.0,27,218,92.0,15,37,27.0,No,60439692.0
147,Gujarat,Surat,S.V.R. Engg. College,5.0,32.0,18.0,7.0,37.0,23.0,30,217,107.0,15,44,35.0,Yes,60439692.0
148,Gujarat,Surat,"B.R.C. High School, Udhna",5.0,38.0,22.0,7.0,43.0,27.0,27,172,87.0,23,109,43.0,Yes,60439692.0
149,Gujarat,Surat,Near Air India Office,5.0,37.0,19.0,6.0,40.0,24.0,35,163,93.0,19,104,42.0,Yes,60439692.0
150,Gujarat,Vadodara,"GPCB Office, Geri Vasahat",6.0,25.0,13.0,7.0,28.0,16.0,42,181,114.0,16,38,24.0,No,60439692.0
151,Gujarat,Vadodara,"Sterling Gelatin Guest House, Vill-Karakhadi Padia",6.0,22.0,15.0,9.0,28.0,20.0,36,144,93.0,17,42,32.0,No,60439692.0
152,Gujarat,Vadodara,Dandia Bazaar,6.0,25.0,14.0,7.0,29.0,17.0,28,121,78.0,15,43,29.0,No,60439692.0
153,Gujarat,Vadodara,CETP Nandesari,6.0,25.0,15.0,7.0,28.0,18.0,35,116,88.0,18,45,32.0,No,60439692.0
154,Gujarat,Vapi,"GEB, IIIrd Phase, GIDC",7.0,32.0,20.0,10.0,36.0,25.0,27,187,96.0,7,69,23.0,No,60439692.0
155,Gujarat,Vapi,"Vapi Nagar Palika, Vapi",6.0,23.0,14.0,8.0,28.0,19.0,37,205,104.0,6,60,22.0,No,60439692.0
156,Gujarat,Vapi,Housing Board,2.0,2.0,2.0,6.0,28.0,17.0,34,161,105.0,23,74,44.0,No,60439692.0
157,Gujarat,Damtal,Regional Office,2.0,2.0,2.0,5.0,10.0,7.0,28,109,76.0,14,56,33.0,No,60439692.0
158,Gujarat,Damtal,Old Road,2.0,2.0,2.0,5.0,10.0,7.0,22,137,59.0,13,113,56.0,No,60439692.0
159,Gujarat,Dharamshala,Kotwali Bazar Dharamshala,2.0,2.0,2.0,5.0,8.0,6.0,14,75,39.0,17,117,57.0,No,60439692.0
160,Gujarat,Dharamshala,"Daari, Dharamshala",2.0,2.0,2.0,5.0,8.0,5.0,11,108,40.0,8,135,57.0,No,60439692.0
161,Gujarat,Kala Amb,Kala Amb Industrial Area,2.0,6.0,4.0,10.0,19.0,15.0,48,179,95.0,13,63,37.0,No,60439692.0
162,Gujarat,Kala Amb,Kala Amb Town/Trilokpur,2.0,5.0,3.0,8.0,19.0,13.0,30,104,58.0,4,88,25.0,No,60439692.0
163,Gujarat,Manali,"Nehru Park, Manali, Kullu",2.0,3.0,2.0,5.0,15.0,7.0,9,72,35.0,13,88,38.0,No,60439692.0
164,Gujarat,Manali,"HPSPCB, Hadimba Road, Manali, Kullu",2.0,4.0,2.0,5.0,12.0,5.0,8,103,27.0,6,100,36.0,No,60439692.0
165,Gujarat,Nalagarh,Durga Mata Mandir (Municipal Council),2.0,2.0,2.0,5.0,28.0,16.0,34,141,86.0,18,179,69.0,No,60439692.0
166,Gujarat,Paonta Sahib,Paonta Sahib,2.0,6.0,3.0,5.0,21.0,12.0,25,150,68.0,18,87,38.0,No,60439692.0
167,Gujarat,Paonta Sahib,Gondhpur Industrial Area,2.0,5.0,3.0,10.0,17.0,14.0,30,134,81.0,9,25,16.0,No,60439692.0
168,Gujarat,Parwanoo,"Regional Office, Sector- 4",2.0,2.0,2.0,5.0,14.0,5.0,11,114,45.0,9,30,16.0,No,60439692.0
169,Gujarat,Parwanoo,Asst. Commissioner Building Sector I,2.0,2.0,2.0,5.0,9.0,5.0,25,78,46.0,10,24,18.0,No,60439692.0
170,Gujarat,Shimla,Tekka Bench Ridge,2.0,3.0,2.0,5.0,23.0,6.0,10,120,42.0,7,28,14.0,No,60439692.0
171,Gujarat,Shimla,"Bus Stand, Winterfield",2.0,2.0,2.0,5.0,27.0,12.0,8,94,46.0,11,39,23.0,No,60439692.0
172,Gujarat,Sunder Nagar,"HPSPCB, BBMB Colony, Mandi",2.0,2.0,2.0,5.0,14.0,6.0,5,103,56.0,10,24,17.0,No,60439692.0
173,Gujarat,Sunder Nagar,"Muncipal Council, NH-21, Mandi",2.0,2.0,2.0,5.0,14.0,5.0,19,70,41.0,10,33,19.0,No,60439692.0
174,Gujarat,Jammu,"Regional Office, Jammu",2.0,7.0,3.0,12.0,30.0,19.0,21,86,45.0,11,14,12.0,No,60439692.0
175,Gujarat,Jammu,"M.A. Stadium, Jewel Chowk",2.0,6.0,3.0,11.0,31.0,18.0,35,66,53.0,11,35,24.0,No,60439692.0
176,Gujarat,Jammu,Bari Brahamana Industrial Area,2.0,6.0,3.0,9.0,27.0,19.0,96,264,171.0,20,75,39.0,No,60439692.0
177,Gujarat,Dhanbad,R.O. Dhanbad,11.0,17.0,14.0,30.0,44.0,36.0,91,279,162.0,17,62,32.0,No,60439692.0
178,Gujarat,Dhanbad,"EMTI, Bastacola",12.0,16.0,14.0,31.0,43.0,36.0,112,279,169.0,29,62,40.0,No,60439692.0
179,Gujarat,Dhanbad,"CGM Office, Kusunda",12.0,18.0,13.0,31.0,50.0,35.0,67,228,128.0,27,58,38.0,No,60439692.0
180,Gujarat,Jamshedpur,Bistupur Vehical Testing Centre,17.0,43.0,30.0,22.0,52.0,37.0,31,133,72.0,30,63,43.0,No,60439692.0
181,Gujarat,Jamshedpur,Golmuri Vehicle Testing Centre,16.0,44.0,30.0,21.0,54.0,37.0,56,395,162.0,10,35,23.0,No,60439692.0
182,Gujarat,Jharia,M.A.D.A.,12.0,17.0,14.0,31.0,49.0,36.0,55,430,232.0,15,66,33.0,No,60439692.0
183,Gujarat,Ranchi,"Albert Ekka Chowk, Main Road",17.0,19.0,17.0,30.0,37.0,36.0,59,287,157.0,7,99,39.0,No,60439692.0
184,Gujarat,Saraikela,"RO Building, Adityapur",17.0,44.0,29.0,21.0,53.0,36.0,56,382,190.0,12,58,25.0,No,60439692.0
185,Karnataka,Bagalkote,Bagalkote KSPCB Office Premises,2.0,2.0,2.0,10.0,44.0,14.0,58,388,199.0,13,54,37.0,No,61095297.0
186,Karnataka,Bangalore,"Graphite India, White Field Road",2.0,2.0,2.0,11.0,39.0,25.0,53,169,105.0,18,93,44.0,No,61095297.0
187,Karnataka,Bangalore,"AMCO Batteries, Mysore Road",2.0,3.0,2.0,13.0,53.0,26.0,61,167,103.0,20,112,41.0,No,61095297.0
188,Karnataka,Bangalore,"KHB Industrial Area, Yelahanka",2.0,2.0,2.0,12.0,57.0,25.0,100,509,247.0,21,95,42.0,No,61095297.0
189,Karnataka,Bangalore,Peenya Industrial Area,2.0,2.0,2.0,11.0,43.0,24.0,101,111,106.0,18,72,42.0,No,61095297.0
190,Karnataka,Bangalore,Yeshwanthpura police station,2.0,2.0,2.0,11.0,52.0,25.0,55,255,108.0,30,68,47.0,No,61095297.0
191,Karnataka,Bangalore,"Jnanabharathi, Bangalore University",2.0,4.0,3.0,8.0,17.0,11.0,25,81,42.0,16,56,37.0,No,61095297.0
192,Karnataka,Bangalore,"TERI office, Vital Medi healthcare Pvt Ltd",2.0,2.0,2.0,10.0,62.0,25.0,24,158,73.0,12,67,30.0,No,61095297.0
193,Karnataka,Belgaum,Karnataka SPCB Office Building,2.0,2.0,2.0,10.0,22.0,12.0,26,130,68.0,13,56,34.0,No,61095297.0
194,Karnataka,Bidar,KSPCB Office Premises,2.0,11.0,4.0,5.0,10.0,7.0,29,156,81.0,10,60,31.0,No,61095297.0
195,Karnataka,Chitradurga,KSPCB Office Premises,2.0,16.0,3.0,5.0,15.0,5.0,29,126,65.0,13,76,33.0,No,61095297.0
196,Karnataka,Devanagere,"Regional Office building, KSPCB",2.0,19.0,5.0,5.0,16.0,7.0,20,149,65.0,10,68,39.0,No,61095297.0
197,Karnataka,Devanagere,"Mothi Theatre, Gandhi Circle, P.B. Road / Traffic
Police Station",4.0,33.0,15.0,5.0,36.0,19.0,11,41,26.0,19,73,39.0,No,61095297.0
198,Karnataka,Devanagere,"HPF Intakewell, Kumarapattnam",2.0,12.0,3.0,5.0,11.0,6.0,16,276,92.0,16,89,42.0,No,61095297.0
199,Karnataka,Gulburga,Government Hospital,2.0,7.0,3.0,5.0,28.0,9.0,23,182,70.0,15,79,34.0,No,61095297.0
200,Karnataka,Hassan,KSRTC bus stand building,2.0,5.0,3.0,10.0,27.0,19.0,14,194,65.0,18,81,39.0,No,61095297.0
201,Karnataka,Hubli-Dharwad,"Lakkamanahalli Industrial Area, Dharwad",4.0,5.0,4.0,9.0,23.0,15.0,15,101,41.0,17,47,30.0,No,61095297.0
202,Karnataka,Hubli-Dharwad,"Rani Chennamma Circle, Hubli",4.0,6.0,5.0,10.0,37.0,18.0,10,76,40.0,18,48,29.0,No,61095297.0
203,Karnataka,Mandya,"KSPCB Building, Bandigowda Badarahe",2.0,3.0,2.0,11.0,18.0,13.0,44,245,132.0,12,39,20.0,No,61095297.0
204,Karnataka,Mangalore,Baikampady Industrial Area,2.0,10.0,6.0,9.0,12.0,10.0,12,61,31.0,14,39,21.0,No,61095297.0
205,Karnataka,Mysore,"K.R.Circle, Visvesvaraya Bldg",2.0,4.0,2.0,5.0,19.0,15.0,8,256,81.0,9,44,24.0,No,61095297.0
206,Karnataka,Mysore,KSPCB Bldg. Hebbal Ind. Area,2.0,8.0,2.0,12.0,36.0,14.0,23,52,36.0,15,39,22.0,No,61095297.0
207,Karnataka,Shimaga,"The VISL, Oxygen Plant, Shimoga",2.0,10.0,6.0,5.0,33.0,11.0,22,76,46.0,12,54,25.0,No,61095297.0
208,Karnataka,Timukuru,KSPCB Office Premises,2.0,3.0,2.0,5.0,68.0,26.0,27,85,57.0,8,52,20.0,No,61095297.0
209,Kerala,Alappuzha,"District Office, Alissery Road",2.0,2.0,2.0,5.0,5.0,5.0,30,45,37.0,7,54,22.0,No,33406061.0
210,Kerala,Alappuzha,District Office Alappuzha,2.0,2.0,2.0,5.0,5.0,5.0,23,82,47.0,24,37,32.0,No,33406061.0
211,Kerala,Alappuzha,William Goodacre Power House Bridge,2.0,3.0,2.0,5.0,5.0,5.0,3,66,47.0,20,38,26.0,No,33406061.0
212,Kerala,Kochi,"Eloor I, FACT, Ambalamughal",2.0,7.0,2.0,5.0,30.0,17.0,18,56,30.0,25,45,35.0,Yes,33406061.0
213,Kerala,Kochi,Eloor II,2.0,7.0,2.0,6.0,40.0,24.0,12,64,34.0,8,29,19.0,Yes,33406061.0
214,Kerala,Kochi,Irumpanam,2.0,2.0,2.0,5.0,29.0,7.0,30,150,60.0,4,30,19.0,Yes,33406061.0
215,Kerala,Kochi,Ernakulum South,2.0,2.0,2.0,5.0,19.0,7.0,21,70,44.0,4,30,19.0,Yes,33406061.0
216,Kerala,Kochi,VYTTILA,2.0,2.0,2.0,5.0,19.0,7.0,21,70,44.0,10,125,46.0,Yes,33406061.0
217,Kerala,Kochi,MG Road Bank Ernakulum,2.0,2.0,2.0,5.0,16.0,8.0,29,76,55.0,20,55,35.0,Yes,33406061.0
218,Kerala,Kochi,KALAMASSERY / CSIR Complex,2.0,2.0,2.0,5.0,17.0,6.0,20,92,43.0,4,133,36.0,Yes,33406061.0
219,Kerala,Kochi,Kuttipadam,2.0,10.0,3.0,5.0,22.0,9.0,25,99,53.0,7,211,49.0,Yes,33406061.0
220,Kerala,Kollam,"KSPCB, District Office, Kadappakada",2.0,3.0,2.0,5.0,6.0,5.0,13,80,35.0,19,113,62.0,No,33406061.0
221,Kerala,Kollam,KMML Chavara,3.0,5.0,4.0,5.0,9.0,7.0,12,73,34.0,18,465,86.0,No,33406061.0
222,Kerala,Kottayam,Kottayam,2.0,2.0,2.0,5.0,13.0,12.0,10,81,33.0,17,316,102.0,No,33406061.0
223,Kerala,Kottayam,Vadavathoor,2.0,3.0,2.0,5.0,13.0,12.0,11,82,35.0,4,530,115.0,No,33406061.0
224,Kerala,Kozhikode,Kozhikode City,2.0,2.0,2.0,5.0,5.0,5.0,12,86,41.0,14,444,142.0,Yes,33406061.0
225,Kerala,Kozhikode,Nallalam,2.0,2.0,2.0,5.0,6.0,5.0,22,132,71.0,15,341,114.0,Yes,33406061.0
226,Kerala,Malapuram,"Kakkanchery, Sijmak oils",2.0,2.0,2.0,5.0,22.0,13.0,40,51,46.0,28,394,106.0,No,33406061.0
227,Kerala,Palakkad,SEPR Refractories India Ltd.,2.0,23.0,3.0,5.0,32.0,6.0,27,51,44.0,31,377,100.0,No,33406061.0
228,Kerala,Pathanamthitta,"KSPCB, Makkamkunnu",2.0,2.0,2.0,14.0,18.0,16.0,23,46,36.0,13,35,27.0,No,33406061.0
229,Kerala,Thiruvalla,Thiruvalla,2.0,2.0,2.0,15.0,19.0,16.0,23,48,38.0,13,35,27.0,No,33406061.0
230,Kerala,Thiruvananthapuram,VELI / HiTech Chackai,2.0,16.0,5.0,5.0,19.0,9.0,11,73,28.0,16,408,105.0,No,33406061.0
231,Kerala,Thiruvananthapuram,PETTAH / Sasthamangalam(plamadou),2.0,18.0,5.0,5.0,19.0,8.0,5,81,31.0,11,406,114.0,No,33406061.0
232,Kerala,Thissur,"KSPCB, District Office, Poonkunnam",2.0,5.0,2.0,5.0,8.0,5.0,9,39,28.0,23,317,97.0,No,33406061.0
233,Kerala,Thissur,Thissur/ Peringandoor,2.0,5.0,2.0,5.0,8.0,5.0,7,134,52.0,23,284,95.0,No,33406061.0
234,Kerala,Wayanad,Sulthan Bathery,2.0,2.0,2.0,5.0,5.0,5.0,25,35,32.0,29,357,118.0,No,33406061.0
235,Kerala,Wayanad,Wayanad,2.0,2.0,2.0,5.0,5.0,5.0,27,37,33.0,27,378,109.0,No,33406061.0
236,Madhya Pradesh,Amlai,HJI,8.0,17.0,11.0,14.0,23.0,18.0,11,57,32.0,22,517,160.0,No,72626809.0
237,Madhya Pradesh,Amlai,OPM,9.0,17.0,11.0,9.0,23.0,18.0,14,53,31.0,20,459,114.0,No,72626809.0
238,Madhya Pradesh,Bhopal,"Hamidia Road, MP Hastshilp Vikas Nigam",2.0,24.0,10.0,6.0,56.0,24.0,22,43,34.0,8,121,40.0,No,72626809.0
239,Madhya Pradesh,Bhopal,CETP Govindpura,2.0,15.0,7.0,5.0,32.0,15.0,30,41,35.0,25,106,60.0,No,72626809.0
240,Madhya Pradesh,Bhopal,Arera Colony,2.0,18.0,4.0,5.0,22.0,10.0,15,29,21.0,41,276,77.0,No,72626809.0
241,Madhya Pradesh,Chhindwara,"HIG -33, Front of Geetanali Park Housing Board
Colony, Chadagaon",2.0,4.0,3.0,5.0,17.0,13.0,12,35,20.0,14,528,108.0,No,72626809.0
242,Madhya Pradesh,Chhindwara,"Hindustan Unileaver, Narsinghpur Road,",2.0,5.0,3.0,10.0,20.0,14.0,36,89,60.0,11,562,120.0,No,72626809.0
243,Madhya Pradesh,Dewas,EID Perry (I) Limited,10.0,26.0,16.0,7.0,23.0,17.0,45,78,61.0,31,327,109.0,No,72626809.0
244,Madhya Pradesh,Dewas,Dewas Metal Section,10.0,23.0,17.0,9.0,55.0,18.0,35,518,164.0,18,355,111.0,No,72626809.0
245,Madhya Pradesh,Dewas,Vikas Nagar,11.0,25.0,16.0,10.0,23.0,17.0,66,355,153.0,34,113,74.0,No,72626809.0
246,Madhya Pradesh,Gwalior,Dindayal Nagar,2.0,42.0,14.0,5.0,50.0,19.0,39,417,188.0,23,113,89.0,No,72626809.0
247,Madhya Pradesh,Gwalior,Maharaj Bada,3.0,45.0,17.0,6.0,64.0,21.0,26,421,125.0,49,125,65.0,No,72626809.0
248,Madhya Pradesh,Indore,"M.P. Laghu Udyog, Pologround",7.0,13.0,11.0,10.0,25.0,20.0,34,88,66.0,22,88,49.0,Yes,72626809.0
249,Madhya Pradesh,Indore,"Kothari Market, M.G. Road",6.0,16.0,11.0,11.0,31.0,20.0,41,87,68.0,14,46,28.0,Yes,72626809.0
250,Madhya Pradesh,Indore,"Telephone Nagar, 26 A, Kanadia Road",6.0,16.0,10.0,7.0,25.0,19.0,40,91,69.0,26,92,57.0,Yes,72626809.0
251,Madhya Pradesh,Jabalpur,Vijay Nagar,2.0,11.0,2.0,10.0,18.0,14.0,40,108,68.0,20,97,44.0,No,72626809.0
252,Madhya Pradesh,Jabalpur,Udaipur Beverage Racchai,10.0,17.0,13.0,12.0,24.0,17.0,38,84,62.0,19,189,67.0,No,72626809.0
253,Madhya Pradesh,Katni,"HIG-4 Housing Board Colony Jhinjhri, Katni",4.0,14.0,9.0,16.0,32.0,23.0,51,287,138.0,19,130,64.0,No,72626809.0
254,Madhya Pradesh,Katni,"Calderys Works Refactories India Private Limited,
Guest House, Katni",7.0,14.0,9.0,17.0,39.0,24.0,31,326,140.0,22,72,42.0,No,72626809.0
255,Madhya Pradesh,Nagda,Chem. D. Labour Club,11.0,22.0,16.0,6.0,16.0,11.0,22,120,71.0,17,148,52.0,No,72626809.0
256,Madhya Pradesh,Nagda,B C I Labour Club,6.0,14.0,10.0,10.0,20.0,13.0,21,233,82.0,17,136,46.0,No,72626809.0
257,Madhya Pradesh,Nagda,Grasim Kalyan Kendra,5.0,19.0,11.0,9.0,22.0,15.0,22,233,72.0,20,100,40.0,No,72626809.0
258,Madhya Pradesh,Prithampur,"Vikas Bhavan, Sector-2",5.0,17.0,10.0,5.0,24.0,16.0,42,96,69.0,10,193,72.0,No,72626809.0
259,Madhya Pradesh,Prithampur,"RCC Over Head Tank No. 1, Sector-3",7.0,15.0,10.0,13.0,25.0,19.0,42,100,84.0,17,131,51.0,No,72626809.0
260,Madhya Pradesh,Sagar,Pt.Deendayal Nagar,2.0,6.0,3.0,5.0,24.0,14.0,76,277,100.0,16,94,44.0,No,72626809.0
261,Madhya Pradesh,Sagar,"Katra Bazar, Sagar",2.0,5.0,3.0,6.0,23.0,13.0,65,268,99.0,,,,No,72626809.0
262,Madhya Pradesh,Satna,Sub-divisional Office E/M Light Machniery,4.0,8.0,5.0,8.0,15.0,12.0,26,53,42.0,,,,No,72626809.0
263,Madhya Pradesh,Satna,"MPPCB,Dharwari GaliNo.5,House No.318",2.0,7.0,4.0,7.0,12.0,9.0,30,56,43.0,,,,No,72626809.0
264,Madhya Pradesh,Singrauli,Jayant Township,15.0,59.0,29.0,10.0,73.0,36.0,34,82,58.0,,,,No,72626809.0
265,Madhya Pradesh,Singrauli,"N.T.P.C., Vidyanagar",14.0,53.0,30.0,12.0,68.0,37.0,40,98,74.0,,,,No,72626809.0
266,Madhya Pradesh,Singrauli,Waidhan,10.0,56.0,29.0,12.0,72.0,36.0,49,96,81.0,,,,No,72626809.0
267,Madhya Pradesh,Ujjain,District Office,7.0,13.0,10.0,8.0,14.0,11.0,13,149,64.0,,,,No,72626809.0
268,Madhya Pradesh,Ujjain,Regional Office,5.0,13.0,8.0,6.0,31.0,9.0,8,135,63.0,,,,No,72626809.0
269,Madhya Pradesh,Ujjain,Mahakal Temple,7.0,20.0,10.0,8.0,20.0,11.0,65,152,104.0,,,,No,72626809.0
270,Madhya Pradesh,Ujjain,Chamunda Mata Chouraha,6.0,19.0,9.0,7.0,24.0,10.0,48,126,85.0,,,,No,72626809.0
271,Maharashtra,Akola,"LRT Commerce College, Civil Lines, Akola",7.0,15.0,12.0,7.0,16.0,12.0,32,310,143.0,,,,No,112374333.0
272,Maharashtra,Akola,"MIDC Water Work, Phash-II, MIDC Akola",8.0,18.0,14.0,8.0,18.0,14.0,25,315,143.0,,,,No,112374333.0
273,Maharashtra,Akola,"College Of Engineering & Tech, Akola",8.0,18.0,13.0,8.0,18.0,14.0,33,439,144.0,,,,No,112374333.0
274,Maharashtra,Ambernath,Ambernath Municipal Council Office,9.0,45.0,18.0,14.0,66.0,39.0,44,125,87.0,,,,No,112374333.0
275,Maharashtra,Amravati,"Apurva Oil Industries, A-23, MIDC",6.0,24.0,13.0,7.0,25.0,14.0,21,146,60.0,,,,No,112374333.0
276,Maharashtra,Amravati,"Elect. Dept., Govt College Engineering",5.0,16.0,11.0,6.0,17.0,13.0,53,217,84.0,,,,No,112374333.0
277,Maharashtra,Amravati,"Rajkamal Square, Vaneeta Samaj",8.0,21.0,14.0,8.0,22.0,15.0,30,284,82.0,,,,No,112374333.0
278,Maharashtra,Aurangabad,S.B.E.S. College,9.0,29.0,19.0,15.0,69.0,44.0,32,74,52.0,,,,No,112374333.0
279,Maharashtra,Aurangabad,Collector Ofiice,9.0,26.0,17.0,19.0,58.0,40.0,33,74,58.0,,,,No,112374333.0
280,Maharashtra,Aurangabad,"C.A.D.A. Ofiice, Garkheda",8.0,37.0,19.0,20.0,79.0,45.0,32,77,57.0,,,,No,112374333.0
281,Maharashtra,Badlapur,BIWA Office,8.0,30.0,18.0,11.0,66.0,38.0,20,110,57.0,,,,No,112374333.0
282,Maharashtra,Bhiwandi,"Prematai Hall, Near Dhamankar Naka",11.0,34.0,24.0,16.0,53.0,35.0,35,102,65.0,,,,No,112374333.0
283,Maharashtra,Bhiwandi,"Fire Brigade Office, I.G.M. Hospital",12.0,37.0,29.0,16.0,53.0,40.0,29,92,57.0,,,,No,112374333.0
284,Maharashtra,Bhiwandi,"Regional Office, M.P.C. Board, Kalyan",12.0,58.0,29.0,26.0,83.0,42.0,39,103,70.0,,,,No,112374333.0
285,Maharashtra,Chandrapur,Grampanchat Ghughus,4.0,5.0,4.0,11.0,46.0,27.0,49,91,74.0,,,,No,112374333.0
286,Maharashtra,Chandrapur,M.I.D.C. Chandrapur,4.0,6.0,4.0,14.0,43.0,28.0,54,105,70.0,,,,No,112374333.0
287,Maharashtra,Chandrapur,"Gadchandur Gram Panchayat, Rajura",4.0,5.0,4.0,15.0,44.0,27.0,50,172,78.0,,,,No,112374333.0
288,Maharashtra,Chandrapur,"MIDC, Tadali",4.0,5.0,4.0,17.0,38.0,27.0,27,131,64.0,,,,No,112374333.0
289,Maharashtra,Chandrapur,"Muncipal Council, Ballarshah",4.0,5.0,4.0,14.0,39.0,27.0,23,69,50.0,,,,No,112374333.0
290,Maharashtra,Dombivali,Dombivali MIDC Phase-II,10.0,40.0,21.0,16.0,70.0,44.0,21,69,55.0,,,,No,112374333.0
291,Maharashtra,Jalgaon,B. J. Market,8.0,16.0,11.0,19.0,35.0,24.0,21,256,54.0,,,,No,112374333.0
292,Maharashtra,Jalgaon,Girna water tank,8.0,16.0,11.0,19.0,34.0,23.0,62,406,186.0,,,,No,112374333.0
293,Maharashtra,Jalgaon,MIDC Jalgaon,8.0,15.0,11.0,19.0,36.0,24.0,37,153,98.0,,,,No,112374333.0
294,Maharashtra,Jalna,"Bachat Bhawan, Near S P Office",4.0,12.0,9.0,17.0,48.0,34.0,53,226,121.0,,,,No,112374333.0
295,Maharashtra,Jalna,"Krishidhan Seeds Ltd, MIDC Area",5.0,12.0,9.0,15.0,47.0,34.0,45,220,115.0,,,,No,112374333.0
296,Maharashtra,Kolhapur,"University Campus, Shivaji University",5.0,20.0,11.0,7.0,40.0,24.0,63,270,157.0,,,,No,112374333.0
297,Maharashtra,Kolhapur,"Ruikar Trust, S.T. Stand",11.0,40.0,24.0,13.0,83.0,40.0,29,130,68.0,,,,No,112374333.0
298,Maharashtra,Kolhapur,"Mahadwar Road, Near Mahalaxmi Temple",9.0,28.0,16.0,14.0,71.0,32.0,34,90,52.0,,,,No,112374333.0
299,Maharashtra,Nagpur,Institution of Engineers,4.0,21.0,9.0,9.0,52.0,25.0,35,89,50.0,,,,Yes,112374333.0
300,Maharashtra,Nagpur,"Govt. Polytechnic College, Sadar",4.0,34.0,10.0,9.0,74.0,26.0,34,92,53.0,,,,Yes,112374333.0
301,Maharashtra,Nagpur,MIDC Office Hingana Road,4.0,21.0,9.0,9.0,58.0,26.0,43,102,79.0,,,,Yes,112374333.0
302,Maharashtra,Nagpur,"MPCB Office Premises, Civil Lines",4.0,22.0,8.0,9.0,53.0,23.0,43,99,85.0,,,,Yes,112374333.0
303,Maharashtra,Nashik,R.T.O. Colony Tank,2.0,16.0,6.0,9.0,40.0,23.0,26,99,67.0,,,,No,112374333.0
304,Maharashtra,Nashik,"VIP Industrial Area, MIDC Satpura",2.0,13.0,5.0,8.0,38.0,22.0,64,156,107.0,,,,No,112374333.0
305,Maharashtra,Nashik,Nashik Municipal Council Building,2.0,14.0,6.0,9.0,44.0,23.0,47,131,86.0,,,,No,112374333.0
306,Maharashtra,Nashik,"MPCB Sub R.O. Udyog Bhawan, Nashik",2.0,15.0,6.0,9.0,42.0,23.0,36,94,58.0,,,,No,112374333.0
307,Maharashtra,Navi Mumbai,"T.B.I.A, Rabale Airoli, TTC",11.0,20.0,14.0,34.0,65.0,45.0,36,89,57.0,,,,No,112374333.0
308,Maharashtra,Navi Mumbai,"Dr. D.Y. Patil College, Nerul, TTC",11.0,19.0,14.0,29.0,59.0,39.0,31,94,58.0,,,,No,112374333.0
309,Maharashtra,Navi Mumbai,"MPCB Lab, Mhape, TTC",11.0,20.0,13.0,35.0,56.0,44.0,36,180,101.0,,,,No,112374333.0
310,Maharashtra,Navi Mumbai,CIDCO Nodal Office Kharghar,6.0,19.0,13.0,16.0,54.0,39.0,44,359,107.0,,,,No,112374333.0
311,Maharashtra,Navi Mumbai,"Water Pump House, Panvel, Taloja",6.0,19.0,13.0,15.0,52.0,39.0,41,192,104.0,,,,No,112374333.0
312,Maharashtra,Navi Mumbai,"MIDC Collom Facility Building, Taloja",9.0,19.0,14.0,30.0,66.0,46.0,24,145,61.0,,,,No,112374333.0
313,Maharashtra,Pimpri-Chinchwad,"Bank of Baroda Builing, Near M.C Builiding",6.0,86.0,16.0,9.0,377.0,55.0,15,87,39.0,,,,No,112374333.0
314,Maharashtra,Pune,"Maratha Chamber of commerce, Bhosari",7.0,42.0,14.0,12.0,204.0,47.0,16,64,38.0,,,,Yes,112374333.0
315,Maharashtra,Pune,State Electricity Board BLDG Nalstop,6.0,38.0,14.0,14.0,219.0,56.0,16,92,38.0,,,,Yes,112374333.0
316,Maharashtra,Pune,Swargate Police Chawki,6.0,31.0,16.0,10.0,395.0,62.0,14,66,38.0,,,,Yes,112374333.0
317,Maharashtra,Sangli,"Udyog bhavan / SRO, MPCB Sangli",3.0,13.0,8.0,9.0,99.0,34.0,40,70,53.0,,,,No,112374333.0
318,Maharashtra,Sangli,Sangli- Miraj Primary school Building,3.0,19.0,9.0,12.0,98.0,44.0,35,57,45.0,,,,No,112374333.0
319,Maharashtra,Sangli,Krishna Valley School,3.0,17.0,9.0,8.0,79.0,38.0,38,69,54.0,,,,No,112374333.0
320,Maharashtra,Solapur,WIT Campus,4.0,16.0,8.0,5.0,33.0,16.0,32,63,45.0,,,,No,112374333.0
321,Maharashtra,Solapur,Voronoko School / Chitale Clinic,5.0,15.0,9.0,5.0,35.0,17.0,32,58,45.0,,,,No,112374333.0
322,Maharashtra,Thane,"Maternity Hospital, Dhobighat, Thane East",11.0,30.0,19.0,19.0,41.0,29.0,37,78,56.0,,,,No,112374333.0
323,Maharashtra,Thane,"Shahu Market,Naupada, Thane West",11.0,31.0,21.0,20.0,42.0,30.0,11,265,83.0,,,,No,112374333.0
324,Maharashtra,Thane,"Kolshet and Balkum, Thane West",10.0,29.0,19.0,18.0,40.0,29.0,13,218,91.0,,,,No,112374333.0
325,Maharashtra,Ulhasnagar,Smt. C. H. M. College Campus,8.0,28.0,17.0,11.0,91.0,38.0,23,277,102.0,,,,No,112374333.0
326,Maharashtra,Ulhasnagar,"Octroi Naka, Pawai-Chowk, Vithalwadi",9.0,33.0,19.0,13.0,66.0,42.0,40,836,125.0,,,,No,112374333.0
327,Manipur,Imphal,Secretariat Building,2.0,24.0,5.0,6.0,52.0,22.0,11,204,64.0,,,,No,2855794.0
328,Meghalaya,Byrnihat,"EPIP, Ri-Bhoi district",9.0,22.0,16.0,10.0,18.0,15.0,13,236,75.0,,,,No,2966889.0
329,Meghalaya,Dawki,"Terrace building, Jaintia Hills District",2.0,5.0,3.0,5.0,17.0,13.0,15,286,75.0,,,,No,2966889.0
330,Meghalaya,Khliehriat,"O/o BDO, C & R.D. Block-Khliehriat",2.0,4.0,3.0,5.0,14.0,10.0,9,125,60.0,,,,No,2966889.0
331,Meghalaya,Nongstoin,"Office Premises of E.E, PHED",2.0,5.0,2.0,6.0,15.0,13.0,9,115,59.0,,,,No,2966889.0
332,Meghalaya,Shillong,"Boards Office Permises, Lumpyngngad",2.0,3.0,2.0,5.0,11.0,7.0,35,230,86.0,,,,No,2966889.0
333,Meghalaya,Shillong,State Tuberculosis Hospital,3.0,22.0,7.0,13.0,28.0,21.0,31,227,78.0,,,,No,2966889.0
334,Meghalaya,Shillong,"Forest Rest House, Polo Hills",2.0,5.0,4.0,7.0,15.0,10.0,31,222,85.0,,,,No,2966889.0
335,Meghalaya,Shillong,"41/2 mile, Mylliem Range Office",2.0,4.0,2.0,5.0,13.0,9.0,25,115,63.0,,,,No,2966889.0
336,Meghalaya,Tura,"PHED, Araimille, West Garo Hills District",2.0,4.0,3.0,5.0,14.0,12.0,21,130,65.0,,,,No,2966889.0
337,Meghalaya,Umiam / Umsning,"Umiam Industrial Complex, Ri-Bhoi District",2.0,5.0,4.0,8.0,13.0,11.0,40,229,137.0,,,,No,2966889.0
338,Mizoram,Aizawl,"Khatla, M.G-Road, Mizoram SPCB",2.0,3.0,2.0,5.0,13.0,6.0,48,179,113.0,,,,No,1097206.0
339,Mizoram,Aizawl,Laipuitlang,2.0,2.0,2.0,5.0,5.0,5.0,14,46,29.0,,,,No,1097206.0
340,Mizoram,Aizawl,Bawngkawn,2.0,2.0,2.0,5.0,19.0,7.0,22,54,37.0,,,,No,1097206.0
341,Mizoram,Aizawl,"Dawrpui Y.M.A, Building, Dawrpui",2.0,2.0,2.0,5.0,21.0,9.0,16,36,31.0,,,,No,1097206.0
342,Mizoram,Aizawl,"Lengpui Airport, Model Veng, Lengpui",2.0,2.0,2.0,5.0,34.0,6.0,15,44,30.0,,,,No,1097206.0
343,Mizoram,Champhai,"D.T.O Office Building, Kahrawt veng",2.0,4.0,2.0,5.0,11.0,5.0,18,91,51.0,,,,No,1097206.0
344,Mizoram,Champhai,"Lalzidinga building, Vengthlang",2.0,2.0,2.0,5.0,11.0,5.0,18,47,36.0,,,,No,1097206.0
345,Mizoram,Kolasib,"H. Lalthuama Building, Project Veng",2.0,2.0,2.0,5.0,6.0,5.0,20,53,35.0,,,,No,1097206.0
346,Mizoram,Kolasib,"Synod Bookroom, Building Diakkawn",2.0,2.0,2.0,5.0,5.0,5.0,26,43,33.0,,,,No,1097206.0
347,Mizoram,Lunglei,"Thangkhuma Building, Salem Veng",2.0,3.0,2.0,5.0,5.0,5.0,28,105,72.0,,,,No,1097206.0
348,Mizoram,Lunglei,"K.Lalliantluanga, Chanmari I, Lunglei",2.0,2.0,2.0,5.0,8.0,5.0,9,134,35.0,,,,No,1097206.0
349,Nagaland,Dimapur,Bank Colony,2.0,2.0,2.0,5.0,21.0,7.0,13,33,20.0,,,,No,1978502.0
350,Nagaland,Dimapur,Dhobinala,2.0,2.0,2.0,5.0,30.0,9.0,12,67,35.0,,,,No,1978502.0
351,Nagaland,Dimapur,"Signal point, Dimapur, Nagaland SPCB",2.0,2.0,2.0,5.0,7.0,5.0,16,123,46.0,,,,No,1978502.0
352,Nagaland,Dimapur,"House no-288, Tenyiphe-I, Chumukiedima,
Dimapur",2.0,2.0,2.0,5.0,11.0,5.0,6,111,31.0,,,,No,1978502.0
353,Nagaland,Dimapur,"Vidya Bhawan School, Lane 17, Nagarjan, Kuda
Village, Dimapur",2.0,2.0,2.0,5.0,7.0,5.0,10,24,17.0,,,,No,1978502.0
354,Nagaland,Dimapur,"House no 24, Near community Hall, Viola colony,
Dimapur",2.0,2.0,2.0,5.0,5.0,5.0,12,43,27.0,,,,No,1978502.0
355,Nagaland,Dimapur,"ERJO Motors, Burma Camp, Dimapur",2.0,2.0,2.0,5.0,21.0,9.0,5,26,14.0,,,,No,1978502.0
356,Nagaland,Kohima,Opposite NST Office,2.0,2.0,2.0,5.0,10.0,5.0,13,89,24.0,,,,No,1978502.0
357,Nagaland,Kohima,Opposite War Cemetery,2.0,2.0,2.0,5.0,10.0,5.0,4,23,8.0,,,,No,1978502.0
358,Odisha,Angul,Industrial Estate,5.0,17.0,10.0,14.0,32.0,24.0,5,87,11.0,,,,No,41974218.0
359,Odisha,Angul,NALCO Township,6.0,25.0,9.0,16.0,28.0,24.0,25,179,83.0,,,,No,41974218.0
360,Odisha,Balasore,Sahadevkhunta,2.0,2.0,2.0,8.0,12.0,11.0,23,173,88.0,,,,No,41974218.0
361,Odisha,Balasore,DIC office,2.0,2.0,2.0,6.0,12.0,10.0,22,123,68.0,,,,No,41974218.0
362,Odisha,Balasore,Rasalpur near Balgopalpur I/A,6.0,9.0,7.0,10.0,12.0,11.0,21,154,74.0,,,,No,41974218.0
363,Odisha,Berhampur,Regional Office Orissa SPCB,2.0,7.0,4.0,6.0,28.0,17.0,10,159,58.0,,,,No,41974218.0
364,Odisha,Berhampur,IRC Village,2.0,2.0,2.0,8.0,25.0,15.0,14,132,60.0,,,,No,41974218.0
365,Odisha,Berhampur,Office Premises Bhubaneswar,2.0,2.0,2.0,11.0,27.0,15.0,49,260,117.0,,,,No,41974218.0
366,Odisha,Berhampur,"Patrapara, Khandagiri",2.0,3.0,2.0,10.0,19.0,13.0,31,189,77.0,,,,No,41974218.0
367,Odisha,Berhampur,Chandrashekharpur,2.0,2.0,2.0,8.0,22.0,14.0,45,185,95.0,,,,No,41974218.0
368,Odisha,Bonaigarh,"Govt. Hospital Bonai At/Po/PS-Bonai Dist-
Sudargarh",4.0,19.0,7.0,9.0,18.0,12.0,44,132,85.0,,,,No,41974218.0
369,Odisha,Bonaigarh,P.H.D Office Barabati,2.0,5.0,4.0,17.0,23.0,19.0,46,158,91.0,,,,No,41974218.0
370,Odisha,Bonaigarh,"R.O. Cuttack Office, Surya Vihar",2.0,6.0,3.0,12.0,26.0,20.0,25,96,76.0,,,,No,41974218.0
371,Odisha,Jharsuguda,R.O. Building Cox colony,4.0,16.0,7.0,9.0,19.0,12.0,42,96,74.0,,,,No,41974218.0
372,Odisha,Jharsuguda,"TRL Colony, M/s. TRL Krosaki Refractories Ltd.
PO: Bhepahar,",5.0,16.0,7.0,10.0,19.0,14.0,26,100,85.0,,,,No,41974218.0
373,Odisha,Kalinga Nagar,Over the Guest House of M/s NINL,2.0,2.0,2.0,11.0,21.0,17.0,15,79,53.0,,,,No,41974218.0
374,Odisha,Kalinga Nagar,RO Office Building,2.0,4.0,2.0,10.0,22.0,15.0,26,157,75.0,,,,No,41974218.0
375,Odisha,Konark,Konark Police Station,2.0,2.0,2.0,7.0,18.0,12.0,46,198,96.0,,,,No,41974218.0
376,Odisha,Paradeep,On roof of PPT Staff Quarter,9.0,25.0,18.0,6.0,16.0,12.0,35,160,75.0,,,,No,41974218.0
377,Odisha,Paradeep,On roof of PPL Gueest,9.0,26.0,18.0,6.0,21.0,11.0,37,144,75.0,,,,No,41974218.0
378,Odisha,Puri,Town Police Station,2.0,2.0,2.0,6.0,20.0,14.0,43,156,85.0,,,,No,41974218.0
379,Odisha,Rajgangpur,"DISIR, Rajgangpur",4.0,17.0,7.0,9.0,18.0,11.0,40,183,96.0,,,,No,41974218.0
380,Odisha,Rayagada,Regional Office Orissa SPCB,2.0,8.0,4.0,11.0,18.0,15.0,43,159,88.0,,,,No,41974218.0
381,Odisha,Rayagada,"LPS High School, Jaykaypur",2.0,7.0,4.0,10.0,19.0,15.0,40,125,86.0,,,,No,41974218.0
382,Odisha,Rourkela,"Regional Office, ORPB",2.0,16.0,6.0,5.0,18.0,11.0,58,120,90.0,,,,No,41974218.0
383,Odisha,Rourkela,Kalunga Industrial Estate,4.0,23.0,7.0,9.0,18.0,12.0,65,192,115.0,,,,No,41974218.0
384,Odisha,Rourkela,"IDL Police Out-post, Sonaparbat",2.0,16.0,6.0,5.0,18.0,11.0,55,194,109.0,,,,No,41974218.0
385,Odisha,Rourkela,"Kuarmunda, Sundergarh",4.0,18.0,7.0,9.0,20.0,11.0,30,133,60.0,,,,No,41974218.0
386,Odisha,Sambalpur,"Filter Plant, PHD Office, Modipara",2.0,10.0,5.0,11.0,31.0,22.0,58,222,124.0,,,,No,41974218.0
387,Odisha,Talcher,Coal Field Area,7.0,12.0,9.0,18.0,31.0,27.0,34,368,123.0,,,,No,41974218.0
388,Odisha,Talcher,T.T.P.S.Colony,7.0,13.0,10.0,17.0,31.0,27.0,31,124,71.0,,,,No,41974218.0
389,Puducherry,Karaikal,"B.Ed College (PKCE), Nehru Nagar",2.0,3.0,2.0,5.0,8.0,5.0,46,178,92.0,,,,No,1247953.0
390,Puducherry,Karaikal,"Govt. Tourist Home, Kovilpathu",2.0,3.0,2.0,5.0,16.0,5.0,29,98,63.0,,,,No,1247953.0
391,Puducherry,Karaikal,"M/s Puducherry Power Corporation Limited,
Polagam, T.R. Pattinam,",2.0,3.0,2.0,5.0,11.0,5.0,27,99,66.0,,,,No,1247953.0
392,Puducherry,Puducherry,"DSTC Office Upstairs, PHB 3rd Floor, AnnaNagar",2.0,6.0,3.0,5.0,14.0,7.0,25,185,76.0,,,,No,1247953.0
393,Puducherry,Puducherry,PIPDIC Ind. Estate Mettupalayam,2.0,6.0,3.0,5.0,13.0,7.0,41,262,113.0,,,,No,1247953.0
394,Puducherry,Puducherry,Chamber Of Commerce,2.0,4.0,3.0,5.0,12.0,7.0,40,108,73.0,,,,No,1247953.0
395,Puducherry,Amritsar,R.O. Focal Point (earlier Nagina soap factory),11.0,16.0,13.0,22.0,41.0,33.0,32,206,95.0,,,,No,1247953.0
396,Puducherry,Amritsar,"Vinod Chilling Center / Kochar Bhavan (earlier A-
1,Platers)",9.0,30.0,13.0,22.0,44.0,32.0,26,177,67.0,,,,No,1247953.0
397,Puducherry,Aspal Khurd (Tapa),"Vill:Aspal Khurd, Teh:Tapa",2.0,13.0,7.0,6.0,27.0,15.0,44,171,98.0,,,,No,1247953.0
398,Puducherry,Bara Pind (Goraya),"Vill:Bara Pind, Teh:Goraya",5.0,9.0,6.0,10.0,26.0,17.0,48,197,90.0,,,,No,1247953.0
399,Puducherry,Bhatinda,"Bathinda Milk Producers, Dabwali Road",3.0,10.0,6.0,7.0,24.0,14.0,10,92,33.0,,,,No,1247953.0
400,Puducherry,Binjon (Garshankar),"CHC, Vill:Binjon, Teh: Garshankar",4.0,9.0,6.0,15.0,26.0,19.0,11,130,41.0,,,,No,1247953.0
401,Puducherry,Bishanpura (Payal),"Longowalia Yarns (Unit-II), Vill-Bishanpura, Teh:
Payal",4.0,19.0,9.0,11.0,32.0,22.0,11,94,33.0,,,,No,1247953.0
402,Puducherry,Changal (Sangrur),"Mastuana Sahib, Vill:Changal, Teh:Sangrur",3.0,12.0,6.0,5.0,29.0,15.0,8,64,34.0,,,,No,1247953.0
403,Puducherry,Dera Baba Nanak,C-PYTE Building,4.0,11.0,7.0,11.0,17.0,13.0,11,65,38.0,,,,No,1247953.0
404,Puducherry,Dera Bassi,"Punjab Chem and Crop Protection, Bhanakarpur
Rd",3.0,12.0,7.0,5.0,30.0,18.0,10,63,29.0,,,,No,1247953.0
405,Puducherry,Dera Bassi,"Winsome Yarns Ltd., Barwala Road",2.0,11.0,7.0,11.0,30.0,18.0,53,274,164.0,,,,No,1247953.0
406,Puducherry,Fatehpur (Samana),"Baba Banda Singh Bahadur College, Vill:Fatehpur,
Teh:Samana",2.0,14.0,7.0,8.0,33.0,18.0,51,379,168.0,,,,No,1247953.0
407,Puducherry,Gobindgarh,"Modi Oil and General Mills, Mandi",4.0,12.0,7.0,9.0,38.0,22.0,44,224,116.0,,,,No,1247953.0
408,Puducherry,Gobindgarh,"Raj Steel Rolling Mills, Mandi",4.0,14.0,7.0,10.0,39.0,22.0,23,265,94.0,,,,No,1247953.0
409,Puducherry,Gobindgarh,"United Rolling Mills, Mandi Gobindgarh",3.0,15.0,7.0,11.0,38.0,22.0,56,231,114.0,,,,No,1247953.0
410,Puducherry,"Guru Ki Dhab
(Kotkapura)","Vil:Guru Ki Dhab / Basti Himmatpura,
Teh:Kotkapura",2.0,11.0,5.0,6.0,25.0,13.0,52,194,118.0,,,,No,1247953.0
411,Puducherry,Jaito Sarja (Batala),"Royal Nursing College, Vill: Jaito Sarja, Teh: Batala",4.0,9.0,5.0,12.0,27.0,17.0,45,353,142.0,,,,No,1247953.0
412,Puducherry,Jalandhar,Municipal Council Tubewell No. 27,10.0,20.0,13.0,21.0,43.0,27.0,30,222,115.0,,,,No,1247953.0
413,Puducherry,Jalandhar,Regional Office,10.0,20.0,13.0,21.0,45.0,27.0,17,126,68.0,,,,No,1247953.0
414,Puducherry,Jalandhar,"Punjab Maltex , Kapurthala Road",7.0,18.0,10.0,15.0,38.0,22.0,59,142,103.0,,,,No,1247953.0
415,Puducherry,Jalandhar,Focal Point,9.0,15.0,12.0,19.0,34.0,27.0,58,136,101.0,,,,No,1247953.0
416,Puducherry,Kharaori (Sirhind),"Vill:Kharaori, Teh:Sirhind",2.0,12.0,7.0,10.0,30.0,17.0,48,158,98.0,,,,No,1247953.0
417,Puducherry,Kotladoom (Ajnala),"Satyam College, Ramtirath Road, Vill: Kotladoom,
Teh: Ajnala",4.0,9.0,7.0,12.0,21.0,15.0,53,159,109.0,,,,No,1247953.0
418,Puducherry,Ludhiana,Bharat Nagar Chowk / RO Gill Road,5.0,16.0,8.0,17.0,44.0,25.0,59,180,109.0,,,,No,1247953.0
419,Puducherry,Ludhiana,"Nahar Spining Mlls, Dholewal Chawk",5.0,17.0,8.0,19.0,45.0,25.0,65,156,110.0,,,,No,1247953.0
420,Puducherry,Ludhiana,"Ludhiana Coop. Milk Producer, Ferozpur Rd",4.0,32.0,7.0,15.0,54.0,23.0,67,220,125.0,,,,No,1247953.0
421,Puducherry,Ludhiana,"PPCB Office Building, Vishavkarma Chowk",7.0,39.0,10.0,19.0,58.0,29.0,31,154,78.0,,,,No,1247953.0
422,Puducherry,"Mukandpur
(Nawashahar)","Govt. Senior Sec. School, Vill:Mukandpur,
Teh:Nawashahar",8.0,13.0,9.0,16.0,29.0,20.0,91,472,187.0,,,,No,1247953.0
423,Puducherry,Mureedke (Batala),"Johal Farm, Vill: Mureedke, Teh: Batala",4.0,11.0,7.0,15.0,49.0,25.0,85,451,187.0,,,,No,1247953.0
424,Puducherry,"Naudhrani
(Malerkotla)","Vill:Naudhrani, Teh:Malerkotla",2.0,12.0,6.0,6.0,27.0,16.0,44,459,132.0,,,,No,1247953.0
425,Puducherry,Naya Nangal,Punjab Alkalis & Chemicals Ltd,3.0,15.0,7.0,10.0,31.0,18.0,84,255,156.0,,,,No,1247953.0
426,Puducherry,Naya Nangal,"M/s NFL Guest House,Naya Nangal",2.0,13.0,8.0,8.0,32.0,19.0,57,169,99.0,,,,No,1247953.0
427,Puducherry,Patiala,"Ceylon Industries, Factory Area, Patiala",2.0,11.0,7.0,11.0,27.0,17.0,27,214,89.0,,,,No,1247953.0
428,Puducherry,Patiala,"Fire Brigade Station, Bahera Road, Patiala",2.0,12.0,7.0,11.0,29.0,18.0,73,317,139.0,,,,No,1247953.0
429,Puducherry,"Qila Bharian
(Sangrur)","Gurdwara Gangsar Sahib, Vill:Qila Bharian,
Teh:Sangrur",2.0,19.0,6.0,5.0,28.0,15.0,88,343,152.0,,,,No,1247953.0
430,Puducherry,Rakhra (Patiala),"Shree Ganesh Group of Institute, Vill:Rakhra,
The:Patiala",2.0,13.0,7.0,5.0,29.0,17.0,42,549,133.0,,,,No,1247953.0
431,Puducherry,Rohila (Samrala),"Gopimal Kaur Sain Industries Pvt. Ltd, Vil:Rohila,
Teh:Samrala",5.0,15.0,8.0,15.0,29.0,22.0,76,684,221.0,,,,No,1247953.0
432,Puducherry,"Tirathpur (Amritsar
I)","United ITI, Vill: Tirathpur, Teh:Amritsar I (earlier
Sriguru Harkishan Public School,Rasulpur Kalan)",5.0,10.0,7.0,11.0,21.0,14.0,66,292,119.0,,,,No,1247953.0
433,Rajasthan,Alwar,Rajasthan State Pollution Control Board,6.0,15.0,10.0,18.0,38.0,29.0,34,177,83.0,,,,No,68548437.0
434,Rajasthan,Alwar,Gaurav Solvex Ltd. MIA,9.0,18.0,14.0,23.0,44.0,36.0,34,212,111.0,,,,No,68548437.0
435,Rajasthan,Alwar,"RIICO Pump House, MIA",10.0,17.0,13.0,27.0,42.0,34.0,52,134,99.0,,,,No,68548437.0
436,Rajasthan,Bharatpur,Khadi Gramoday Samiti,7.0,13.0,9.0,23.0,46.0,29.0,44,162,100.0,,,,No,68548437.0
437,Rajasthan,Bharatpur,RIICO office Building,7.0,11.0,8.0,23.0,41.0,27.0,61,177,103.0,,,,No,68548437.0
438,Rajasthan,Bharatpur,"RO, Building",6.0,10.0,7.0,22.0,36.0,25.0,58,135,98.0,,,,No,68548437.0
439,Rajasthan,Bhiwadi,R.O.Building,11.0,62.0,32.0,18.0,63.0,44.0,27,256,105.0,,,,No,68548437.0
440,Rajasthan,Bhiwadi,UIT Guest House,6.0,43.0,21.0,15.0,69.0,35.0,51,179,102.0,,,,No,68548437.0
441,Rajasthan,Bhiwadi,Uttam Strips Ltd,7.0,56.0,29.0,22.0,65.0,42.0,52,629,151.0,,,,No,68548437.0
442,Rajasthan,Chittorgarh,"Regional Office building, RSPCB, Near FCI
Godown, Chnaderiya",6.0,20.0,10.0,19.0,44.0,29.0,20,228,98.0,,,,No,68548437.0
443,Rajasthan,Chittorgarh,"Veterinary Hospital, Meeranagar",5.0,18.0,9.0,19.0,42.0,27.0,77,260,148.0,,,,No,68548437.0
444,Rajasthan,Chittorgarh,"PHED Pump House, Segawa",4.0,14.0,7.0,13.0,38.0,25.0,85,291,182.0,,,,No,68548437.0
445,Rajasthan,Jaipur,Ajmeri Gate,4.0,12.0,7.0,13.0,59.0,27.0,85,250,157.0,,,,Yes,68548437.0
446,Rajasthan,Jaipur,"RJPB Office,Jhalana Doongari",4.0,12.0,7.0,13.0,59.0,27.0,55,466,190.0,,,,Yes,68548437.0
447,Rajasthan,Jaipur,"District Education Officer, Chandpole",4.0,11.0,7.0,12.0,37.0,25.0,59,393,175.0,,,,Yes,68548437.0
448,Rajasthan,Jaipur,"RIICO Office, M.I.A.",4.0,13.0,7.0,12.0,44.0,20.0,41,395,156.0,,,,Yes,68548437.0
449,Rajasthan,Jaipur,"RSPCB, Vidyadhar Nagar",4.0,16.0,7.0,11.0,49.0,25.0,66,473,203.0,,,,Yes,68548437.0
450,Rajasthan,Jaipur,VKIA,5.0,17.0,9.0,13.0,57.0,26.0,82,322,183.0,,,,Yes,68548437.0
451,Rajasthan,Jaipur,"22,Godam, RIICO Office",4.0,17.0,6.0,11.0,29.0,20.0,77,369,179.0,,,,Yes,68548437.0
452,Rajasthan,Jaipur,Mansarovar Nagar Niigam,4.0,10.0,6.0,11.0,32.0,19.0,29,246,130.0,,,,Yes,68548437.0
453,Rajasthan,Jaipur,RIICO Office Sitapura Industrial Area,5.0,13.0,7.0,13.0,47.0,24.0,31,205,110.0,,,,Yes,68548437.0
454,Rajasthan,Jodhpur,"DIC Office, Industrial Estate",2.0,11.0,5.0,5.0,62.0,26.0,19,172,87.0,,,,No,68548437.0
455,Rajasthan,Jodhpur,Sojati Gate,2.0,11.0,6.0,5.0,60.0,28.0,57,308,145.0,,,,No,68548437.0
456,Rajasthan,Jodhpur,"Basni Industrial Area, RIICO Office",2.0,16.0,5.0,5.0,66.0,25.0,57,308,145.0,,,,No,68548437.0
457,Rajasthan,Jodhpur,Maha Mandir Police Thane,2.0,12.0,5.0,5.0,66.0,26.0,56,290,136.0,,,,No,68548437.0
458,Rajasthan,Jodhpur,"Office of Housing Board, Chopasani Road",2.0,10.0,5.0,5.0,61.0,25.0,40,188,92.0,,,,No,68548437.0
459,Rajasthan,Jodhpur,Shastri Nagar Police Thana,2.0,11.0,5.0,5.0,64.0,25.0,62,289,151.0,,,,No,68548437.0
460,Rajasthan,Jodhpur,Kudi Mahila Thana,2.0,11.0,5.0,5.0,60.0,20.0,61,362,165.0,,,,No,68548437.0
461,Rajasthan,Jodhpur,Sangariya Police Choki,2.0,15.0,6.0,5.0,60.0,20.0,23,226,118.0,,,,No,68548437.0
462,Rajasthan,Jodhpur,SoorsagarThana,2.0,10.0,4.0,5.0,57.0,19.0,53,257,107.0,,,,No,68548437.0
463,Rajasthan,Kota,"Regional Office, RJPB, Anantpura",5.0,8.0,6.0,21.0,29.0,24.0,92,195,131.0,,,,No,68548437.0
464,Rajasthan,Kota,Municipal Corporation Building,5.0,14.0,6.0,20.0,30.0,25.0,28,478,150.0,,,,No,68548437.0
465,Rajasthan,Kota,Samcore Glass Ltd.,6.0,9.0,6.0,20.0,27.0,23.0,44,481,178.0,,,,No,68548437.0
466,Rajasthan,Kota,FireStation Nagar Nigam Shrinathpuram,5.0,14.0,6.0,21.0,34.0,24.0,23,290,142.0,,,,No,68548437.0
467,Rajasthan,Udaipur,Ambamata,4.0,8.0,5.0,19.0,30.0,23.0,32,370,146.0,,,,No,68548437.0
468,Rajasthan,Udaipur,Town Hall,5.0,15.0,9.0,7.0,53.0,13.0,34,457,154.0,,,,No,68548437.0
469,Rajasthan,Udaipur,"Regional Office,MIA",5.0,15.0,10.0,9.0,57.0,18.0,26,239,131.0,,,,No,68548437.0
470,Sikkim,Chungthang,Chungthang,3.0,9.0,5.0,6.0,56.0,19.0,35,571,200.0,,,,No,610577.0
471,Sikkim,Gangtok,"White Hall Complex, Tasi view point",3.0,14.0,6.0,5.0,5.0,5.0,54,535,211.0,,,,No,610577.0
472,Sikkim,Mangan,Mangan Police Station,2.0,7.0,4.0,5.0,17.0,9.0,32,463,131.0,,,,No,610577.0
473,Sikkim,Namchi,Namchi,3.0,9.0,5.0,5.0,8.0,6.0,50,265,139.0,,,,No,610577.0
474,Sikkim,Pelling,The Pelling Girls Hostel,3.0,6.0,4.0,5.0,7.0,5.0,38,221,111.0,,,,No,610577.0
475,Sikkim,Rangpo,Rangpo Fire Station,3.0,14.0,7.0,5.0,7.0,5.0,41,262,103.0,,,,No,610577.0
476,Sikkim,Ravangla,Ravangla Range Office,3.0,6.0,4.0,5.0,14.0,8.0,28,163,84.0,,,,No,610577.0
477,Sikkim,Singtam,Police Station Building,2.0,9.0,6.0,5.0,7.0,5.0,27,197,85.0,,,,No,610577.0
478,Tamilnadu,Chennai,"Govt. High School, Manali",6.0,18.0,14.0,5.0,11.0,7.0,59,219,139.0,,,,Yes,72147030.0
479,Tamilnadu,Chennai,Kathivakkam,6.0,17.0,13.0,10.0,21.0,16.0,76,210,141.0,,,,Yes,72147030.0
480,Tamilnadu,Chennai,Thiruvottiyur,7.0,18.0,13.0,7.0,20.0,16.0,70,225,138.0,,,,Yes,72147030.0
481,Tamilnadu,Chennai,Adiyar,6.0,14.0,8.0,9.0,19.0,15.0,9,25,18.0,,,,Yes,72147030.0
482,Tamilnadu,Chennai,Kilpauk,6.0,14.0,9.0,9.0,25.0,17.0,19,80,43.0,,,,Yes,72147030.0
483,Tamilnadu,Chennai,Thiyagaraya Nagar,7.0,13.0,10.0,9.0,27.0,18.0,8,57,29.0,,,,Yes,72147030.0
484,Tamilnadu,Chennai,Nunbakgum,6.0,13.0,9.0,12.0,55.0,20.0,8,46,28.0,,,,Yes,72147030.0
485,Tamilnadu,Chennai,Anna Nagar,6.0,13.0,10.0,12.0,25.0,18.0,8,38,20.0,,,,Yes,72147030.0
486,Tamilnadu,Coimbatore,"Poniarajapuram, On the top of DEL",5.0,9.0,6.0,9.0,27.0,19.0,21,85,53.0,,,,Yes,72147030.0
487,Tamilnadu,Coimbatore,G.D.Matric Hr.Sec.School,5.0,12.0,6.0,13.0,21.0,17.0,10,37,22.0,,,,Yes,72147030.0
488,Tamilnadu,Coimbatore,"SIDCO Office, Coimbatore/ Kurichi",4.0,13.0,8.0,13.0,24.0,17.0,26,56,41.0,,,,Yes,72147030.0
489,Tamilnadu,Cuddalore,Eachangadu Village,7.0,16.0,13.0,14.0,23.0,19.0,28,82,54.0,,,,No,72147030.0
490,Tamilnadu,Cuddalore,SIPCOT (Project Office),5.0,17.0,11.0,10.0,20.0,17.0,23,85,50.0,,,,No,72147030.0
491,Tamilnadu,Cuddalore,"DEE Office, Cuddalore",10.0,25.0,16.0,9.0,22.0,17.0,25,88,50.0,,,,No,72147030.0
492,Tamilnadu,Madurai,Highway (Project -I) Building,7.0,15.0,11.0,11.0,51.0,22.0,24,79,45.0,,,,No,72147030.0
493,Tamilnadu,Madurai,Fenner (I) Ltd. Kochadai,7.0,19.0,13.0,10.0,21.0,15.0,26,78,46.0,,,,No,72147030.0
494,Tamilnadu,Madurai,Kunnathur Chatram Avvai Girls HS School,6.0,16.0,12.0,11.0,23.0,18.0,29,93,58.0,,,,No,72147030.0
495,Tamilnadu,Mettur,Raman Nagar,5.0,10.0,7.0,9.0,21.0,16.0,28,83,48.0,,,,No,72147030.0
496,Tamilnadu,Mettur,SIDCO,4.0,13.0,7.0,16.0,27.0,21.0,26,96,54.0,,,,No,72147030.0
497,Tamilnadu,Salem,Sowdeswari College Building,4.0,23.0,7.0,11.0,74.0,23.0,17,103,45.0,,,,No,72147030.0
498,Tamilnadu,Trichy,Gandhi Market,5.0,18.0,11.0,9.0,47.0,21.0,18,168,59.0,,,,No,72147030.0
499,Tamilnadu,Trichy,Main Guard Gate,6.0,19.0,14.0,11.0,23.0,16.0,18,113,51.0,,,,No,72147030.0
500,Tamilnadu,Trichy,Bishop Heber College,5.0,14.0,10.0,11.0,40.0,18.0,34,60,51.0,,,,No,72147030.0
501,Tamilnadu,Trichy,Golden Rock,5.0,14.0,10.0,8.0,37.0,15.0,33,66,48.0,,,,No,72147030.0
502,Tamilnadu,Trichy,Central Bus Stand,8.0,18.0,14.0,8.0,37.0,15.0,36,90,61.0,,,,No,72147030.0
503,Tamilnadu,Tuticorin,"Fisheries College, Tuticorin Sipcot",3.0,24.0,6.0,12.0,23.0,18.0,29,80,54.0,,,,No,72147030.0
504,Tamilnadu,Tuticorin,Raja Agencies,3.0,12.0,7.0,5.0,12.0,8.0,29,71,60.0,,,,No,72147030.0
505,Tamilnadu,Tuticorin,AVM Jewellery Building,3.0,10.0,6.0,6.0,14.0,10.0,16,76,57.0,,,,No,72147030.0
506,Telangana,Adilabad,"Building of SCCL Manadamarri Club Mandamarri,
Mancherial",2.0,6.0,5.0,5.0,12.0,9.0,24,75,35.0,,,,No,35193978.0
507,Telangana,Hyderabad,Balanagar,2.0,9.0,5.0,14.0,28.0,24.0,18,60,40.0,,,,Yes,35193978.0
508,Telangana,Hyderabad,"Uppal, Modern Foods & Industries IDA",2.0,8.0,5.0,18.0,62.0,44.0,21,128,40.0,,,,Yes,35193978.0
509,Telangana,Hyderabad,Jublee Hills,2.0,9.0,4.0,22.0,63.0,42.0,12,60,36.0,,,,Yes,35193978.0
510,Telangana,Hyderabad,Paradise,2.0,8.0,4.0,15.0,60.0,37.0,23,87,54.0,,,,Yes,35193978.0
511,Telangana,Hyderabad,Charminar,2.0,8.0,4.0,23.0,68.0,43.0,12,71,35.0,,,,Yes,35193978.0
512,Telangana,Hyderabad,Zoo Park,2.0,29.0,4.0,15.0,59.0,36.0,12,71,35.0,,,,Yes,35193978.0
513,Telangana,Hyderabad,"Jeedimetla Industrial Estate, Rangareddy Distt.",2.0,10.0,5.0,23.0,97.0,49.0,10,78,45.0,,,,Yes,35193978.0
514,Telangana,Karimnagar,"On the terrace of the DIC building, Karimnagar",6.0,11.0,7.0,16.0,70.0,45.0,30,106,73.0,,,,No,35193978.0
515,Telangana,Khammam,CER Club Khamam,6.0,10.0,7.0,27.0,74.0,49.0,42,124,73.0,,,,No,35193978.0
516,Telangana,Khammam,Jalasoudha building,6.0,10.0,7.0,17.0,70.0,45.0,42,124,73.0,,,,No,35193978.0
517,Telangana,Kothur,Mehaboobnagar,6.0,11.0,8.0,21.0,59.0,42.0,50,90,74.0,,,,No,35193978.0
518,Telangana,Nalgonda,AP PCB Nalgonda,2.0,7.0,5.0,33.0,74.0,54.0,14,250,110.0,,,,No,35193978.0
519,Telangana,Nalgonda,"M/s. Srini Pharmaceuticals pvt. Ltd.Choutuppal (V
& M)",2.0,7.0,5.0,14.0,29.0,24.0,17,212,96.0,,,,No,35193978.0
520,Telangana,Nizamabad,"subashnagar,nizamabad dist",5.0,7.0,5.0,14.0,29.0,24.0,34,164,83.0,,,,No,35193978.0
521,Telangana,Patencheru,"Police Station, Medak, Ramachadrapuram",2.0,7.0,5.0,21.0,28.0,25.0,25,181,85.0,,,,No,35193978.0
522,Telangana,Ramagundam,"Godavarikhani, Ramagundam, Karimnagar",4.0,13.0,7.0,14.0,28.0,24.0,33,196,93.0,,,,No,35193978.0
523,Telangana,Sangareddy,Pashamylaram/Municipal Office,2.0,19.0,6.0,27.0,70.0,47.0,11,215,103.0,,,,No,35193978.0
524,Telangana,Sangareddy,Regional office Building of SANGAREDDY,2.0,7.0,5.0,13.0,94.0,52.0,38,207,114.0,,,,No,35193978.0
525,Telangana,Sangareddy,"M/s. Mylan Industries, Gaddapothara",2.0,7.0,5.0,14.0,28.0,24.0,31,200,109.0,,,,No,35193978.0
526,Telangana,Warangal,"KUDA Office, Hanumakonda",4.0,12.0,7.0,14.0,29.0,25.0,8,152,71.0,,,,No,35193978.0
527,Telangana,Warangal,"Mee-Seva Building ,Municipal Complex",4.0,11.0,7.0,23.0,71.0,42.0,16,139,65.0,,,,No,35193978.0
528,Tripura,Agartala,"SPCB, Pavivesh Bhawan, Pandit Nehru Complex,
Gorkhabasti, Kunjaban",2.0,14.0,8.0,24.0,72.0,43.0,27,321,118.0,,,,No,3673917.0
529,Tripura,Agartala,"Bordowali Bipani Bitan, Agartala MC, Bordowali,
Near Nagerjala",2.0,9.0,4.0,5.0,30.0,8.0,29,74,51.0,,,,No,3673917.0
530,Uttar Pradesh,Agra,"Regional Office, Bodla",3.0,6.0,4.0,5.0,16.0,8.0,32,92,58.0,,,,No,199812341.0
531,Uttar Pradesh,Agra,Nunhai,3.0,16.0,6.0,9.0,55.0,17.0,46,78,62.0,,,,No,199812341.0
532,Uttar Pradesh,Agra,Taj Mahal,2.0,35.0,4.0,13.0,59.0,26.0,47,130,80.0,,,,No,199812341.0
533,Uttar Pradesh,Agra,DIC Nunhai,2.0,29.0,4.0,5.0,70.0,17.0,14,169,79.0,,,,No,199812341.0
534,Uttar Pradesh,Agra,Etmad-uddaulah,2.0,16.0,4.0,5.0,68.0,27.0,9,253,86.0,,,,No,199812341.0
535,Uttar Pradesh,Agra,Rambagh,2.0,14.0,3.0,6.0,62.0,24.0,38,98,65.0,,,,No,199812341.0
536,Uttar Pradesh,Anpara,"Anpara Colony, Sonabhadra",10.0,20.0,16.0,5.0,52.0,20.0,51,131,80.0,,,,No,199812341.0
537,Uttar Pradesh,Anpara,"Renusagar Colony, Sonabhadra",12.0,19.0,16.0,6.0,66.0,22.0,12,99,58.0,,,,No,199812341.0
538,Uttar Pradesh,Baghpat,"Sarvodaya Hospital, Tatiri Merrut, Baghpat Road",4.0,13.0,10.0,7.0,64.0,21.0,15,189,70.0,,,,No,199812341.0
539,Uttar Pradesh,Baghpat,"Weavetex Overseas Hostel, Khekra, Baghpat",5.0,14.0,10.0,32.0,75.0,48.0,10,264,67.0,,,,No,199812341.0
540,Uttar Pradesh,Bareily,IVRI Izatnaga,14.0,45.0,23.0,21.0,65.0,41.0,75,211,124.0,,,,No,199812341.0
541,Uttar Pradesh,Bareily,"Indian oetrol pump, Civil Line",18.0,62.0,33.0,28.0,74.0,46.0,40,534,152.0,,,,No,199812341.0
542,Uttar Pradesh,Firozabad,Center for Development of Glass Industry,5.0,12.0,8.0,19.0,37.0,26.0,57,489,194.0,,,,No,199812341.0
543,Uttar Pradesh,Firozabad,Tilak Nagar,5.0,12.0,7.0,19.0,29.0,26.0,11,576,163.0,,,,No,199812341.0
544,Uttar Pradesh,Firozabad,Raza ka Tal,5.0,12.0,8.0,10.0,41.0,26.0,42,662,211.0,,,,No,199812341.0
545,Uttar Pradesh,Gajraula,"Raunaq Auto Ltd, J.P. Nagar",9.0,29.0,18.0,11.0,40.0,26.0,25,522,175.0,,,,No,199812341.0
546,Uttar Pradesh,Gajraula,"Indira Chowk, J.P. Nagar",6.0,38.0,17.0,20.0,34.0,28.0,21,399,149.0,,,,No,199812341.0
547,Uttar Pradesh,Ghaziabad,"Atlas Cycles Industries, Sahibabad Ind. area",5.0,28.0,11.0,24.0,70.0,46.0,104,453,211.0,,,,Yes,199812341.0
548,Uttar Pradesh,Ghaziabad,Bulandshaar Road Industrial Area,4.0,65.0,11.0,19.0,40.0,28.0,72,385,176.0,,,,Yes,199812341.0
549,Uttar Pradesh,Ghaziabad,"Khora Colony, Ghaziabad",6.0,16.0,10.0,19.0,39.0,28.0,81,316,188.0,,,,Yes,199812341.0
550,Uttar Pradesh,Ghaziabad,"Vinoba Bhave Park, Lohia Nagar, Ghaziabad",6.0,15.0,9.0,19.0,40.0,28.0,63,227,139.0,,,,Yes,199812341.0
551,Uttar Pradesh,Gorakpur,"M. M.M. Engineering College, Gorakhpur",2.0,22.0,3.0,14.0,47.0,27.0,73,282,185.0,,,,No,199812341.0
552,Uttar Pradesh,Gorakpur,"India Glycol Ltd. Gida, Gorakhpur",2.0,43.0,19.0,12.0,50.0,26.0,48,229,151.0,,,,No,199812341.0
553,Uttar Pradesh,Gorakpur,"Jalkal, Muncipal Corporation, Golghar",2.0,42.0,7.0,12.0,83.0,39.0,51,221,142.0,,,,No,199812341.0
554,Uttar Pradesh,Greater Noida,"Holland Tractor, Greater Noida",5.0,16.0,10.0,11.0,81.0,35.0,52,696,196.0,,,,No,199812341.0
555,Uttar Pradesh,Greater Noida,"Honda Power, Greater Noida",5.0,16.0,10.0,15.0,73.0,31.0,52,673,188.0,,,,No,199812341.0
556,Uttar Pradesh,Hapur,"Srinagar Colony, Railway Road, Hapur",4.0,136.0,22.0,16.0,72.0,31.0,38,435,133.0,,,,No,199812341.0
557,Uttar Pradesh,Hapur,"Jindal Pipes Ltd, Hapur",4.0,34.0,14.0,5.0,32.0,7.0,43,598,218.0,,,,No,199812341.0
558,Uttar Pradesh,Jhansi,Manik Chawk / Jal chauraha,3.0,19.0,6.0,5.0,56.0,31.0,59,374,183.0,,,,No,199812341.0
559,Uttar Pradesh,Jhansi,Veeranga Nagar,2.0,15.0,5.0,5.0,50.0,15.0,49,366,182.0,,,,No,199812341.0
560,Uttar Pradesh,Kanpur,"Forest & Training Centre, Kidwai Nagar",7.0,48.0,12.0,11.0,72.0,32.0,51,338,176.0,,,,Yes,199812341.0
561,Uttar Pradesh,Kanpur,"Chamber Of Commerce Darshanpurwa / Deputy
ka Parao",7.0,49.0,10.0,11.0,72.0,31.0,41,439,161.0,,,,Yes,199812341.0
562,Uttar Pradesh,Kanpur,"Associated Chem Pvt Ltd, Fazalganj, Panki, Site-5",8.0,43.0,12.0,13.0,34.0,23.0,42,459,169.0,,,,Yes,199812341.0
563,Uttar Pradesh,Kanpur,"Head Post Office, Govind Nagar / Dabauli /
Shastri NGR",7.0,34.0,11.0,13.0,44.0,24.0,35,489,201.0,,,,Yes,199812341.0
564,Uttar Pradesh,Kanpur,Jajmau / Awas Vikas,6.0,22.0,9.0,7.0,32.0,17.0,55,596,217.0,,,,Yes,199812341.0
565,Uttar Pradesh,Kanpur,"Dada Nagar, Kanpur",2.0,9.0,4.0,6.0,29.0,15.0,60,664,199.0,,,,Yes,199812341.0
566,Uttar Pradesh,Khurja,Central Glass & Ceramic Research Institute,9.0,32.0,20.0,34.0,110.0,60.0,56,614,195.0,,,,No,199812341.0
567,Uttar Pradesh,Lucknow,Mahanagar,6.0,11.0,8.0,38.0,157.0,60.0,13,314,111.0,,,,Yes,199812341.0
568,Uttar Pradesh,Lucknow,"Chandganj Garden, Aliganj",3.0,10.0,7.0,39.0,116.0,64.0,63,365,253.0,,,,Yes,199812341.0
569,Uttar Pradesh,Lucknow,"Kapoor Hotel, Hazratganj",5.0,10.0,8.0,38.0,127.0,62.0,43,338,178.0,,,,Yes,199812341.0
570,Uttar Pradesh,Lucknow,Talkatora,5.0,11.0,8.0,35.0,110.0,50.0,61,649,224.0,,,,Yes,199812341.0
571,Uttar Pradesh,Lucknow,Aminabad / S.M.K Chowk,6.0,16.0,8.0,5.0,16.0,10.0,57,686,209.0,,,,Yes,199812341.0
572,Uttar Pradesh,Lucknow,Nagar Nigam,5.0,15.0,8.0,5.0,30.0,12.0,33,554,229.0,,,,Yes,199812341.0
573,Uttar Pradesh,Lucknow,"Ansal Technical Institute Campus, Ansal API",3.0,13.0,7.0,13.0,47.0,33.0,49,538,225.0,,,,Yes,199812341.0
574,Uttar Pradesh,Lucknow,Vikas Khand,2.0,5.0,2.0,14.0,60.0,32.0,29,301,104.0,,,,Yes,199812341.0
575,Uttar Pradesh,Mathura,"RO. UPPCB, 65 Baldevpuri, Maholi Road",7.0,14.0,10.0,23.0,47.0,31.0,27,251,90.0,,,,No,199812341.0
576,Uttar Pradesh,Mathura,"CETP, Industrial Area, Mathura",7.0,15.0,12.0,21.0,45.0,32.0,125,453,241.0,,,,No,199812341.0
577,Uttar Pradesh,Moradabad,"Hindu College, Station Road",8.0,48.0,26.0,24.0,49.0,33.0,126,549,211.0,,,,No,199812341.0
578,Uttar Pradesh,Moradabad,"Central Police Hospital, Civil Lines",8.0,42.0,18.0,22.0,54.0,34.0,126,460,233.0,,,,No,199812341.0
579,Uttar Pradesh,Muzaffarnagar,"Sahara Parivar Office, Kamal Cinema, Building,
Railway Station Road",9.0,25.0,14.0,23.0,49.0,32.0,130,406,225.0,,,,No,199812341.0
580,Uttar Pradesh,Muzaffarnagar,"Lekhpal Bhawan, Tehsil Sadar Campus",10.0,27.0,15.0,22.0,45.0,31.0,101,422,177.0,,,,No,199812341.0
581,Uttar Pradesh,Noida,"UP PPCB, E-12/1, Sector - 1",5.0,25.0,11.0,22.0,42.0,30.0,11,440,92.0,,,,No,199812341.0
582,Uttar Pradesh,Noida,Gee-Pee Electroplating and Eng. Work,5.0,28.0,12.0,27.0,80.0,52.0,12,323,75.0,,,,No,199812341.0
583,Uttar Pradesh,Noida,"Subros, Noida",5.0,16.0,10.0,17.0,30.0,23.0,49,609,279.0,,,,No,199812341.0
584,Uttar Pradesh,Noida,"Golf Course, Noida",6.0,16.0,9.0,18.0,33.0,26.0,46,395,199.0,,,,No,199812341.0
585,Uttar Pradesh,Raebareli,"Town Hall Colony, Ahmad Nagar, Gulab Road",3.0,10.0,6.0,12.0,75.0,39.0,26,381,192.0,,,,No,199812341.0
586,Uttar Pradesh,Raebareli,Khoya mandi Tiraha Lucknow Road Raebareli,3.0,15.0,10.0,10.0,61.0,28.0,34,337,159.0,,,,No,199812341.0
587,Uttar Pradesh,Raebareli,Amawan Road Ind. Area Raebareli,3.0,10.0,7.0,13.0,34.0,21.0,68,423,203.0,,,,No,199812341.0
588,Uttar Pradesh,Saharanpur,"SRE-A, IIT Roorkee, Saharanpur Campus",4.0,21.0,13.0,13.0,32.0,22.0,73,477,229.0,,,,No,199812341.0
589,Uttar Pradesh,Saharanpur,"UPCL S.E. Office, Near Clock Tower",8.0,18.0,12.0,13.0,273.0,68.0,31,443,178.0,,,,No,199812341.0
590,Uttar Pradesh,Unnao,"H. No. 5, Krishna Nagar",6.0,9.0,8.0,16.0,251.0,71.0,21,457,158.0,,,,No,199812341.0
591,Uttar Pradesh,Unnao,"IIA Building, Industrial Area, Site 10",7.0,10.0,9.0,12.0,61.0,29.0,39,583,168.0,,,,No,199812341.0
592,Uttar Pradesh,Varanasi,"Regional Office, Jawahar Nagar",5.0,10.0,7.0,12.0,67.0,30.0,90,504,206.0,,,,No,199812341.0
593,Uttar Pradesh,Varanasi,Sigra,5.0,10.0,7.0,8.0,16.0,11.0,83,188,137.0,,,,No,199812341.0
594,Uttar Pradesh,Varanasi,Saket Nagar,4.0,11.0,6.0,9.0,21.0,16.0,88,197,154.0,,,,No,199812341.0
595,Uttar Pradesh,Varanasi,Banaras Hindu University,4.0,9.0,6.0,8.0,17.0,12.0,100,463,243.0,,,,No,199812341.0
596,Uttar Pradesh,Varanasi,Chandpur,5.0,12.0,8.0,8.0,31.0,23.0,66,406,190.0,,,,No,199812341.0
597,Uttarakhand,Dehradun,"Raipur Road, Near parag Diary",6.0,26.0,21.0,20.0,27.0,24.0,86,484,143.0,,,,No,10086292.0
598,Uttarakhand,Dehradun,"Clock Tower, PWD Guest House",7.0,27.0,22.0,23.0,28.0,25.0,91,486,147.0,,,,No,10086292.0
599,Uttarakhand,Dehradun,Himalaya Drug Co. Near ISBT,8.0,29.0,23.0,25.0,29.0,27.0,28,743,198.0,,,,No,10086292.0
600,Uttarakhand,Haldwani,Govt. Women Hospital,5.0,28.0,8.0,16.0,55.0,32.0,27,785,219.0,,,,No,10086292.0
601,Uttarakhand,Haridwar,"SIDCUL, Haridwar",3.0,17.0,10.0,13.0,51.0,32.0,56,589,202.0,,,,No,10086292.0
602,Uttarakhand,Kashipur,"BSNL Office, Kashipur",8.0,29.0,13.0,16.0,46.0,25.0,47,618,209.0,,,,No,10086292.0
603,Uttarakhand,Rishikesh,Nagar Palika Parishad,6.0,24.0,20.0,15.0,50.0,25.0,52,151,99.0,,,,No,10086292.0
604,Uttarakhand,Rudrapur,SIDCUL Office,8.0,22.0,13.0,20.0,66.0,36.0,65,168,115.0,,,,No,10086292.0
605,West Bengal,Alipurduar,Rabikanta High School,7.0,11.0,9.0,7.0,29.0,25.0,64,164,115.0,,,,No,91276115.0
606,West Bengal,Alipurduar,Jaigaon Police Station,7.0,12.0,9.0,8.0,30.0,27.0,65,439,197.0,,,,No,91276115.0
607,West Bengal,Alipurduar,Birpara Police Station,6.0,12.0,9.0,11.0,30.0,27.0,84,238,165.0,,,,No,91276115.0
608,West Bengal,Amtala,"P Roy Industrial Training Institute, Amtala",4.0,12.0,6.0,15.0,42.0,26.0,51,110,80.0,,,,No,91276115.0
609,West Bengal,Asansol,Asansol Municipal Corporation,6.0,17.0,13.0,8.0,22.0,15.0,86,179,153.0,,,,No,91276115.0
610,West Bengal,Asansol,"Kangsabati Spinning Mill, Barjora",9.0,17.0,14.0,12.0,49.0,19.0,73,300,146.0,,,,No,91276115.0
611,West Bengal,Asansol,"Burnpur Town Department, Burnpur",7.0,17.0,14.0,7.0,29.0,25.0,64,303,149.0,,,,No,91276115.0
612,West Bengal,Baharampur,Baharampur Municipality,2.0,7.0,2.0,13.0,29.0,19.0,55,296,120.0,,,,No,91276115.0
613,West Bengal,Balurghat,Balurghar College,6.0,13.0,9.0,23.0,41.0,36.0,57,270,129.0,,,,No,91276115.0
614,West Bengal,Bankura,Bankura Municipility,2.0,6.0,2.0,28.0,45.0,36.0,60,355,182.0,,,,No,91276115.0
615,West Bengal,Barasat,"Barasat Municipility, 73 Rishi Bankim Chandra
Road",2.0,8.0,4.0,26.0,47.0,36.0,73,177,122.0,,,,No,91276115.0
616,West Bengal,Bardhaman,"Bardhaman Town, Rajbati",2.0,6.0,2.0,39.0,59.0,49.0,66,206,142.0,,,,No,91276115.0
617,West Bengal,Barrackpore,Barrackpore Municiaplity,2.0,9.0,4.0,23.0,48.0,32.0,67,246,150.0,,,,No,91276115.0
618,West Bengal,Barrackpore,Dum Dum Telephone Exchange,2.0,8.0,3.0,24.0,48.0,32.0,66,214,112.0,,,,No,91276115.0
619,West Bengal,Barrackpore,Khardah Municipality,2.0,9.0,4.0,23.0,48.0,32.0,32,158,106.0,,,,No,91276115.0
620,West Bengal,Baruipur,"Bauipur Police Station, Baruipur",4.0,18.0,9.0,10.0,26.0,17.0,75,216,121.0,,,,No,91276115.0
621,West Bengal,Bolpur,Bolpur Municipility,2.0,4.0,2.0,30.0,42.0,36.0,54,159,112.0,,,,No,91276115.0
622,West Bengal,Chinsura,"Chinsura Municipility, Pipulpati Auto Stand",2.0,8.0,3.0,10.0,28.0,16.0,77,223,122.0,,,,No,91276115.0
623,West Bengal,Coochbehar,ABM Seal College,7.0,12.0,9.0,10.0,31.0,20.0,40,139,85.0,,,,No,91276115.0
624,West Bengal,Coochbehar,"Uttarbanga Krishi Visvavidyalaya, Pundibari",6.0,12.0,9.0,11.0,26.0,16.0,36,135,83.0,,,,No,91276115.0
625,West Bengal,Dankuni,"Krishnanagar Municipility, Dankuni",2.0,8.0,3.0,9.0,30.0,20.0,41,179,87.0,,,,No,91276115.0
626,West Bengal,Darjeeling,Bose Institute Campus,5.0,12.0,8.0,10.0,30.0,18.0,39,164,79.0,,,,No,91276115.0
627,West Bengal,Durgapur,"DMC Water Works, Angadpur",4.0,16.0,13.0,10.0,31.0,19.0,66,198,111.0,,,,No,91276115.0
628,West Bengal,Durgapur,"Kwality Hotel, Bhiringi More, Benachiti",6.0,17.0,13.0,45.0,70.0,55.0,78,204,116.0,,,,No,91276115.0
629,West Bengal,Durgapur,"Bidhannagar, PCBL Club, Muchipara",2.0,14.0,8.0,10.0,25.0,15.0,72,195,115.0,,,,No,91276115.0
630,West Bengal,Durgapur,"Dew India Limited, PCBL More, Durgapur",2.0,16.0,13.0,9.0,28.0,18.0,40,122,72.0,,,,No,91276115.0
631,West Bengal,Ghatal,"Annapurna Hotel, Ghatal-Panskura Bus Stand",7.0,22.0,12.0,24.0,41.0,36.0,38,177,98.0,,,,No,91276115.0
632,West Bengal,Haldia,"Debhog Milan Viyapith, Bhabanipur",7.0,33.0,11.0,28.0,43.0,36.0,49,104,78.0,,,,No,91276115.0
633,West Bengal,Haldia,"Bhunia Raichak, Driver's Hut, Bhunia",7.0,26.0,12.0,9.0,29.0,17.0,42,123,79.0,,,,No,91276115.0
634,West Bengal,Haldia,"Supermarket Building, Durgachak",7.0,29.0,13.0,29.0,41.0,34.0,56,108,79.0,,,,No,91276115.0
635,West Bengal,Haldia,WBIIDC Ruchi Soya Ind. Durgachak,7.0,27.0,12.0,16.0,48.0,32.0,44,129,83.0,,,,No,91276115.0
636,West Bengal,Howrah,Howrah Municipal Corporation,8.0,38.0,13.0,23.0,47.0,32.0,46,123,75.0,,,,No,91276115.0
637,West Bengal,Howrah,"Naskarpara Pump House, Ghuseri",7.0,41.0,15.0,11.0,35.0,24.0,48,124,78.0,,,,No,91276115.0
638,West Bengal,Howrah,"CDS & Health Centre, Bator",7.0,42.0,13.0,14.0,48.0,31.0,47,280,124.0,,,,No,91276115.0
639,West Bengal,Howrah,"Howrah Municipality School, Bandhaghat",7.0,44.0,14.0,26.0,47.0,38.0,51,102,74.0,,,,No,91276115.0
640,West Bengal,Jalpaiguri,Raninagar Jalpaigur,7.0,11.0,8.0,26.0,55.0,38.0,47,128,74.0,,,,No,91276115.0
641,West Bengal,Jhargram,Jhargram,7.0,23.0,12.0,31.0,48.0,38.0,35,149,89.0,,,,No,91276115.0
642,West Bengal,Kalimpong,Kalimpong Municipality,7.0,11.0,8.0,21.0,70.0,38.0,38,149,88.0,,,,No,91276115.0
643,West Bengal,Kalyani,"College of Medicine & JNM Hospital, Kalyani
Industrial Area",2.0,8.0,3.0,22.0,57.0,38.0,48,124,73.0,,,,No,91276115.0
644,West Bengal,Kharagpur,"AMD Building, TATA Bearing",7.0,29.0,14.0,24.0,91.0,43.0,38,86,57.0,,,,No,91276115.0
645,West Bengal,Kolkata,"Salt Lake, Rooftop of CK Market",4.0,13.0,6.0,25.0,96.0,45.0,63,182,111.0,,,,Yes,91276115.0
646,West Bengal,Kolkata,"KMC office Building, Moulali",4.0,15.0,8.0,31.0,90.0,44.0,67,184,110.0,,,,Yes,91276115.0
647,West Bengal,Kolkata,"Minto Park, Inside Park AJC Bose Road",4.0,14.0,8.0,26.0,99.0,42.0,47,146,100.0,,,,Yes,91276115.0
648,West Bengal,Kolkata,"Dunlop Bridge, National Sample Survey",4.0,19.0,9.0,29.0,41.0,36.0,61,182,107.0,,,,Yes,91276115.0
649,West Bengal,Kolkata,"Behala Chowrasta, Traffic Guard Building",4.0,10.0,7.0,23.0,66.0,39.0,35,192,93.0,,,,Yes,91276115.0
650,West Bengal,Kolkata,"Upanagari Sporting Club, Baishnabghata",4.0,18.0,8.0,29.0,42.0,35.0,26,185,87.0,,,,Yes,91276115.0
651,West Bengal,Kolkata,RD CPCB,2.0,35.0,5.0,10.0,30.0,17.0,40,171,88.0,,,,Yes,91276115.0
652,West Bengal,Kolkata,"Infectious Diseases & BG Hospital, Beliaghata",4.0,19.0,7.0,33.0,64.0,41.0,37,169,87.0,,,,Yes,91276115.0
653,West Bengal,Kolkata,"CESC Building, Mandeville Gardens, Gariahat",4.0,10.0,5.0,36.0,62.0,47.0,36,157,84.0,,,,Yes,91276115.0
654,West Bengal,Kolkata,"Administrative Building, Hyde Road",4.0,16.0,10.0,42.0,67.0,52.0,38,332,124.0,,,,Yes,91276115.0
655,West Bengal,Kolkata,"KMC Drainage, Pumping Station, 9 Mominpur
Road, Mominpur",4.0,10.0,5.0,43.0,65.0,51.0,38,364,123.0,,,,Yes,91276115.0
656,West Bengal,Kolkata,Paribesh Bhawan,2.0,13.0,5.0,41.0,68.0,54.0,42,320,125.0,,,,Yes,91276115.0
657,West Bengal,Kolkata,"Milan Tirtha Club, Picnic Garden",4.0,16.0,8.0,41.0,63.0,50.0,38,383,127.0,,,,Yes,91276115.0
658,West Bengal,Kolkata,"Public Health Engineering Office Building,
Rajarhar",4.0,16.0,7.0,35.0,66.0,52.0,39,144,84.0,,,,Yes,91276115.0
659,West Bengal,Kolkata,"Tennis Club Biulding, 45-46 Canal West Road,
Fariapukur, Shyambazar",4.0,14.0,8.0,6.0,141.0,37.0,38,157,84.0,,,,Yes,91276115.0
660,West Bengal,Kolkata,"Elite India Rubber Products Pvt.Ltd., Topsia",4.0,19.0,8.0,42.0,69.0,51.0,37,89,60.0,,,,Yes,91276115.0
661,West Bengal,Kolkata,"Maniktala Fire Station Building, 17, Bagmari Lane,
Ultadanga",4.0,18.0,8.0,30.0,58.0,46.0,45,134,75.0,,,,Yes,91276115.0
662,West Bengal,Kolkata,Tollygunge,4.0,11.0,5.0,46.0,69.0,56.0,41,249,117.0,,,,Yes,91276115.0
663,West Bengal,Krishnanagar,"Krishnanagar Municipility, TN Thakur Road",2.0,9.0,3.0,38.0,62.0,47.0,39,269,92.0,,,,No,91276115.0
664,West Bengal,Madhyamgram,Madhyamgram Municipality,2.0,11.0,4.0,27.0,68.0,48.0,42,239,113.0,,,,No,91276115.0
665,West Bengal,Malda,"WBPCB Office, Paribesh Bhaban, Vill. Abhirampur",7.0,13.0,9.0,35.0,70.0,56.0,37,227,102.0,,,,No,91276115.0
666,West Bengal,Medinipur,Vidyasagar University,7.0,23.0,12.0,35.0,64.0,51.0,44,347,133.0,,,,No,91276115.0
667,West Bengal,Purulia,Purulia Municipility,2.0,6.0,2.0,42.0,63.0,51.0,45,197,90.0,,,,No,91276115.0
668,West Bengal,Raigunj,Raigunj College,6.0,12.0,9.0,45.0,67.0,55.0,43,309,123.0,,,,No,91276115.0
669,West Bengal,Rampurhat,Rampurhat Municipility,2.0,5.0,2.0,43.0,68.0,54.0,14,330,100.0,,,,No,91276115.0
670,West Bengal,Ranaghat,"Ranaghat Municipility, 11 school lane",2.0,8.0,3.0,37.0,61.0,46.0,38,345,116.0,,,,No,91276115.0
671,West Bengal,Raniganj,Raniganj Municipality,2.0,17.0,13.0,10.0,31.0,17.0,36,92,61.0,,,,No,91276115.0
672,West Bengal,Raniganj,"Mangalpur, SKS School Mangalpur",8.0,17.0,13.0,9.0,37.0,19.0,55,285,128.0,,,,No,91276115.0
673,West Bengal,Raniganj,Jamuria Municipality,2.0,17.0,13.0,29.0,42.0,36.0,39,231,73.0,,,,No,91276115.0
674,West Bengal,Rishra,Rishra Municipility,2.0,8.0,3.0,24.0,48.0,38.0,34,269,85.0,,,,No,91276115.0
675,West Bengal,Sankrail,Bharat Co-op Housing Society,7.0,22.0,11.0,10.0,25.0,15.0,35,186,85.0,,,,No,91276115.0
676,West Bengal,Sankrail,"Bagan Police Station, Bagan",7.0,30.0,13.0,24.0,42.0,36.0,44,286,107.0,,,,No,91276115.0
677,West Bengal,Sankrail,Dhulagar Gram Pachayat,7.0,31.0,14.0,11.0,28.0,16.0,33,238,107.0,,,,No,91276115.0
678,West Bengal,Sankrail,"P Mukherjee's House, Near SBI Amta",7.0,28.0,12.0,10.0,30.0,17.0,42,341,104.0,,,,No,91276115.0
679,West Bengal,Siliguri,Siliguri,5.0,13.0,9.0,13.0,48.0,32.0,42,320,109.0,,,,No,91276115.0
680,West Bengal,Suri,Suri Municipility,2.0,5.0,2.0,24.0,48.0,32.0,30,142,73.0,,,,No,91276115.0
681,West Bengal,Tamluk,"HP Gas Service Station, Maniktala",6.0,36.0,12.0,13.0,49.0,32.0,46,129,72.0,,,,No,91276115.0
682,West Bengal,Tribeni,Tribeni Health Center,2.0,8.0,3.0,10.0,30.0,19.0,44,134,80.0,,,,No,91276115.0
683,West Bengal,Uluberia,"ESI hospital nursing building, 3rd floor, Near
Sahib Mandir",7.0,30.0,13.0,26.0,91.0,42.0,43,184,102.0,,,,No,91276115.0
684,,,,,,,27.0,93.0,44.0,39,165,89.0,,,,No,
685,,,,,,,27.0,86.0,44.0,53,103,75.0,,,,No,
686,,,,,,,25.0,93.0,43.0,38,160,89.0,,,,No,
687,,,,,,,27.0,42.0,36.0,59,104,80.0,,,,No,
688,,,,,,,11.0,25.0,16.0,47,125,74.0,,,,No,
689,,,,,,,30.0,48.0,38.0,56,200,115.0,,,,No,
690,,,,,,,10.0,32.0,17.0,68,197,113.0,,,,No,
691,,,,,,,20.0,84.0,44.0,54,205,115.0,,,,No,
692,,,,,,,,,,51,125,77.0,,,,No,
693,,,,,,,,,,42,162,91.0,,,,No,
694,,,,,,,,,,40,193,103.0,,,,No,
695,,,,,,,,,,43,223,111.0,,,,No,
696,,,,,,,,,,38,199,99.0,,,,No,
697,,,,,,,,,,38,198,94.0,,,,No,
698,,,,,,,,,,49,100,77.0,,,,No,
699,,,,,,,,,,41,264,110.0,,,,No,
700,,,,,,,,,,45,123,73.0,,,,No,
701,,,,,,,,,,42,165,99.0,,,,No,
